team,player,player_id,position,jersey_number
Manchester City,Ederson Santana de Moraes,3067,Goalkeeper,31
Manchester City,Kevin De Bruyne,3089,Right Center Midfield,17
Manchester City,Bernardo Mota Veiga de Carvalho e Silva,3193,Right Wing,20
Manchester City,Kyle Walker,3205,Right Back,2
Manchester City,Nathan Aké,3306,Left Center Back,6
Manchester City,Aymeric Laporte,4353,Left Center Back,14
Manchester City,Phil Foden,4354,Left Wing,47
Manchester City,Kalvin Phillips,4706,,4
Manchester City,Mateo Kovačić,5456,Right Center Midfield,8
Manchester City,Manuel Obafemi Akanji,5549,Right Center Back,25
Manchester City,Rodrigo Hernández Cascante,6765,Center Defensive Midfield,16
Manchester City,Stefan Ortega Moreno,9194,,18
Manchester City,Jack Grealish,9638,,10
Manchester City,Sergio Gómez Martín,22199,,21
Manchester City,Erling Håland,23616,Center Forward,9
Manchester City,Julián Álvarez,29560,Left Center Midfield,19
Manchester City,Joško Gvardiol,33018,Left Back,24
Manchester City,Cole Palmer,39461,Center Forward,80
Manchester City,Rico Lewis,48705,Left Back,82
Manchester City,James McAtee,49667,Right Back,87
Burnley,Nathan Redmond,3286,Left Wing,15
Burnley,Jack Frank Porteous Cork,3462,,4
Burnley,Johann Berg Guðmunds­son,3720,,7
Burnley,Connor Roberts,4774,Right Wing Back,14
Burnley,Josh Cullen,4837,Left Defensive Midfield,24
Burnley,Jacob Bruun Larsen,8961,Right Wing,34
Burnley,Joshua Brownhill,9607,Left Defensive Midfield,8
Burnley,Louis Jordan Beyer,12322,Left Center Back,5
Burnley,Arijanet Murić,16234,,49
Burnley,Sander Berge,16553,Right Defensive Midfield,16
Burnley,Dara Joseph O'Shea,18753,Center Back,2
Burnley,Manuel Benson Hedilazio,23897,Center Back,10
Burnley,Victor Alexander da Silva,24016,Left Wing Back,22
Burnley,Lyle Foster,29840,Left Wing,17
Burnley,Hjalmar Ekdal,41208,,18
Burnley,James Trafford,42298,Goalkeeper,1
Burnley,Mohamed Zeki Amdouni,48335,Center Forward,25
Burnley,Anass Zaroury,131037,Center Forward,19
Burnley,Ameen Al Dakhil,131049,Right Center Back,28
Burnley,Luca Koleosho,256682,Right Wing,30
Aston Villa,Youri Tielemans,2954,Left Midfield,8
Aston Villa,Tyrone Mings,3323,Left Center Back,5
Aston Villa,Diego Carlos Santos Silva,3366,Right Midfield,3
Aston Villa,Philippe Coutinho Correia,3501,Right Center Forward,23
Aston Villa,Calum Chambers,3713,,16
Aston Villa,Ezri Konsa Ngoyo,3822,Right Center Back,4
Aston Villa,Boubacar Kamara,4433,Right Defensive Midfield,44
Aston Villa,Matty Cash,4734,Right Back,2
Aston Villa,Ollie Watkins,4760,Left Center Forward,11
Aston Villa,Robin Olsen,5622,,25
Aston Villa,Douglas Luiz Soares de Paulo,6574,Left Defensive Midfield,6
Aston Villa,Lucas Digne,6849,Left Back,12
Aston Villa,Pau Francisco Torres,6892,Left Center Back,14
Aston Villa,Damián Emiliano Martínez,6909,Goalkeeper,1
Aston Villa,Leon Bailey Butler,8214,Right Midfield,31
Aston Villa,Moussa Diaby,8292,Right Center Forward,19
Aston Villa,John McGinn,9974,Left Midfield,7
Aston Villa,Cameron Archer,50563,,35
Aston Villa,Jaden Philogene-Bidace,94325,Right Wing Back,33
Aston Villa,Omari Kellyman,332163,,71
Newcastle United,Jamaal Lascelles,3081,,6
Newcastle United,Jacob Murphy,3273,Right Wing,23
Newcastle United,Kieran Trippier,3308,Right Back,2
Newcastle United,Nick Pope,3474,Goalkeeper,22
Newcastle United,Callum Wilson,3616,Center Forward,9
Newcastle United,Matt Targett,3651,,13
Newcastle United,Martin Dúbravka,3711,,1
Newcastle United,Dan Burn,3864,Left Back,33
Newcastle United,Sean Longstaff,4031,Center Defensive Midfield,36
Newcastle United,Harvey Lewis Barnes,4718,Left Wing,15
Newcastle United,Fabian Lukas Schär,5537,Right Center Back,5
Newcastle United,Alexander Isak,8819,Center Forward,14
Newcastle United,Miguel Ángel Almirón Rejala,12603,Right Wing,24
Newcastle United,Joelinton Cassio Apolinário de Lira,13291,Left Center Midfield,7
Newcastle United,Sven Botman,21551,Left Center Back,4
Newcastle United,Bruno Guimarães Rodriguez Moura,25142,Center Defensive Midfield,39
Newcastle United,Anthony Gordon,28104,Left Wing,10
Newcastle United,Sandro Tonali,30752,Right Center Midfield,8
Newcastle United,Valentino Livramento,39241,,21
Newcastle United,Elliot Anderson,49702,Right Center Midfield,32
Crystal Palace,James Tomkins,3316,Left Center Back,5
Crystal Palace,Joel Ward,3443,Right Back,2
Crystal Palace,Jordan Ayew,3450,Right Wing,9
Crystal Palace,Jeffrey Schlupp,3520,Left Wing,15
Crystal Palace,Jaïro Riedewald,3591,,44
Crystal Palace,Remi Matthews,4059,,31
Crystal Palace,Nathaniel Edwin Clyne,4590,,17
Crystal Palace,Jefferson Andrés Lerma Solís,5678,Left Defensive Midfield,8
Crystal Palace,Jean-Philippe Mateta,7403,,14
Crystal Palace,Joachim Andersen,8247,Right Center Back,16
Crystal Palace,Eberechi Eze,9000,Center Attacking Midfield,10
Crystal Palace,Sam Johnstone,9458,Goalkeeper,1
Crystal Palace,Odsonne Édouard,10544,Center Forward,22
Crystal Palace,Cheick Oumar Doucoure,13851,Right Defensive Midfield,28
Crystal Palace,Marc Guehi,34526,Left Center Back,6
Crystal Palace,Naouirou Ahamada,39413,,29
Crystal Palace,Chris Richards,41266,,26
Crystal Palace,Tyrick Mitchell,41437,Left Back,3
Crystal Palace,John-Kymani Gordon,42923,,37
Crystal Palace,Jesuran Rak-Sakyi,106904,,49
Sheffield United,Max Lowe,4226,Left Wing Back,3
Sheffield United,George Baldock,4571,Right Wing Back,2
Sheffield United,Chris Basham,4583,Right Defensive Midfield,6
Sheffield United,Adam Davies,4584,,1
Sheffield United,Ben Osborn,4732,Left Wing,23
Sheffield United,John Egan,4768,Center Back,12
Sheffield United,Jack Robinson,10485,Left Center Back,19
Sheffield United,Oliver James Norwood,11013,Left Defensive Midfield,16
Sheffield United,Auston Trusty,12359,,5
Sheffield United,Wesley Foderingham,21018,Goalkeeper,18
Sheffield United,Anel Ahmedhodžić,27652,Right Center Back,15
Sheffield United,Vinicius de Souza Costa,32587,Right Defensive Midfield,21
Sheffield United,Yasser Larouci,34793,Left Wing Back,27
Sheffield United,Anis Ben Slimane,35592,Left Center Back,25
Sheffield United,Antwoine Hackford,72161,Right Midfield,39
Sheffield United,Bénie Adama Traoré,107581,Right Wing,11
Sheffield United,Femi Seriki,119821,,38
Sheffield United,William Idamudia Daugaard Osula,121254,Center Forward,32
Sheffield United,Louie Marsh,140743,,34
Sheffield United,Andre Brooks,153124,Left Midfield,35
Fulham,Willian Borges da Silva,3472,Left Wing,20
Fulham,Kenny Tete,3798,Right Back,2
Fulham,Marek Rodák,4152,,1
Fulham,Aleksandar Mitrović,4269,Center Forward,9
Fulham,Issa Diop,4349,Right Center Back,31
Fulham,Antonee Robinson,4614,Left Back,33
Fulham,Raúl Alonso Jiménez Rodríguez,5568,Center Forward,7
Fulham,Saša Lukić,6687,Center Defensive Midfield,28
Fulham,Andreas Hoelgebaum Pereira,6846,Left Center Midfield,18
Fulham,Harry Wilson,9540,Right Wing,8
Fulham,Bobby Armani De Cordova-Reid,9923,Left Wing,14
Fulham,Tom Cairney,10284,Left Center Midfield,10
Fulham,Harrison Reed,11936,Right Center Midfield,6
Fulham,Carlos Vinícius Alves Morais,13639,,30
Fulham,Bernd Leno,15581,Goalkeeper,17
Fulham,Kevin Mbabu,16027,,27
Fulham,Tim Ream,18242,Left Center Back,13
Fulham,Jay Stansfield,34427,,65
Fulham,Calvin Bassey Ughelumba,43779,,3
Fulham,Matthew Dibley-Dias,165218,,49
Everton,Abdoulaye Doucouré,3292,Center Attacking Midfield,16
Everton,Idrissa Gana Gueye,3436,Right Defensive Midfield,27
Everton,Michael Keane,3438,Right Center Back,5
Everton,Jordan Pickford,3468,Goalkeeper,1
Everton,Ashley Young,3612,Left Back,18
Everton,James Tarkowski,3628,Left Center Back,6
Everton,Alex Iwobi,3647,Left Midfield,17
Everton,Ben Godfrey,4076,,22
Everton,Neal Maupay,4766,Center Forward,13
Everton,André Filipe Tavares Gomes,10802,,21
Everton,Arnaut Danjuma Groeneveld,16284,Center Forward,10
Everton,Vitalii Mykolenko,20827,,19
Everton,James Garner,23625,Right Midfield,37
Everton,João Manuel Neves Virginia,29378,,12
Everton,Jarrad Branthwaite,32762,,32
Everton,Nathan Patterson,37338,Right Back,2
Everton,Thomas Christopher Cannon,47259,,47
Everton,Amadou Onana,48347,Left Defensive Midfield,8
Everton,Tyler Onyango,48736,,62
Everton,Lewis Norman Dobbin,50505,Right Midfield,61
Luton Town,Tom Lockyer,3839,Center Back,4
Luton Town,Amari'i Bell,4128,Left Center Back,29
Luton Town,Carlton Morris,4220,Right Center Forward,9
Luton Town,Pelly Ruddock Mpanzu,9674,Left Center Midfield,17
Luton Town,Elijah Adebayo,9827,Left Center Forward,11
Luton Town,James Shea,11720,,1
Luton Town,Jacob Brown,12197,Left Center Forward,19
Luton Town,Allan Campbell,12517,,22
Luton Town,Chiedozie Ogbene,13306,Right Center Back,7
Luton Town,Marvelous Nakamba,18739,Center Defensive Midfield,13
Luton Town,Cauley Woodrow,21090,Right Midfield,10
Luton Town,Luke Berry,22175,Left Defensive Midfield,8
Luton Town,Tahith Chong,23636,Right Center Midfield,14
Luton Town,Thomas Kaminski,23741,Goalkeeper,24
Luton Town,Mads Juel Andersen,24332,Right Center Back,5
Luton Town,Ryan Giles,29397,Left Wing Back,26
Luton Town,John McAtee,30020,,21
Luton Town,Alfie Doughty,33074,Right Wing Back,45
Luton Town,Issa Kabore,35471,Right Wing Back,12
Luton Town,Aidan Francis,192767,,40
Brighton & Hove Albion,Solomon March,3074,Right Wing,7
Brighton & Hove Albion,Lewis Dunk,3088,Left Center Back,5
Brighton & Hove Albion,Pascal Groß,3097,Right Defensive Midfield,13
Brighton & Hove Albion,James Philip Milner,3473,Right Back,6
Brighton & Hove Albion,Daniel Nii Tackie Mensah Welbeck,3569,Center Forward,18
Brighton & Hove Albion,Joël Veltman,8067,Right Back,34
Brighton & Hove Albion,Mahmoud Dahoud,8238,Left Defensive Midfield,8
Brighton & Hove Albion,Igor Julio dos Santos de Paulo,9741,,3
Brighton & Hove Albion,Steven Alzate,9826,,17
Brighton & Hove Albion,Pervis Josué Estupiñán Tenorio,24085,Left Back,30
Brighton & Hove Albion,João Pedro Junqueira de Jesus,25299,Center Attacking Midfield,9
Brighton & Hove Albion,Jan Paul van Hecke,30691,Right Center Back,29
Brighton & Hove Albion,Billy Gilmour,31067,Left Defensive Midfield,11
Brighton & Hove Albion,Kaoru Mitoma,37211,Left Wing,22
Brighton & Hove Albion,Bart Verbruggen,37274,,1
Brighton & Hove Albion,Julio César Enciso Espínola,47112,Center Attacking Midfield,10
Brighton & Hove Albion,Jason Steele,47553,Goalkeeper,23
Brighton & Hove Albion,Evan Ferguson,51156,Center Forward,28
Brighton & Hove Albion,Simon Adingra,105392,Right Wing,24
Brighton & Hove Albion,Facundo Valentín Buonanotte,196954,,40
West Ham United,Gnaly Maxwell Cornet,3162,Center Attacking Midfield,17
West Ham United,Łukasz Fabiański,3262,,1
West Ham United,Michail Antonio,3349,Center Forward,9
West Ham United,Alphonse Areola,3379,Goalkeeper,23
West Ham United,Kurt Happy Zouma,3456,Right Center Back,4
West Ham United,Daniel William John Ings,3654,Center Forward,18
West Ham United,Angelo Obinze Ogbonna,3843,,21
West Ham United,Emerson Palmieri dos Santos,4355,Left Back,33
West Ham United,Tomáš Souček,4870,Right Defensive Midfield,28
West Ham United,Pablo Fornals Malla,6764,Center Attacking Midfield,8
West Ham United,Mohamed Saïd Benrahma,7212,Left Wing,22
West Ham United,Thilo Kehrer,8511,Left Defensive Midfield,24
West Ham United,Jarrod Bowen,9640,Right Wing,20
West Ham United,Nayef Aguerd,12149,Left Center Back,27
West Ham United,Vladimír Coufal,16570,Right Back,5
West Ham United,Lucas Tolentino Coelho de Lima,22600,Left Defensive Midfield,10
West Ham United,Benjamin Johnson,23626,,2
West Ham United,Conor Coventry,34188,,32
West Ham United,Joseph Anang,44682,,49
West Ham United,Divin Mubama,141121,,45
AFC Bournemouth,Philip Billing,3331,Right Defensive Midfield,29
AFC Bournemouth,Dominic Solanke,3614,Center Forward,9
AFC Bournemouth,Kieffer Roberto Francisco Moore,3853,Center Attacking Midfield,21
AFC Bournemouth,Joe Rothwell,4143,Left Defensive Midfield,8
AFC Bournemouth,David Brooks,4567,Right Wing,7
AFC Bournemouth,Chris Mepham,4767,Left Center Back,6
AFC Bournemouth,Norberto Murara Neto,6590,Goalkeeper,1
AFC Bournemouth,Justin Kluivert,8063,Left Wing,19
AFC Bournemouth,Antoine Semenyo,9286,Right Wing,24
AFC Bournemouth,Hamed Junior Traorè,12495,,22
AFC Bournemouth,Ryan Christie,12510,Center Attacking Midfield,10
AFC Bournemouth,Maximillian James Aarons,16689,Right Back,37
AFC Bournemouth,Ionuț Andrei Radu,18237,,20
AFC Bournemouth,James Hill,24867,Right Back,23
AFC Bournemouth,Marcos Senesi,27773,Left Center Back,25
AFC Bournemouth,Illia Zabarnyi,39136,Right Center Back,27
AFC Bournemouth,Gavin Kilkenny,44845,,26
AFC Bournemouth,Jaidon Anthony,48221,Left Wing,32
AFC Bournemouth,Milos Kerkez,89635,Left Back,3
AFC Bournemouth,Ben Greenwood,224550,,43
Nottingham Forest,Moussa Niakhate,3198,,19
Nottingham Forest,Serge Aurier,3481,Right Wing Back,24
Nottingham Forest,Chris Wood,3505,Center Back,11
Nottingham Forest,Cheikhou Kouyaté,3684,Left Defensive Midfield,8
Nottingham Forest,Ryan Yates,4239,Right Defensive Midfield,22
Nottingham Forest,Remo Freuler,6983,,23
Nottingham Forest,Orel Mangala,8950,Left Defensive Midfield,5
Nottingham Forest,Willy Boly,9933,Right Center Back,30
Nottingham Forest,Morgan Gibbs-White,9934,Left Wing,10
Nottingham Forest,Scott McKenna,10002,Left Center Back,26
Nottingham Forest,Temitayo Olufisayo Olaoluwa Aina,11492,Left Wing Back,43
Nottingham Forest,Matthew Charles Turner,12352,Goalkeeper,1
Nottingham Forest,Joe Worrall,16336,Center Back,4
Nottingham Forest,Lewis O'Brien,16405,,32
Nottingham Forest,Ethan Horvath,21201,,34
Nottingham Forest,Taiwo Michael Awoniyi,23898,Right Wing,9
Nottingham Forest,Brennan Johnson,29377,Center Forward,20
Nottingham Forest,Neco Williams,34794,Left Wing Back,7
Nottingham Forest,Danilo dos Santos de Oliveira,46451,Right Wing,28
Nottingham Forest,Anthony Elanga,50991,Right Wing,21
Arsenal,Reiss Nelson,3571,,24
Arsenal,Edward Nketiah,3737,Center Forward,14
Arsenal,Declan Rice,3943,Center Defensive Midfield,41
Arsenal,Thomas Teye Partey,6383,Right Back,5
Arsenal,Gabriel dos Santos Magalhães,6406,Left Center Back,6
Arsenal,Jorge Luiz Frello Filho,7024,,20
Arsenal,Martin Ødegaard,8252,Right Center Midfield,8
Arsenal,Kai Havertz,8966,Left Center Midfield,29
Arsenal,Leandro Trossard,16559,Center Forward,19
Arsenal,Emile Smith Rowe,16591,,10
Arsenal,William Saliba,17592,Left Center Back,2
Arsenal,Jurriën David Norman Timber,21809,Left Back,12
Arsenal,Bukayo Saka,22084,Right Wing,7
Arsenal,Aaron Ramsdale,22783,Goalkeeper,1
Arsenal,Ben White,22809,Right Center Back,4
Arsenal,Takehiro Tomiyasu,23730,Left Back,18
Arsenal,Gabriel Teodoro Martinelli Silva,29976,Left Wing,11
Arsenal,Fabio Daniel Ferreira Vieira,39162,,21
Arsenal,Jakub Piotr Kiwior,44166,,15
Arsenal,Karl Jakob Hein,46809,,31
Liverpool,Joe Gomez,3495,,2
Liverpool,Joël Andre Job Matip,3502,,32
Liverpool,Mohamed Salah,3531,Right Wing,11
Liverpool,Andrew Robertson,3655,Left Back,26
Liverpool,Trent Alexander-Arnold,3664,Right Back,66
Liverpool,Virgil van Dijk,3669,Left Center Back,4
Liverpool,Alisson Ramsés Becker,5547,Goalkeeper,1
Liverpool,Konstantinos Tsimikas,8489,,21
Liverpool,Diogo José Teixeira da Silva,9929,Center Forward,20
Liverpool,Ibrahima Konaté,11135,Right Center Back,5
Liverpool,Cody Mathès Gakpo,20750,Left Center Midfield,18
Liverpool,Dominik Szoboszlai,21209,Right Center Midfield,8
Liverpool,Harvey Elliott,24938,Right Wing,19
Liverpool,Luis Fernando Díaz Marulanda,27158,Left Wing,7
Liverpool,Alexis Mac Allister,27886,Center Defensive Midfield,10
Liverpool,Darwin Gabriel Núñez Ribeiro,32478,Center Forward,9
Liverpool,Curtis Jones,33231,Left Center Midfield,17
Liverpool,Caoimhin Kelleher,34959,,62
Liverpool,James McConnell,133356,,53
Liverpool,Ben Doak,188469,Left Wing,50
Chelsea,Raheem Sterling,3233,Right Attacking Midfield,7
Chelsea,Thiago Emiliano da Silva,3295,Center Back,6
Chelsea,Ben Chilwell,3458,Left Wing Back,21
Chelsea,Axel Disasi,7439,Right Center Back,2
Chelsea,Reece James,9550,Right Wing Back,24
Chelsea,Robert Lynch Sanchez,9843,Goalkeeper,31
Chelsea,Marc Cucurella Saseta,17620,,3
Chelsea,Conor Gallagher,29399,Left Defensive Midfield,23
Chelsea,Chukwunonso Madueke,31506,,11
Chelsea,Enzo Fernandez,38718,Right Defensive Midfield,8
Chelsea,Levi Colwill,38992,Left Center Back,26
Chelsea,Ian Maatsen,39092,Left Attacking Midfield,29
Chelsea,Malo Gusto,39260,Right Wing Back,27
Chelsea,Mykhailo Mudryk,39483,Right Attacking Midfield,10
Chelsea,Lesley Chimuanya Ugochukwu,44738,Left Wing Back,16
Chelsea,Nicolas Jackson,50497,Center Forward,15
Chelsea,Lucas Carl Edvard Bergström,52170,,47
Chelsea,Carney Chukwuemeka,89986,Left Attacking Midfield,17
Chelsea,Mason Burstow,158558,,37
Chelsea,Andrey Nascimento dos Santos,232885,,20
Tottenham Hotspur,Heung-Min Son,3083,Left Wing,7
Tottenham Hotspur,Ben Davies,3086,,33
Tottenham Hotspur,Richarlison de Andrade,3280,Center Forward,9
Tottenham Hotspur,Giovani Lo Celso,3313,,18
Tottenham Hotspur,Davinson Sánchez Mina,3494,Right Center Back,6
Tottenham Hotspur,Pierre-Emile Højbjerg,3570,,5
Tottenham Hotspur,Yves Bissouma,4385,Left Defensive Midfield,8
Tottenham Hotspur,Ivan Perišić,5474,Left Wing,14
Tottenham Hotspur,James Maddison,9905,Center Attacking Midfield,10
Tottenham Hotspur,Pedro Antonio Porro Sauceda,11292,,23
Tottenham Hotspur,Cristian Gabriel Romero,20572,Right Center Back,17
Tottenham Hotspur,Oliver Skipp,22145,Right Defensive Midfield,4
Tottenham Hotspur,Dejan Kulusevski,22818,Right Wing,21
Tottenham Hotspur,Manor Solomon,23457,,27
Tottenham Hotspur,Emerson Aparecido Leite de Souza Junior,23522,Right Back,12
Tottenham Hotspur,Guglielmo Vicario,31225,Goalkeeper,13
Tottenham Hotspur,Micky van de Ven,32547,Left Center Back,37
Tottenham Hotspur,Brandon Austin,48123,,40
Tottenham Hotspur,Iyenoma Destiny Udogie,48461,Left Back,38
Tottenham Hotspur,Pape Matar Sarr,50498,Right Defensive Midfield,29
Brentford,Mathias Jørgensen Jatta,3027,Left Center Back,13
Brentford,Ethan Pinnock,4610,Center Back,5
Brentford,Bryan Mbeumo,4935,Right Center Forward,19
Brentford,Christian Nørgaard,7097,Center Defensive Midfield,6
Brentford,Yoane Wissa,7294,Left Center Forward,11
Brentford,Thomas Strakosha,7789,,21
Brentford,Kristoffer Vassbakk Ajer,10532,Left Center Back,20
Brentford,Shandon Baptiste,11403,Center Defensive Midfield,26
Brentford,Vitaly Janelt,12074,Left Center Midfield,27
Brentford,Rico Henry,13587,Left Wing Back,3
Brentford,Mathias Jensen,18722,Right Center Midfield,8
Brentford,Pelenda Joshua Tunga Dasilva,21160,,10
Brentford,Mads Roerslev,24440,Right Wing Back,30
Brentford,Mikkel Damsgaard,24443,Right Center Midfield,24
Brentford,Nathan Michael Collins,24824,Right Center Back,22
Brentford,Mark Flekken,25000,Goalkeeper,1
Brentford,Aaron Hickey,25584,Right Wing Back,2
Brentford,Keane Lewis-Potter,32928,,23
Brentford,Ehor Yarmolyuk,45803,,33
Brentford,Kevin Schade,58502,Left Center Forward,9
Wolverhampton Wanderers,Craig Dawson,3523,Right Center Back,15
Wolverhampton Wanderers,Mario Lemina,3951,Left Defensive Midfield,5
Wolverhampton Wanderers,Daniel Bentley,4773,,25
Wolverhampton Wanderers,Hee-Chan Hwang,5620,Right Center Forward,11
Wolverhampton Wanderers,Nélson Cabral Semedo,6374,Right Back,22
Wolverhampton Wanderers,Pablo Sarabia García,6720,Right Center Forward,21
Wolverhampton Wanderers,Matt Doherty,9925,,2
Wolverhampton Wanderers,Rayan Aït Nouri,12111,Left Back,3
Wolverhampton Wanderers,Matheus Santos Carneiro da Cunha,12425,Left Center Forward,12
Wolverhampton Wanderers,Sasa Kalajdzic,18762,Right Defensive Midfield,18
Wolverhampton Wanderers,José Pedro Malheiro de Sá,18866,Goalkeeper,1
Wolverhampton Wanderers,Pedro Lomba Neto,23256,Right Midfield,7
Wolverhampton Wanderers,Maximilian William Kilman,24940,Left Center Back,23
Wolverhampton Wanderers,Fábio Daniel Soares Silva,30088,Center Forward,29
Wolverhampton Wanderers,Matheus Luiz Nunes,40874,Left Midfield,27
Wolverhampton Wanderers,João Victor Gomes da Silva,48720,Right Defensive Midfield,8
Wolverhampton Wanderers,Tote António Gomes,48941,,24
Wolverhampton Wanderers,Boubacar Traore,58878,,6
Wolverhampton Wanderers,Hugo Bueno,82220,Left Back,17
Wolverhampton Wanderers,Joseph Hodge,207549,,32
Manchester United,Christian Dannemann Eriksen,3043,Left Center Midfield,14
Manchester United,Marcus Rashford,3318,Center Forward,10
Manchester United,Harry Maguire,3336,,5
Manchester United,Luke Shaw,3382,Left Back,23
Manchester United,Scott McTominay,3620,Center Forward,39
Manchester United,Aaron Wan-Bissaka,3690,Right Back,29
Manchester United,Victor Nilsson Lindelöf,3702,Left Center Back,2
Manchester United,Dean Henderson,4073,,26
Manchester United,Bruno Miguel Borges Fernandes,5204,Right Center Midfield,8
Manchester United,Raphaël Varane,5485,Right Center Back,19
Manchester United,Carlos Henrique Casimiro,5539,Center Defensive Midfield,18
Manchester United,Mason Mount,7843,Left Center Midfield,7
Manchester United,André Onana,8064,Goalkeeper,24
Manchester United,Jadon Sancho,12423,Left Midfield,25
Manchester United,José Diogo Dalot Teixeira,16028,,20
Manchester United,Anthony Martial,20039,,9
Manchester United,Antony Matheus dos Santos,25363,Right Midfield,21
Manchester United,Lisandro Martínez,27768,Left Center Back,6
Manchester United,Facundo Pellistri Rebollo,36288,Right Midfield,28
Manchester United,Alejandro Garnacho Ferreyra,52129,Left Midfield,49
Brighton & Hove Albion,Solomon March,3074,Right Wing,7
Brighton & Hove Albion,Lewis Dunk,3088,Left Center Back,5
Brighton & Hove Albion,Pascal Groß,3097,Right Defensive Midfield,13
Brighton & Hove Albion,James Philip Milner,3473,Right Back,6
Brighton & Hove Albion,Daniel Nii Tackie Mensah Welbeck,3569,Center Forward,18
Brighton & Hove Albion,Adam David Lallana,4090,Left Midfield,14
Brighton & Hove Albion,Joël Veltman,8067,Right Back,34
Brighton & Hove Albion,Mahmoud Dahoud,8238,Right Defensive Midfield,8
Brighton & Hove Albion,Adam Webster,9601,Right Center Back,4
Brighton & Hove Albion,Igor Julio dos Santos de Paulo,9741,,3
Brighton & Hove Albion,Pervis Josué Estupiñán Tenorio,24085,Left Back,30
Brighton & Hove Albion,João Pedro Junqueira de Jesus,25299,Center Forward,9
Brighton & Hove Albion,Jan Paul van Hecke,30691,,29
Brighton & Hove Albion,Billy Gilmour,31067,Left Defensive Midfield,11
Brighton & Hove Albion,Kaoru Mitoma,37211,Left Wing,22
Brighton & Hove Albion,Bart Verbruggen,37274,,1
Brighton & Hove Albion,Julio César Enciso Espínola,47112,Center Attacking Midfield,10
Brighton & Hove Albion,Jason Steele,47553,Goalkeeper,23
Brighton & Hove Albion,Evan Ferguson,51156,Center Attacking Midfield,28
Brighton & Hove Albion,Simon Adingra,105392,,24
Wolverhampton Wanderers,Craig Dawson,3523,Right Center Back,15
Wolverhampton Wanderers,Mario Lemina,3951,Left Defensive Midfield,5
Wolverhampton Wanderers,Daniel Bentley,4773,,25
Wolverhampton Wanderers,Hee-Chan Hwang,5620,Right Center Forward,11
Wolverhampton Wanderers,Nélson Cabral Semedo,6374,Right Back,22
Wolverhampton Wanderers,Pablo Sarabia García,6720,Right Defensive Midfield,21
Wolverhampton Wanderers,Matt Doherty,9925,,2
Wolverhampton Wanderers,Rayan Aït Nouri,12111,Left Back,3
Wolverhampton Wanderers,Matheus Santos Carneiro da Cunha,12425,Left Center Forward,12
Wolverhampton Wanderers,Sasa Kalajdzic,18762,,18
Wolverhampton Wanderers,José Pedro Malheiro de Sá,18866,Goalkeeper,1
Wolverhampton Wanderers,Pedro Lomba Neto,23256,Right Midfield,7
Wolverhampton Wanderers,Maximilian William Kilman,24940,Left Center Back,23
Wolverhampton Wanderers,Fábio Daniel Soares Silva,30088,Right Center Forward,29
Wolverhampton Wanderers,Matheus Luiz Nunes,40874,Left Midfield,27
Wolverhampton Wanderers,João Victor Gomes da Silva,48720,Right Defensive Midfield,8
Wolverhampton Wanderers,Tote António Gomes,48941,Right Center Back,24
Wolverhampton Wanderers,Boubacar Traore,58878,,6
Wolverhampton Wanderers,Hugo Bueno,82220,Left Back,17
Wolverhampton Wanderers,Joseph Hodge,207549,,32
Everton,Abdoulaye Doucouré,3292,Right Center Midfield,16
Everton,Idrissa Gana Gueye,3436,Center Defensive Midfield,27
Everton,Michael Keane,3438,Right Center Back,5
Everton,Jordan Pickford,3468,Goalkeeper,1
Everton,Dominic Calvert-Lewin,3470,Center Forward,9
Everton,Ashley Young,3612,Left Back,18
Everton,James Tarkowski,3628,Left Center Back,6
Everton,Alex Iwobi,3647,Left Midfield,17
Everton,Ben Godfrey,4076,,22
Everton,Neal Maupay,4766,Right Midfield,13
Everton,Arnaut Danjuma Groeneveld,16284,Center Forward,10
Everton,Vitalii Mykolenko,20827,,19
Everton,James Garner,23625,Right Midfield,37
Everton,João Manuel Neves Virginia,29378,,12
Everton,Jarrad Branthwaite,32762,,32
Everton,Nathan Patterson,37338,Right Back,2
Everton,Thomas Christopher Cannon,47259,,47
Everton,Amadou Onana,48347,Left Center Midfield,8
Everton,Tyler Onyango,48736,Left Center Midfield,62
Everton,Lewis Norman Dobbin,50505,Right Defensive Midfield,61
Aston Villa,Youri Tielemans,2954,Right Wing,8
Aston Villa,Bertrand Isidore Traoré,2956,,9
Aston Villa,Diego Carlos Santos Silva,3366,Center Attacking Midfield,3
Aston Villa,Philippe Coutinho Correia,3501,Left Defensive Midfield,23
Aston Villa,Calum Chambers,3713,,16
Aston Villa,Ezri Konsa Ngoyo,3822,Right Center Back,4
Aston Villa,Boubacar Kamara,4433,Right Defensive Midfield,44
Aston Villa,Matty Cash,4734,Right Back,2
Aston Villa,Ollie Watkins,4760,Center Forward,11
Aston Villa,Robin Olsen,5622,,25
Aston Villa,Douglas Luiz Soares de Paulo,6574,Left Defensive Midfield,6
Aston Villa,Lucas Digne,6849,Left Back,12
Aston Villa,Pau Francisco Torres,6892,Left Center Back,14
Aston Villa,Damián Emiliano Martínez,6909,Goalkeeper,1
Aston Villa,Leon Bailey Butler,8214,Right Wing,31
Aston Villa,Moussa Diaby,8292,Center Attacking Midfield,19
Aston Villa,John McGinn,9974,Left Wing,7
Aston Villa,Jhon Jáder Durán Palacio,30976,Center Forward,24
Aston Villa,Cameron Archer,50563,Left Wing,35
Aston Villa,Filip Marschall,122566,,42
Arsenal,Reiss Nelson,3571,,24
Arsenal,Oleksandr Zinchenko,3575,Left Wing Back,35
Arsenal,Edward Nketiah,3737,Center Forward,14
Arsenal,Declan Rice,3943,Center Defensive Midfield,41
Arsenal,David Raya Martin,4127,,22
Arsenal,Thomas Teye Partey,6383,Right Back,5
Arsenal,Gabriel dos Santos Magalhães,6406,Left Wing,6
Arsenal,Jorge Luiz Frello Filho,7024,Center Defensive Midfield,20
Arsenal,Martin Ødegaard,8252,Right Center Midfield,8
Arsenal,Kai Havertz,8966,Left Center Midfield,29
Arsenal,Leandro Trossard,16559,,19
Arsenal,Emile Smith Rowe,16591,,10
Arsenal,William Saliba,17592,Left Center Back,2
Arsenal,Bukayo Saka,22084,Right Wing,7
Arsenal,Aaron Ramsdale,22783,Goalkeeper,1
Arsenal,Ben White,22809,Right Center Back,4
Arsenal,Takehiro Tomiyasu,23730,Left Back,18
Arsenal,Gabriel Teodoro Martinelli Silva,29976,Left Wing,11
Arsenal,Fabio Daniel Ferreira Vieira,39162,,21
Arsenal,Jakub Piotr Kiwior,44166,Left Wing Back,15
Crystal Palace,James Tomkins,3316,,5
Crystal Palace,Joel Ward,3443,Right Back,2
Crystal Palace,Jordan Ayew,3450,Right Wing,9
Crystal Palace,Jeffrey Schlupp,3520,Left Wing,15
Crystal Palace,Jaïro Riedewald,3591,,44
Crystal Palace,Remi Matthews,4059,,31
Crystal Palace,Nathaniel Edwin Clyne,4590,,17
Crystal Palace,Jefferson Andrés Lerma Solís,5678,Left Defensive Midfield,8
Crystal Palace,Joachim Andersen,8247,Right Center Back,16
Crystal Palace,Eberechi Eze,9000,Center Attacking Midfield,10
Crystal Palace,Sam Johnstone,9458,Goalkeeper,1
Crystal Palace,Odsonne Édouard,10544,Center Forward,22
Crystal Palace,Cheick Oumar Doucoure,13851,Right Defensive Midfield,28
Crystal Palace,Marc Guehi,34526,Left Center Back,6
Crystal Palace,Naouirou Ahamada,39413,Left Wing,29
Crystal Palace,Chris Richards,41266,,26
Crystal Palace,Tyrick Mitchell,41437,Left Back,3
Crystal Palace,John-Kymani Gordon,42923,,37
Crystal Palace,Jesuran Rak-Sakyi,106904,Right Midfield,49
Brentford,Mathias Jørgensen Jatta,3027,,13
Brentford,Ethan Pinnock,4610,Left Center Back,5
Brentford,Bryan Mbeumo,4935,Right Wing,19
Brentford,Christian Nørgaard,7097,Center Defensive Midfield,6
Brentford,Yoane Wissa,7294,Center Forward,11
Brentford,Thomas Strakosha,7789,,21
Brentford,Kristoffer Vassbakk Ajer,10532,Right Midfield,20
Brentford,Vitaly Janelt,12074,Right Center Midfield,27
Brentford,Rico Henry,13587,Left Back,3
Brentford,Mathias Jensen,18722,Left Center Midfield,8
Brentford,Pelenda Joshua Tunga Dasilva,21160,Right Midfield,10
Brentford,Mads Roerslev,24440,Right Back,30
Brentford,Mikkel Damsgaard,24443,Right Center Forward,24
Brentford,Frank Onyeka,24467,,15
Brentford,Nathan Michael Collins,24824,Right Center Back,22
Brentford,Mark Flekken,25000,Goalkeeper,1
Brentford,Aaron Hickey,25584,Right Back,2
Brentford,Keane Lewis-Potter,32928,Left Wing,23
Brentford,Ehor Yarmolyuk,45803,,33
Brentford,Kevin Schade,58502,Left Wing,9
Fulham,Willian Borges da Silva,3472,Left Center Midfield,20
Fulham,Kenny Tete,3798,Right Back,2
Fulham,Marek Rodák,4152,,1
Fulham,Issa Diop,4349,Right Center Back,31
Fulham,Antonee Robinson,4614,Left Back,33
Fulham,Raúl Alonso Jiménez Rodríguez,5568,Center Forward,7
Fulham,Saša Lukić,6687,Center Defensive Midfield,28
Fulham,Andreas Hoelgebaum Pereira,6846,Left Center Midfield,18
Fulham,Harry Wilson,9540,Right Wing,8
Fulham,Bobby Armani De Cordova-Reid,9923,Left Wing,14
Fulham,Tom Cairney,10284,,10
Fulham,Adama Traoré Diarra,11333,Center Forward,11
Fulham,Harrison Reed,11936,Right Center Midfield,6
Fulham,João Maria Lobo Alves Palhinha Gonçalves,12169,Left Wing,26
Fulham,Carlos Vinícius Alves Morais,13639,,30
Fulham,Bernd Leno,15581,Goalkeeper,17
Fulham,Kevin Mbabu,16027,,27
Fulham,Tim Ream,18242,Left Center Back,13
Fulham,Calvin Bassey Ughelumba,43779,Right Center Midfield,3
Fulham,Rodrigo Muniz Carvalho,49049,Right Back,19
AFC Bournemouth,Philip Billing,3331,Center Attacking Midfield,29
AFC Bournemouth,Dominic Solanke,3614,Center Forward,9
AFC Bournemouth,Kieffer Roberto Francisco Moore,3853,Right Defensive Midfield,21
AFC Bournemouth,Joe Rothwell,4143,Left Defensive Midfield,8
AFC Bournemouth,David Brooks,4567,Right Wing,7
AFC Bournemouth,Chris Mepham,4767,,6
AFC Bournemouth,Norberto Murara Neto,6590,Goalkeeper,1
AFC Bournemouth,Justin Kluivert,8063,Left Wing,19
AFC Bournemouth,Antoine Semenyo,9286,Right Wing,24
AFC Bournemouth,Lloyd Kelly,9938,Right Defensive Midfield,5
AFC Bournemouth,Hamed Junior Traorè,12495,Right Defensive Midfield,22
AFC Bournemouth,Ryan Christie,12510,Right Defensive Midfield,10
AFC Bournemouth,Maximillian James Aarons,16689,Right Back,37
AFC Bournemouth,Ionuț Andrei Radu,18237,,20
AFC Bournemouth,James Hill,24867,,23
AFC Bournemouth,Marcos Senesi,27773,Left Center Back,25
AFC Bournemouth,Illia Zabarnyi,39136,Right Center Back,27
AFC Bournemouth,Gavin Kilkenny,44845,,26
AFC Bournemouth,Jaidon Anthony,48221,Left Wing,32
AFC Bournemouth,Milos Kerkez,89635,Left Back,3
Liverpool,Joe Gomez,3495,Right Back,2
Liverpool,Joël Andre Job Matip,3502,,32
Liverpool,Mohamed Salah,3531,Right Wing,11
Liverpool,Andrew Robertson,3655,Left Back,26
Liverpool,Trent Alexander-Arnold,3664,Right Back,66
Liverpool,Virgil van Dijk,3669,Left Center Back,4
Liverpool,Alisson Ramsés Becker,5547,Goalkeeper,1
Liverpool,Konstantinos Tsimikas,8489,Center Forward,21
Liverpool,Diogo José Teixeira da Silva,9929,Center Forward,20
Liverpool,Ibrahima Konaté,11135,Right Center Back,5
Liverpool,Cody Mathès Gakpo,20750,Left Center Midfield,18
Liverpool,Dominik Szoboszlai,21209,Right Center Midfield,8
Liverpool,Wataru Endo,23721,Left Defensive Midfield,3
Liverpool,Harvey Elliott,24938,Right Midfield,19
Liverpool,Luis Fernando Díaz Marulanda,27158,Left Wing,7
Liverpool,Alexis Mac Allister,27886,Center Defensive Midfield,10
Liverpool,Darwin Gabriel Núñez Ribeiro,32478,Left Midfield,9
Liverpool,Caoimhin Kelleher,34959,,62
Liverpool,Stefan Bajcetic Maquieira,122573,,43
Liverpool,Ben Doak,188469,,50
Burnley,Jack Frank Porteous Cork,3462,,4
Burnley,Charles James Taylor,3627,Left Back,3
Burnley,Jay Rodriguez,3685,Center Forward,9
Burnley,Connor Roberts,4774,Right Back,14
Burnley,Josh Cullen,4837,Center Defensive Midfield,24
Burnley,Jacob Bruun Larsen,8961,Right Wing,34
Burnley,Joshua Brownhill,9607,Left Center Midfield,8
Burnley,Louis Jordan Beyer,12322,Left Center Back,5
Burnley,Arijanet Murić,16234,,49
Burnley,Sander Berge,16553,Right Center Midfield,16
Burnley,Mike Trésor Ndayishimiye,21889,,31
Burnley,Hannes Delcroix,22219,Left Wing,44
Burnley,Victor Alexander da Silva,24016,,22
Burnley,Lyle Foster,29840,Center Forward,17
Burnley,James Trafford,42298,Goalkeeper,1
Burnley,Mohamed Zeki Amdouni,48335,Left Wing,25
Burnley,Aaron Ramsey,122567,Left Wing,21
Burnley,Ameen Al Dakhil,131049,Right Center Back,28
Burnley,Wilson Odobert,151924,,47
Burnley,Luca Koleosho,256682,Right Wing,30
Luton Town,Tom Lockyer,3839,Left Center Back,4
Luton Town,Amari'i Bell,4128,Left Back,29
Luton Town,Carlton Morris,4220,Right Center Forward,9
Luton Town,Reece Burke,4605,Left Back,16
Luton Town,Timothy Michael Krul,9467,,23
Luton Town,Pelly Ruddock Mpanzu,9674,Right Defensive Midfield,17
Luton Town,Elijah Adebayo,9827,Right Back,11
Luton Town,Jacob Brown,12197,Right Midfield,19
Luton Town,Chiedozie Ogbene,13306,Left Center Forward,7
Luton Town,Marvelous Nakamba,18739,Left Defensive Midfield,13
Luton Town,Cauley Woodrow,21090,,10
Luton Town,Luke Berry,22175,,8
Luton Town,Tahith Chong,23636,Right Midfield,14
Luton Town,Thomas Kaminski,23741,Goalkeeper,24
Luton Town,Mads Juel Andersen,24332,,5
Luton Town,Ryan Giles,29397,,26
Luton Town,Alfie Doughty,33074,Left Midfield,45
Luton Town,Issa Kabore,35471,Right Back,12
Luton Town,Teden Mengi,43604,Right Center Back,15
Luton Town,Joseph Nathan Johnson,393324,,38
Newcastle United,Matt Ritchie,3049,,11
Newcastle United,Jamaal Lascelles,3081,,6
Newcastle United,Kieran Trippier,3308,Right Back,2
Newcastle United,Nick Pope,3474,Goalkeeper,22
Newcastle United,Callum Wilson,3616,Center Forward,9
Newcastle United,Matt Targett,3651,,13
Newcastle United,Martin Dúbravka,3711,,1
Newcastle United,Dan Burn,3864,Left Back,33
Newcastle United,Sean Longstaff,4031,Left Center Midfield,36
Newcastle United,Harvey Lewis Barnes,4718,Left Wing,15
Newcastle United,Fabian Lukas Schär,5537,Right Center Back,5
Newcastle United,Alexander Isak,8819,Center Forward,14
Newcastle United,Miguel Ángel Almirón Rejala,12603,Right Wing,24
Newcastle United,Joelinton Cassio Apolinário de Lira,13291,Left Center Midfield,7
Newcastle United,Sven Botman,21551,Left Center Back,4
Newcastle United,Bruno Guimarães Rodriguez Moura,25142,Center Defensive Midfield,39
Newcastle United,Anthony Gordon,28104,Left Wing,10
Newcastle United,Sandro Tonali,30752,Right Center Midfield,8
Newcastle United,Valentino Livramento,39241,Right Wing,21
Newcastle United,Elliot Anderson,49702,Left Center Midfield,32
Manchester City,Ederson Santana de Moraes,3067,Goalkeeper,31
Manchester City,Kyle Walker,3205,Right Back,2
Manchester City,Nathan Aké,3306,,6
Manchester City,Phil Foden,4354,Right Wing,47
Manchester City,Kalvin Phillips,4706,,4
Manchester City,Rúben Santos Gato Alves Dias,5206,Right Center Back,3
Manchester City,Mateo Kovačić,5456,Right Defensive Midfield,8
Manchester City,Manuel Obafemi Akanji,5549,Left Center Back,25
Manchester City,Rodrigo Hernández Cascante,6765,Left Defensive Midfield,16
Manchester City,Stefan Ortega Moreno,9194,,18
Manchester City,Jack Grealish,9638,Left Wing,10
Manchester City,Sergio Gómez Martín,22199,,21
Manchester City,Erling Håland,23616,Center Forward,9
Manchester City,Julián Álvarez,29560,Center Attacking Midfield,19
Manchester City,Joško Gvardiol,33018,Left Back,24
Manchester City,Cole Palmer,39461,,80
Manchester City,Rico Lewis,48705,,82
Manchester City,James McAtee,49667,,87
Manchester City,Oscar Bobb,104825,,52
Manchester City,Maximo Perrone,211743,,32
Sheffield United,Tom Davies,3652,,22
Sheffield United,Max Lowe,4226,Left Wing Back,3
Sheffield United,Chris Basham,4583,Left Defensive Midfield,6
Sheffield United,Adam Davies,4584,,1
Sheffield United,Ben Osborn,4732,Right Wing Back,23
Sheffield United,John Egan,4768,Center Back,12
Sheffield United,Jack Robinson,10485,Left Center Back,19
Sheffield United,Oliver James Norwood,11013,Right Defensive Midfield,16
Sheffield United,Auston Trusty,12359,,5
Sheffield United,Gustavo Hamer,15304,Right Attacking Midfield,8
Sheffield United,Wesley Foderingham,21018,Goalkeeper,18
Sheffield United,Anel Ahmedhodžić,27652,Right Center Back,15
Sheffield United,Vinicius de Souza Costa,32587,Left Defensive Midfield,21
Sheffield United,Yasser Larouci,34793,Left Wing Back,27
Sheffield United,Antwoine Hackford,72161,Center Forward,39
Sheffield United,Bénie Adama Traoré,107581,Left Attacking Midfield,11
Sheffield United,Femi Seriki,119821,,38
Sheffield United,William Idamudia Daugaard Osula,121254,Center Forward,32
Sheffield United,Louie Marsh,140743,,34
Sheffield United,Andre Brooks,153124,Center Forward,35
Nottingham Forest,Moussa Niakhate,3198,Right Wing,19
Nottingham Forest,Serge Aurier,3481,Right Wing Back,24
Nottingham Forest,Chris Wood,3505,Center Forward,11
Nottingham Forest,Cheikhou Kouyaté,3684,Left Defensive Midfield,8
Nottingham Forest,Ryan Yates,4239,Left Defensive Midfield,22
Nottingham Forest,Harry Toffolo,6555,,15
Nottingham Forest,Remo Freuler,6983,,23
Nottingham Forest,Orel Mangala,8950,Left Defensive Midfield,5
Nottingham Forest,Willy Boly,9933,Right Center Back,30
Nottingham Forest,Morgan Gibbs-White,9934,Left Wing,10
Nottingham Forest,Scott McKenna,10002,Left Center Back,26
Nottingham Forest,Matthew Charles Turner,12352,Goalkeeper,1
Nottingham Forest,Joe Worrall,16336,Center Back,4
Nottingham Forest,Ethan Horvath,21201,,34
Nottingham Forest,Taiwo Michael Awoniyi,23898,Center Forward,9
Nottingham Forest,Brennan Johnson,29377,Right Wing,20
Nottingham Forest,Ui-Jo Hwang,29966,,35
Nottingham Forest,Neco Williams,34794,Left Wing Back,7
Nottingham Forest,Danilo dos Santos de Oliveira,46451,Right Defensive Midfield,28
Nottingham Forest,Anthony Elanga,50991,Right Center Back,21
Manchester United,Christian Dannemann Eriksen,3043,Right Wing,14
Manchester United,Marcus Rashford,3318,Center Forward,10
Manchester United,Luke Shaw,3382,Left Back,23
Manchester United,Scott McTominay,3620,,39
Manchester United,Aaron Wan-Bissaka,3690,Right Back,29
Manchester United,Victor Nilsson Lindelöf,3702,,2
Manchester United,Dean Henderson,4073,,26
Manchester United,Bruno Miguel Borges Fernandes,5204,Center Attacking Midfield,8
Manchester United,Raphaël Varane,5485,Right Center Back,19
Manchester United,Carlos Henrique Casimiro,5539,Right Defensive Midfield,18
Manchester United,Mason Mount,7843,Left Defensive Midfield,7
Manchester United,André Onana,8064,Goalkeeper,24
Manchester United,Jadon Sancho,12423,Left Wing,25
Manchester United,José Diogo Dalot Teixeira,16028,Right Back,20
Manchester United,Anthony Martial,20039,Center Forward,9
Manchester United,Antony Matheus dos Santos,25363,Right Wing,21
Manchester United,Lisandro Martínez,27768,Left Center Back,6
Manchester United,Facundo Pellistri Rebollo,36288,Center Attacking Midfield,28
Manchester United,Radek Vítek,52127,,40
Manchester United,Alejandro Garnacho Ferreyra,52129,Left Wing,49
Tottenham Hotspur,Heung-Min Son,3083,Left Wing,7
Tottenham Hotspur,Ben Davies,3086,Left Back,33
Tottenham Hotspur,Richarlison de Andrade,3280,Center Forward,9
Tottenham Hotspur,Giovani Lo Celso,3313,,18
Tottenham Hotspur,Davinson Sánchez Mina,3494,,6
Tottenham Hotspur,Pierre-Emile Højbjerg,3570,Right Defensive Midfield,5
Tottenham Hotspur,Fraser Forster,3970,,20
Tottenham Hotspur,Yves Bissouma,4385,Left Defensive Midfield,8
Tottenham Hotspur,Ivan Perišić,5474,Center Forward,14
Tottenham Hotspur,James Maddison,9905,Center Attacking Midfield,10
Tottenham Hotspur,Pedro Antonio Porro Sauceda,11292,Right Back,23
Tottenham Hotspur,Cristian Gabriel Romero,20572,Right Center Back,17
Tottenham Hotspur,Oliver Skipp,22145,,4
Tottenham Hotspur,Dejan Kulusevski,22818,Right Wing,21
Tottenham Hotspur,Manor Solomon,23457,Right Wing,27
Tottenham Hotspur,Emerson Aparecido Leite de Souza Junior,23522,Right Back,12
Tottenham Hotspur,Guglielmo Vicario,31225,Goalkeeper,13
Tottenham Hotspur,Micky van de Ven,32547,Left Center Back,37
Tottenham Hotspur,Iyenoma Destiny Udogie,48461,Left Back,38
Tottenham Hotspur,Pape Matar Sarr,50498,Right Defensive Midfield,29
Chelsea,Raheem Sterling,3233,Right Wing,7
Chelsea,Thiago Emiliano da Silva,3295,Center Back,6
Chelsea,Ben Chilwell,3458,Left Wing Back,21
Chelsea,Axel Disasi,7439,Right Center Back,2
Chelsea,Robert Lynch Sanchez,9843,Goalkeeper,1
Chelsea,Marc Cucurella Saseta,17620,,3
Chelsea,Conor Gallagher,29399,Left Defensive Midfield,23
Chelsea,Chukwunonso Madueke,31506,Left Center Midfield,11
Chelsea,Moisés Isaac Caicedo Corozo,37726,Left Wing Back,25
Chelsea,Enzo Fernandez,38718,Right Defensive Midfield,8
Chelsea,Levi Colwill,38992,Left Center Back,26
Chelsea,Ian Maatsen,39092,,29
Chelsea,Malo Gusto,39260,Right Wing Back,27
Chelsea,Bashir Humphreys,39405,,48
Chelsea,Mykhailo Mudryk,39483,Left Wing,10
Chelsea,Lesley Chimuanya Ugochukwu,44738,,16
Chelsea,Nicolas Jackson,50497,Center Forward,15
Chelsea,Lucas Carl Edvard Bergström,52170,,47
Chelsea,Carney Chukwuemeka,89986,Left Wing,17
Chelsea,Mason Burstow,158558,Right Back,37
West Ham United,Aaron Cresswell,3062,,3
West Ham United,Gnaly Maxwell Cornet,3162,,17
West Ham United,Łukasz Fabiański,3262,,1
West Ham United,James Ward-Prowse,3328,Left Defensive Midfield,7
West Ham United,Michail Antonio,3349,Center Forward,9
West Ham United,Alphonse Areola,3379,Goalkeeper,23
West Ham United,Kurt Happy Zouma,3456,Right Center Back,4
West Ham United,Daniel William John Ings,3654,,18
West Ham United,Angelo Obinze Ogbonna,3843,Left Wing,21
West Ham United,Emerson Palmieri dos Santos,4355,Left Back,33
West Ham United,Tomáš Souček,4870,Right Defensive Midfield,28
West Ham United,Edson Omar Álvarez Velázquez,5567,Left Defensive Midfield,19
West Ham United,Pablo Fornals Malla,6764,Center Forward,8
West Ham United,Mohamed Saïd Benrahma,7212,Left Wing,22
West Ham United,Jarrod Bowen,9640,Right Wing,20
West Ham United,Nayef Aguerd,12149,Left Center Back,27
West Ham United,Vladimír Coufal,16570,Right Back,5
West Ham United,Lucas Tolentino Coelho de Lima,22600,Center Attacking Midfield,10
West Ham United,Benjamin Johnson,23626,,2
West Ham United,Divin Mubama,141121,,45
Luton Town,Tom Lockyer,3839,Center Back,4
Luton Town,Amari'i Bell,4128,Left Center Back,29
Luton Town,Carlton Morris,4220,Left Center Forward,9
Luton Town,Ross Barkley,4275,Left Center Midfield,6
Luton Town,Reece Burke,4605,Right Center Back,16
Luton Town,Timothy Michael Krul,9467,,23
Luton Town,Pelly Ruddock Mpanzu,9674,Left Center Midfield,17
Luton Town,Elijah Adebayo,9827,Right Center Forward,11
Luton Town,Jacob Brown,12197,Right Center Forward,19
Luton Town,Chiedozie Ogbene,13306,Right Center Midfield,7
Luton Town,Marvelous Nakamba,18739,Center Defensive Midfield,13
Luton Town,Cauley Woodrow,21090,,10
Luton Town,Luke Berry,22175,,8
Luton Town,Tahith Chong,23636,Right Center Midfield,14
Luton Town,Thomas Kaminski,23741,Goalkeeper,24
Luton Town,Mads Juel Andersen,24332,Right Center Back,5
Luton Town,Ryan Giles,29397,Left Wing Back,26
Luton Town,Alfie Doughty,33074,Right Wing Back,45
Luton Town,Issa Kabore,35471,Right Wing Back,12
Luton Town,Joseph Nathan Johnson,393324,,38
Chelsea,Raheem Sterling,3233,Right Attacking Midfield,7
Chelsea,Thiago Emiliano da Silva,3295,Center Back,6
Chelsea,Ben Chilwell,3458,Left Wing Back,21
Chelsea,Axel Disasi,7439,Right Center Back,2
Chelsea,Robert Lynch Sanchez,9843,Goalkeeper,1
Chelsea,Marc Cucurella Saseta,17620,,3
Chelsea,Conor Gallagher,29399,Right Defensive Midfield,23
Chelsea,Chukwunonso Madueke,31506,,11
Chelsea,Moisés Isaac Caicedo Corozo,37726,Left Defensive Midfield,25
Chelsea,Enzo Fernandez,38718,Left Attacking Midfield,8
Chelsea,Levi Colwill,38992,Left Center Back,26
Chelsea,Ian Maatsen,39092,Left Midfield,29
Chelsea,Malo Gusto,39260,Right Wing Back,27
Chelsea,Bashir Humphreys,39405,,48
Chelsea,Lesley Chimuanya Ugochukwu,44738,Center Forward,16
Chelsea,Nicolas Jackson,50497,Center Forward,15
Chelsea,Lucas Carl Edvard Bergström,52170,,47
Chelsea,Diego Manuel Jadon da Silva Moreira,143858,,43
Chelsea,Mason Burstow,158558,Center Forward,37
Chelsea,Edward James Beach,158819,,50
Tottenham Hotspur,Heung-Min Son,3083,Left Wing,7
Tottenham Hotspur,Ben Davies,3086,Left Back,33
Tottenham Hotspur,Richarlison de Andrade,3280,Center Forward,9
Tottenham Hotspur,Giovani Lo Celso,3313,Left Defensive Midfield,18
Tottenham Hotspur,Davinson Sánchez Mina,3494,,6
Tottenham Hotspur,Pierre-Emile Højbjerg,3570,Center Forward,5
Tottenham Hotspur,Fraser Forster,3970,,20
Tottenham Hotspur,Yves Bissouma,4385,Left Defensive Midfield,8
Tottenham Hotspur,Ivan Perišić,5474,Right Defensive Midfield,14
Tottenham Hotspur,James Maddison,9905,Center Attacking Midfield,10
Tottenham Hotspur,Pedro Antonio Porro Sauceda,11292,Right Back,23
Tottenham Hotspur,Cristian Gabriel Romero,20572,Right Center Back,17
Tottenham Hotspur,Oliver Skipp,22145,Center Attacking Midfield,4
Tottenham Hotspur,Dejan Kulusevski,22818,Right Wing,21
Tottenham Hotspur,Manor Solomon,23457,,27
Tottenham Hotspur,Emerson Aparecido Leite de Souza Junior,23522,,12
Tottenham Hotspur,Guglielmo Vicario,31225,Goalkeeper,13
Tottenham Hotspur,Micky van de Ven,32547,Left Center Back,37
Tottenham Hotspur,Iyenoma Destiny Udogie,48461,Left Back,38
Tottenham Hotspur,Pape Matar Sarr,50498,Right Defensive Midfield,29
AFC Bournemouth,Philip Billing,3331,Left Center Midfield,29
AFC Bournemouth,Dominic Solanke,3614,Center Forward,9
AFC Bournemouth,Lewis Cook,3615,Right Defensive Midfield,4
AFC Bournemouth,Kieffer Roberto Francisco Moore,3853,Left Center Forward,21
AFC Bournemouth,Joe Rothwell,4143,Right Defensive Midfield,8
AFC Bournemouth,David Brooks,4567,Right Wing,7
AFC Bournemouth,Chris Mepham,4767,,6
AFC Bournemouth,Norberto Murara Neto,6590,Goalkeeper,1
AFC Bournemouth,Justin Kluivert,8063,Left Wing,19
AFC Bournemouth,Antoine Semenyo,9286,Right Wing,24
AFC Bournemouth,Lloyd Kelly,9938,Left Center Back,5
AFC Bournemouth,Hamed Junior Traorè,12495,Center Attacking Midfield,22
AFC Bournemouth,Ryan Christie,12510,Center Attacking Midfield,10
AFC Bournemouth,Maximillian James Aarons,16689,Right Back,37
AFC Bournemouth,Ionuț Andrei Radu,18237,,20
AFC Bournemouth,James Hill,24867,,23
AFC Bournemouth,Marcos Senesi,27773,,25
AFC Bournemouth,Illia Zabarnyi,39136,Right Center Back,27
AFC Bournemouth,Jaidon Anthony,48221,Left Wing,32
AFC Bournemouth,Milos Kerkez,89635,Left Back,3
Fulham,Kenny Tete,3798,Right Back,2
Fulham,Marek Rodák,4152,,1
Fulham,Issa Diop,4349,Right Center Back,31
Fulham,Antonee Robinson,4614,Left Back,33
Fulham,Raúl Alonso Jiménez Rodríguez,5568,Center Forward,7
Fulham,Saša Lukić,6687,Right Defensive Midfield,28
Fulham,Andreas Hoelgebaum Pereira,6846,Center Attacking Midfield,18
Fulham,Harry Wilson,9540,Right Midfield,8
Fulham,Oluwatosin Adarabioyo,9650,Left Midfield,4
Fulham,Bobby Armani De Cordova-Reid,9923,Left Midfield,14
Fulham,Tom Cairney,10284,Center Attacking Midfield,10
Fulham,Adama Traoré Diarra,11333,Right Midfield,11
Fulham,Harrison Reed,11936,Right Defensive Midfield,6
Fulham,João Maria Lobo Alves Palhinha Gonçalves,12169,Left Defensive Midfield,26
Fulham,Carlos Vinícius Alves Morais,13639,,30
Fulham,Bernd Leno,15581,Goalkeeper,17
Fulham,Kevin Mbabu,16027,,27
Fulham,Calvin Bassey Ughelumba,43779,Left Center Back,3
Fulham,Rodrigo Muniz Carvalho,49049,,19
Fulham,Luke Harris,139815,,38
Arsenal,Gabriel Fernando de Jesus,3202,Left Defensive Midfield,9
Arsenal,Reiss Nelson,3571,,24
Arsenal,Oleksandr Zinchenko,3575,Right Back,35
Arsenal,Edward Nketiah,3737,Center Forward,14
Arsenal,Declan Rice,3943,Center Defensive Midfield,41
Arsenal,David Raya Martin,4127,,22
Arsenal,Thomas Teye Partey,6383,Right Back,5
Arsenal,Gabriel dos Santos Magalhães,6406,,6
Arsenal,Jorge Luiz Frello Filho,7024,Right Center Midfield,20
Arsenal,Martin Ødegaard,8252,Right Center Midfield,8
Arsenal,Kai Havertz,8966,Left Center Midfield,29
Arsenal,Leandro Trossard,16559,Center Forward,19
Arsenal,Emile Smith Rowe,16591,,10
Arsenal,William Saliba,17592,Left Center Back,2
Arsenal,Bukayo Saka,22084,Right Wing,7
Arsenal,Aaron Ramsdale,22783,Goalkeeper,1
Arsenal,Ben White,22809,Right Center Back,4
Arsenal,Gabriel Teodoro Martinelli Silva,29976,Left Wing,11
Arsenal,Fabio Daniel Ferreira Vieira,39162,Left Center Midfield,21
Arsenal,Jakub Piotr Kiwior,44166,Left Back,15
Crystal Palace,James Tomkins,3316,,5
Crystal Palace,Joel Ward,3443,Right Back,2
Crystal Palace,Jordan Ayew,3450,Right Wing,9
Crystal Palace,Jeffrey Schlupp,3520,Left Wing,15
Crystal Palace,Jaïro Riedewald,3591,,44
Crystal Palace,Remi Matthews,4059,,31
Crystal Palace,Nathaniel Edwin Clyne,4590,,17
Crystal Palace,Jefferson Andrés Lerma Solís,5678,Left Defensive Midfield,8
Crystal Palace,Jean-Philippe Mateta,7403,Center Forward,14
Crystal Palace,Joachim Andersen,8247,Right Center Back,16
Crystal Palace,Eberechi Eze,9000,Center Attacking Midfield,10
Crystal Palace,Sam Johnstone,9458,Goalkeeper,1
Crystal Palace,Odsonne Édouard,10544,Center Forward,22
Crystal Palace,Cheick Oumar Doucoure,13851,Right Defensive Midfield,28
Crystal Palace,Marc Guehi,34526,Left Center Back,6
Crystal Palace,Naouirou Ahamada,39413,Center Attacking Midfield,29
Crystal Palace,Chris Richards,41266,,26
Crystal Palace,Tyrick Mitchell,41437,Left Back,3
Crystal Palace,John-Kymani Gordon,42923,,37
Crystal Palace,Jesuran Rak-Sakyi,106904,,49
Brentford,Mathias Jørgensen Jatta,3027,,13
Brentford,Ethan Pinnock,4610,Left Center Back,5
Brentford,Bryan Mbeumo,4935,Right Wing,19
Brentford,Christian Nørgaard,7097,Center Defensive Midfield,6
Brentford,Yoane Wissa,7294,Center Forward,11
Brentford,Kristoffer Vassbakk Ajer,10532,,20
Brentford,Vitaly Janelt,12074,Right Center Midfield,27
Brentford,Rico Henry,13587,Left Back,3
Brentford,Mathias Jensen,18722,Left Center Midfield,8
Brentford,Mads Roerslev,24440,,30
Brentford,Frank Onyeka,24467,Left Center Midfield,15
Brentford,Nathan Michael Collins,24824,Right Center Back,22
Brentford,Mark Flekken,25000,Goalkeeper,1
Brentford,Aaron Hickey,25584,Right Back,2
Brentford,Keane Lewis-Potter,32928,Left Wing,23
Brentford,Ehor Yarmolyuk,45803,,33
Brentford,Ellery Balcombe,47218,,40
Brentford,Ethan Craig Brierley,47309,,38
Brentford,Kevin Schade,58502,Left Wing,9
Brentford,Michael Olakigbe,133178,,37
West Ham United,Aaron Cresswell,3062,,3
West Ham United,Gnaly Maxwell Cornet,3162,,17
West Ham United,Łukasz Fabiański,3262,,1
West Ham United,James Ward-Prowse,3328,Left Center Midfield,7
West Ham United,Michail Antonio,3349,Center Forward,9
West Ham United,Alphonse Areola,3379,Goalkeeper,23
West Ham United,Kurt Happy Zouma,3456,Right Center Back,4
West Ham United,Daniel William John Ings,3654,Right Wing,18
West Ham United,Angelo Obinze Ogbonna,3843,Left Center Back,21
West Ham United,Emerson Palmieri dos Santos,4355,Left Back,33
West Ham United,Tomáš Souček,4870,Right Center Midfield,28
West Ham United,Edson Omar Álvarez Velázquez,5567,Center Defensive Midfield,19
West Ham United,Pablo Fornals Malla,6764,Left Defensive Midfield,8
West Ham United,Mohamed Saïd Benrahma,7212,Right Center Midfield,22
West Ham United,Thilo Kehrer,8511,Center Forward,24
West Ham United,Jarrod Bowen,9640,Right Midfield,20
West Ham United,Vladimír Coufal,16570,Right Back,5
West Ham United,Lucas Tolentino Coelho de Lima,22600,Left Midfield,10
West Ham United,Benjamin Johnson,23626,,2
West Ham United,Divin Mubama,141121,,45
Brighton & Hove Albion,Solomon March,3074,Right Wing,7
Brighton & Hove Albion,Lewis Dunk,3088,Left Center Back,5
Brighton & Hove Albion,Pascal Groß,3097,Right Defensive Midfield,13
Brighton & Hove Albion,James Philip Milner,3473,Right Back,6
Brighton & Hove Albion,Daniel Nii Tackie Mensah Welbeck,3569,Center Attacking Midfield,18
Brighton & Hove Albion,Adam David Lallana,4090,Left Defensive Midfield,14
Brighton & Hove Albion,Joël Veltman,8067,Right Back,34
Brighton & Hove Albion,Mahmoud Dahoud,8238,,8
Brighton & Hove Albion,Adam Webster,9601,Right Center Back,4
Brighton & Hove Albion,Igor Julio dos Santos de Paulo,9741,,3
Brighton & Hove Albion,Pervis Josué Estupiñán Tenorio,24085,Left Back,30
Brighton & Hove Albion,João Pedro Junqueira de Jesus,25299,Center Attacking Midfield,9
Brighton & Hove Albion,Jan Paul van Hecke,30691,,29
Brighton & Hove Albion,Billy Gilmour,31067,Left Defensive Midfield,11
Brighton & Hove Albion,Kaoru Mitoma,37211,Left Wing,22
Brighton & Hove Albion,Bart Verbruggen,37274,Goalkeeper,1
Brighton & Hove Albion,Jason Steele,47553,,23
Brighton & Hove Albion,Evan Ferguson,51156,Center Forward,28
Brighton & Hove Albion,Simon Adingra,105392,Right Wing,24
Brighton & Hove Albion,Facundo Valentín Buonanotte,196954,,40
Aston Villa,Youri Tielemans,2954,Left Defensive Midfield,8
Aston Villa,Bertrand Isidore Traoré,2956,Left Back,9
Aston Villa,Diego Carlos Santos Silva,3366,Right Center Back,3
Aston Villa,Calum Chambers,3713,,16
Aston Villa,Ezri Konsa Ngoyo,3822,Right Back,4
Aston Villa,Boubacar Kamara,4433,Right Defensive Midfield,44
Aston Villa,Matty Cash,4734,Right Midfield,2
Aston Villa,Ollie Watkins,4760,Left Center Forward,11
Aston Villa,Robin Olsen,5622,Goalkeeper,25
Aston Villa,Douglas Luiz Soares de Paulo,6574,Left Defensive Midfield,6
Aston Villa,Lucas Digne,6849,Left Back,12
Aston Villa,Pau Francisco Torres,6892,Left Center Back,14
Aston Villa,Leon Bailey Butler,8214,,31
Aston Villa,Moussa Diaby,8292,Right Center Forward,19
Aston Villa,John McGinn,9974,Left Midfield,7
Aston Villa,Nicolò Zaniolo,16062,Right Center Forward,22
Aston Villa,Jhon Jáder Durán Palacio,30976,Left Center Forward,24
Aston Villa,Oliwier Zych,74376,,48
Aston Villa,Filip Marschall,122566,,42
Burnley,Nathan Redmond,3286,Left Attacking Midfield,15
Burnley,Jack Frank Porteous Cork,3462,,4
Burnley,Jay Rodriguez,3685,Center Forward,9
Burnley,Johann Berg Guðmunds­son,3720,Right Wing Back,7
Burnley,Connor Roberts,4774,Right Back,14
Burnley,Josh Cullen,4837,Right Defensive Midfield,24
Burnley,Jacob Bruun Larsen,8961,Right Attacking Midfield,34
Burnley,Joshua Brownhill,9607,,8
Burnley,Arijanet Murić,16234,,49
Burnley,Sander Berge,16553,Left Defensive Midfield,16
Burnley,Dara Joseph O'Shea,18753,Left Center Back,2
Burnley,Hannes Delcroix,22219,Left Back,44
Burnley,Manuel Benson Hedilazio,23897,Right Midfield,10
Burnley,Victor Alexander da Silva,24016,,22
Burnley,Lyle Foster,29840,Left Center Forward,17
Burnley,James Trafford,42298,Goalkeeper,1
Burnley,Mohamed Zeki Amdouni,48335,Right Center Forward,25
Burnley,Aaron Ramsey,122567,Left Defensive Midfield,21
Burnley,Ameen Al Dakhil,131049,Right Center Back,28
Burnley,Luca Koleosho,256682,Left Midfield,30
Wolverhampton Wanderers,Craig Dawson,3523,Right Center Back,15
Wolverhampton Wanderers,Mario Lemina,3951,Left Defensive Midfield,5
Wolverhampton Wanderers,Daniel Bentley,4773,,25
Wolverhampton Wanderers,Hee-Chan Hwang,5620,Left Midfield,11
Wolverhampton Wanderers,Nélson Cabral Semedo,6374,Right Back,22
Wolverhampton Wanderers,Pablo Sarabia García,6720,Left Center Forward,21
Wolverhampton Wanderers,Jonathan Castro Otto,6802,,19
Wolverhampton Wanderers,Matt Doherty,9925,,2
Wolverhampton Wanderers,Rayan Aït Nouri,12111,Left Midfield,3
Wolverhampton Wanderers,Matheus Santos Carneiro da Cunha,12425,Right Center Forward,12
Wolverhampton Wanderers,Sasa Kalajdzic,18762,Right Center Forward,18
Wolverhampton Wanderers,José Pedro Malheiro de Sá,18866,Goalkeeper,1
Wolverhampton Wanderers,Pedro Lomba Neto,23256,Right Midfield,7
Wolverhampton Wanderers,Maximilian William Kilman,24940,Left Center Back,23
Wolverhampton Wanderers,Fábio Daniel Soares Silva,30088,Left Center Forward,29
Wolverhampton Wanderers,João Victor Gomes da Silva,48720,Right Defensive Midfield,8
Wolverhampton Wanderers,Tote António Gomes,48941,Left Back,24
Wolverhampton Wanderers,Boubacar Traore,58878,,6
Wolverhampton Wanderers,Hugo Bueno,82220,Left Back,17
Wolverhampton Wanderers,Joseph Hodge,207549,,32
Everton,Abdoulaye Doucouré,3292,Right Center Midfield,16
Everton,Idrissa Gana Gueye,3436,Center Defensive Midfield,27
Everton,Michael Keane,3438,Left Center Forward,5
Everton,Jordan Pickford,3468,Goalkeeper,1
Everton,Ashley Young,3612,Left Back,18
Everton,James Tarkowski,3628,Right Center Back,6
Everton,Ben Godfrey,4076,,22
Everton,Neal Maupay,4766,,13
Everton,Arnaut Danjuma Groeneveld,16284,Center Forward,10
Everton,Vitalii Mykolenko,20827,,19
Everton,Andrew Michael Lonergan,23512,,31
Everton,James Garner,23625,Right Midfield,37
Everton,João Manuel Neves Virginia,29378,,12
Everton,Jarrad Branthwaite,32762,Left Center Back,32
Everton,Nathan Patterson,37338,Right Back,2
Everton,Thomas Christopher Cannon,47259,Left Midfield,47
Everton,Amadou Onana,48347,Left Center Midfield,8
Everton,Tyler Onyango,48736,,62
Everton,Lewis Norman Dobbin,50505,Left Midfield,61
Everton,Youssef Ramalho Chermiti,149581,Left Midfield,28
Nottingham Forest,Moussa Niakhate,3198,Left Center Back,19
Nottingham Forest,Serge Aurier,3481,Right Wing Back,24
Nottingham Forest,Chris Wood,3505,Center Forward,11
Nottingham Forest,Cheikhou Kouyaté,3684,Right Wing,8
Nottingham Forest,Ryan Yates,4239,Right Defensive Midfield,22
Nottingham Forest,Remo Freuler,6983,,23
Nottingham Forest,Willy Boly,9933,Right Center Back,30
Nottingham Forest,Morgan Gibbs-White,9934,Left Wing,10
Nottingham Forest,Scott McKenna,10002,Left Center Back,26
Nottingham Forest,Temitayo Olufisayo Olaoluwa Aina,11492,Left Wing Back,43
Nottingham Forest,Matthew Charles Turner,12352,Goalkeeper,1
Nottingham Forest,Joe Worrall,16336,Center Back,4
Nottingham Forest,Ethan Horvath,21201,,34
Nottingham Forest,Taiwo Michael Awoniyi,23898,Center Forward,9
Nottingham Forest,Gonzalo Ariel Montiel,28263,,29
Nottingham Forest,Brennan Johnson,29377,Right Wing,20
Nottingham Forest,Ui-Jo Hwang,29966,,35
Nottingham Forest,Neco Williams,34794,,7
Nottingham Forest,Danilo dos Santos de Oliveira,46451,Left Defensive Midfield,28
Nottingham Forest,Anthony Elanga,50991,Right Center Midfield,21
Manchester United,Christian Dannemann Eriksen,3043,Left Defensive Midfield,14
Manchester United,Marcus Rashford,3318,Left Wing,10
Manchester United,Harry Maguire,3336,,5
Manchester United,Scott McTominay,3620,Right Wing,39
Manchester United,Aaron Wan-Bissaka,3690,Right Back,29
Manchester United,Victor Nilsson Lindelöf,3702,Right Center Back,2
Manchester United,Dean Henderson,4073,,26
Manchester United,Bruno Miguel Borges Fernandes,5204,Center Attacking Midfield,8
Manchester United,Raphaël Varane,5485,Right Center Back,19
Manchester United,Carlos Henrique Casimiro,5539,Right Defensive Midfield,18
Manchester United,André Onana,8064,Goalkeeper,24
Manchester United,Jadon Sancho,12423,Center Forward,25
Manchester United,José Diogo Dalot Teixeira,16028,Left Back,20
Manchester United,Anthony Martial,20039,Center Forward,9
Manchester United,Antony Matheus dos Santos,25363,Right Wing,21
Manchester United,Lisandro Martínez,27768,Left Center Back,6
Manchester United,Facundo Pellistri Rebollo,36288,,28
Manchester United,Álvaro Fernández Carreras,50986,,42
Manchester United,Alejandro Garnacho Ferreyra,52129,,49
Manchester United,Daniel Gore,99173,,44
Liverpool,Joe Gomez,3495,Left Wing,2
Liverpool,Joël Andre Job Matip,3502,Right Center Back,32
Liverpool,Mohamed Salah,3531,Right Wing,11
Liverpool,Andrew Robertson,3655,Left Back,26
Liverpool,Trent Alexander-Arnold,3664,Right Back,66
Liverpool,Virgil van Dijk,3669,Left Center Back,4
Liverpool,Alisson Ramsés Becker,5547,Goalkeeper,1
Liverpool,Konstantinos Tsimikas,8489,,21
Liverpool,Diogo José Teixeira da Silva,9929,Left Midfield,20
Liverpool,Cody Mathès Gakpo,20750,Center Forward,18
Liverpool,Dominik Szoboszlai,21209,Right Center Midfield,8
Liverpool,Wataru Endo,23721,Center Defensive Midfield,3
Liverpool,Harvey Elliott,24938,Right Defensive Midfield,19
Liverpool,Luis Fernando Díaz Marulanda,27158,Left Wing,7
Liverpool,Alexis Mac Allister,27886,Left Center Midfield,10
Liverpool,Darwin Gabriel Núñez Ribeiro,32478,Left Defensive Midfield,9
Liverpool,Caoimhin Kelleher,34959,,62
Liverpool,Jarell Quansah,40908,Right Center Back,78
Liverpool,Stefan Bajcetic Maquieira,122573,,43
Liverpool,Ben Doak,188469,,50
Newcastle United,Jamaal Lascelles,3081,,6
Newcastle United,Jacob Murphy,3273,,23
Newcastle United,Kieran Trippier,3308,Right Back,2
Newcastle United,Nick Pope,3474,Goalkeeper,22
Newcastle United,Callum Wilson,3616,Center Forward,9
Newcastle United,Matt Targett,3651,Left Back,13
Newcastle United,Martin Dúbravka,3711,,1
Newcastle United,Dan Burn,3864,Left Back,33
Newcastle United,Sean Longstaff,4031,Right Center Midfield,36
Newcastle United,Harvey Lewis Barnes,4718,Left Wing,15
Newcastle United,Fabian Lukas Schär,5537,Right Center Back,5
Newcastle United,Alexander Isak,8819,Center Forward,14
Newcastle United,Miguel Ángel Almirón Rejala,12603,Right Wing,24
Newcastle United,Joelinton Cassio Apolinário de Lira,13291,Left Center Midfield,7
Newcastle United,Sven Botman,21551,Left Center Back,4
Newcastle United,Bruno Guimarães Rodriguez Moura,25142,Center Defensive Midfield,39
Newcastle United,Anthony Gordon,28104,Left Wing,10
Newcastle United,Sandro Tonali,30752,Right Center Midfield,8
Newcastle United,Valentino Livramento,39241,,21
Newcastle United,Elliot Anderson,49702,Left Center Midfield,32
Manchester City,Ederson Santana de Moraes,3067,Goalkeeper,31
Manchester City,Bernardo Mota Veiga de Carvalho e Silva,3193,Right Wing,20
Manchester City,Kyle Walker,3205,Right Back,2
Manchester City,Nathan Aké,3306,Left Center Back,6
Manchester City,Phil Foden,4354,Right Wing,47
Manchester City,Kalvin Phillips,4706,,4
Manchester City,Rúben Santos Gato Alves Dias,5206,Right Center Back,3
Manchester City,Mateo Kovačić,5456,Left Defensive Midfield,8
Manchester City,Rodrigo Hernández Cascante,6765,Right Defensive Midfield,16
Manchester City,Stefan Ortega Moreno,9194,,18
Manchester City,Jack Grealish,9638,Left Wing,10
Manchester City,Sergio Gómez Martín,22199,,21
Manchester City,Erling Håland,23616,Center Forward,9
Manchester City,Jeremy Doku,23650,,11
Manchester City,Julián Álvarez,29560,Center Attacking Midfield,19
Manchester City,Joško Gvardiol,33018,Left Back,24
Manchester City,Cole Palmer,39461,,80
Manchester City,Rico Lewis,48705,,82
Manchester City,James McAtee,49667,,87
Manchester City,Oscar Bobb,104825,,52
Sheffield United,Oliver McBurnie,3332,Right Center Forward,9
Sheffield United,George Baldock,4571,Right Wing Back,2
Sheffield United,Chris Basham,4583,Center Defensive Midfield,6
Sheffield United,Adam Davies,4584,,1
Sheffield United,Ben Osborn,4732,Left Wing Back,23
Sheffield United,John Egan,4768,Center Back,12
Sheffield United,Jack Robinson,10485,Left Center Back,19
Sheffield United,Oliver James Norwood,11013,Center Defensive Midfield,16
Sheffield United,Jayden Bogle,11896,Right Wing Back,20
Sheffield United,Auston Trusty,12359,,5
Sheffield United,Gustavo Hamer,15304,Left Center Midfield,8
Sheffield United,Wesley Foderingham,21018,Goalkeeper,18
Sheffield United,Anel Ahmedhodžić,27652,Right Center Back,15
Sheffield United,Ismaila Cheick Coulibaly,30162,,17
Sheffield United,Vinicius de Souza Costa,32587,Right Center Midfield,21
Sheffield United,Yasser Larouci,34793,Left Wing Back,27
Sheffield United,Bénie Adama Traoré,107581,Left Center Forward,11
Sheffield United,William Idamudia Daugaard Osula,121254,Right Center Forward,32
Sheffield United,Louie Marsh,140743,,34
Sheffield United,Andre Brooks,153124,,35
Manchester United,Christian Dannemann Eriksen,3043,Left Defensive Midfield,14
Manchester United,Marcus Rashford,3318,Left Wing,10
Manchester United,Harry Maguire,3336,Right Center Back,5
Manchester United,Aaron Wan-Bissaka,3690,Right Back,29
Manchester United,Victor Nilsson Lindelöf,3702,Right Center Back,2
Manchester United,Bruno Miguel Borges Fernandes,5204,Center Attacking Midfield,8
Manchester United,Carlos Henrique Casimiro,5539,Right Defensive Midfield,18
Manchester United,André Onana,8064,Goalkeeper,24
Manchester United,Jonathan Grant Evans,11012,Left Center Back,35
Manchester United,José Diogo Dalot Teixeira,16028,Left Back,20
Manchester United,Sergio Reguilón Rodríguez,18620,,15
Manchester United,Anthony Martial,20039,Center Forward,9
Manchester United,Antony Matheus dos Santos,25363,Right Wing,21
Manchester United,Lisandro Martínez,27768,Left Center Back,6
Manchester United,Altay Bayındır,30442,,1
Manchester United,Facundo Pellistri Rebollo,36288,,28
Manchester United,Hannibal Mejbri,50988,,46
Manchester United,Rasmus Winther Højlund,51672,Center Forward,11
Manchester United,Alejandro Garnacho Ferreyra,52129,Left Wing,17
Manchester United,Daniel Gore,99173,,44
Arsenal,Gabriel Fernando de Jesus,3202,Center Forward,9
Arsenal,Reiss Nelson,3571,Left Wing,24
Arsenal,Oleksandr Zinchenko,3575,Left Back,35
Arsenal,Edward Nketiah,3737,Center Forward,14
Arsenal,Declan Rice,3943,Center Defensive Midfield,41
Arsenal,David Raya Martin,4127,,22
Arsenal,Gabriel dos Santos Magalhães,6406,Left Center Back,6
Arsenal,Jorge Luiz Frello Filho,7024,Right Center Midfield,20
Arsenal,Martin Ødegaard,8252,Right Center Midfield,8
Arsenal,Kai Havertz,8966,Left Center Midfield,29
Arsenal,Leandro Trossard,16559,,19
Arsenal,Emile Smith Rowe,16591,,10
Arsenal,William Saliba,17592,Right Center Back,2
Arsenal,Bukayo Saka,22084,Right Wing,7
Arsenal,Aaron Ramsdale,22783,Goalkeeper,1
Arsenal,Ben White,22809,Right Back,4
Arsenal,Takehiro Tomiyasu,23730,Left Back,18
Arsenal,Gabriel Teodoro Martinelli Silva,29976,Left Wing,11
Arsenal,Fabio Daniel Ferreira Vieira,39162,Left Center Midfield,21
Arsenal,Jakub Piotr Kiwior,44166,,15
AFC Bournemouth,Philip Billing,3331,Right Center Midfield,29
AFC Bournemouth,Dominic Solanke,3614,Center Forward,9
AFC Bournemouth,Lewis Cook,3615,Center Defensive Midfield,4
AFC Bournemouth,Kieffer Roberto Francisco Moore,3853,,21
AFC Bournemouth,Marcus Tavernier,4111,Left Midfield,16
AFC Bournemouth,Joe Rothwell,4143,,8
AFC Bournemouth,David Brooks,4567,Right Midfield,7
AFC Bournemouth,Chris Mepham,4767,Left Center Midfield,6
AFC Bournemouth,Adam Smith,6409,,15
AFC Bournemouth,Norberto Murara Neto,6590,Goalkeeper,1
AFC Bournemouth,Justin Kluivert,8063,Left Midfield,19
AFC Bournemouth,Antoine Semenyo,9286,Right Midfield,24
AFC Bournemouth,Hamed Junior Traorè,12495,,22
AFC Bournemouth,Ryan Christie,12510,Left Center Midfield,10
AFC Bournemouth,Maximillian James Aarons,16689,Right Back,37
AFC Bournemouth,Ionuț Andrei Radu,18237,,20
AFC Bournemouth,Marcos Senesi,27773,Left Center Back,25
AFC Bournemouth,Illia Zabarnyi,39136,Right Center Back,27
AFC Bournemouth,Gavin Kilkenny,44845,,26
AFC Bournemouth,Milos Kerkez,89635,Left Back,3
Brentford,Ben Mee,3663,Left Center Back,16
Brentford,Ethan Pinnock,4610,Right Center Back,5
Brentford,Bryan Mbeumo,4935,Right Wing,19
Brentford,Saman Ghoddos,5240,,14
Brentford,Christian Nørgaard,7097,Center Defensive Midfield,6
Brentford,Yoane Wissa,7294,Center Forward,11
Brentford,Thomas Strakosha,7789,,21
Brentford,Kristoffer Vassbakk Ajer,10532,Left Center Midfield,20
Brentford,Vitaly Janelt,12074,Left Center Midfield,27
Brentford,Rico Henry,13587,Left Back,3
Brentford,Mathias Jensen,18722,Right Center Midfield,8
Brentford,Mads Roerslev,24440,,30
Brentford,Frank Onyeka,24467,Left Center Midfield,15
Brentford,Nathan Michael Collins,24824,Left Center Back,22
Brentford,Mark Flekken,25000,Goalkeeper,1
Brentford,Aaron Hickey,25584,Right Back,2
Brentford,Keane Lewis-Potter,32928,Left Wing,23
Brentford,Ehor Yarmolyuk,45803,,33
Brentford,Kevin Schade,58502,Left Wing,9
Brentford,Michael Olakigbe,133178,Left Midfield,37
Newcastle United,Jamaal Lascelles,3081,Right Center Back,6
Newcastle United,Jacob Murphy,3273,,23
Newcastle United,Kieran Trippier,3308,Right Back,2
Newcastle United,Nick Pope,3474,Goalkeeper,22
Newcastle United,Callum Wilson,3616,Left Center Midfield,9
Newcastle United,Matt Targett,3651,Left Back,13
Newcastle United,Martin Dúbravka,3711,,1
Newcastle United,Dan Burn,3864,Left Center Back,33
Newcastle United,Sean Longstaff,4031,Right Center Midfield,36
Newcastle United,Harvey Lewis Barnes,4718,Left Wing,15
Newcastle United,Fabian Lukas Schär,5537,Right Center Back,5
Newcastle United,Alexander Isak,8819,Center Forward,14
Newcastle United,Miguel Ángel Almirón Rejala,12603,Right Wing,24
Newcastle United,Joelinton Cassio Apolinário de Lira,13291,Left Center Midfield,7
Newcastle United,Bruno Guimarães Rodriguez Moura,25142,Center Defensive Midfield,39
Newcastle United,Anthony Gordon,28104,Left Wing,10
Newcastle United,Sandro Tonali,30752,Right Center Midfield,8
Newcastle United,Valentino Livramento,39241,,21
Newcastle United,Elliot Anderson,49702,Right Wing,32
Newcastle United,Lewis Hall,134092,,20
Brighton & Hove Albion,Solomon March,3074,Right Wing,7
Brighton & Hove Albion,Lewis Dunk,3088,Left Center Back,5
Brighton & Hove Albion,Pascal Groß,3097,Right Defensive Midfield,13
Brighton & Hove Albion,James Philip Milner,3473,Center Forward,6
Brighton & Hove Albion,Adam David Lallana,4090,Center Attacking Midfield,14
Brighton & Hove Albion,Joël Veltman,8067,Right Back,34
Brighton & Hove Albion,Mahmoud Dahoud,8238,Left Defensive Midfield,8
Brighton & Hove Albion,Adam Webster,9601,,4
Brighton & Hove Albion,Igor Julio dos Santos de Paulo,9741,,3
Brighton & Hove Albion,Pervis Josué Estupiñán Tenorio,24085,Left Back,30
Brighton & Hove Albion,João Pedro Junqueira de Jesus,25299,Center Attacking Midfield,9
Brighton & Hove Albion,Jan Paul van Hecke,30691,Right Center Back,29
Brighton & Hove Albion,Billy Gilmour,31067,Left Defensive Midfield,11
Brighton & Hove Albion,Tariq Lamptey,33602,Center Attacking Midfield,2
Brighton & Hove Albion,Kaoru Mitoma,37211,Left Wing,22
Brighton & Hove Albion,Bart Verbruggen,37274,Goalkeeper,1
Brighton & Hove Albion,Jason Steele,47553,,23
Brighton & Hove Albion,Evan Ferguson,51156,Center Forward,28
Brighton & Hove Albion,Simon Adingra,105392,Right Center Midfield,24
Brighton & Hove Albion,Facundo Valentín Buonanotte,196954,,40
Tottenham Hotspur,Heung-Min Son,3083,Center Forward,7
Tottenham Hotspur,Ben Davies,3086,,33
Tottenham Hotspur,Richarlison de Andrade,3280,Center Forward,9
Tottenham Hotspur,Davinson Sánchez Mina,3494,,6
Tottenham Hotspur,Pierre-Emile Højbjerg,3570,Right Center Midfield,5
Tottenham Hotspur,Fraser Forster,3970,,20
Tottenham Hotspur,Yves Bissouma,4385,Left Defensive Midfield,8
Tottenham Hotspur,Ivan Perišić,5474,Left Wing,14
Tottenham Hotspur,James Maddison,9905,Center Attacking Midfield,10
Tottenham Hotspur,Pedro Antonio Porro Sauceda,11292,Right Back,23
Tottenham Hotspur,Cristian Gabriel Romero,20572,Right Center Back,17
Tottenham Hotspur,Oliver Skipp,22145,Right Wing,4
Tottenham Hotspur,Dejan Kulusevski,22818,Right Wing,21
Tottenham Hotspur,Manor Solomon,23457,Left Wing,27
Tottenham Hotspur,Emerson Aparecido Leite de Souza Junior,23522,Center Attacking Midfield,12
Tottenham Hotspur,Guglielmo Vicario,31225,Goalkeeper,13
Tottenham Hotspur,Micky van de Ven,32547,Left Center Back,37
Tottenham Hotspur,Iyenoma Destiny Udogie,48461,Left Back,38
Tottenham Hotspur,Pape Matar Sarr,50498,Right Center Midfield,29
Tottenham Hotspur,Ashley Famiwuya Phillips,133959,,35
Burnley,Nathan Redmond,3286,Center Attacking Midfield,15
Burnley,Jack Frank Porteous Cork,3462,Right Center Back,4
Burnley,Jay Rodriguez,3685,,9
Burnley,Johann Berg Guðmunds­son,3720,Right Wing Back,7
Burnley,Connor Roberts,4774,Left Wing Back,14
Burnley,Josh Cullen,4837,Right Defensive Midfield,24
Burnley,Jacob Bruun Larsen,8961,Left Wing,34
Burnley,Joshua Brownhill,9607,Left Defensive Midfield,8
Burnley,Louis Jordan Beyer,12322,Left Center Back,5
Burnley,Arijanet Murić,16234,,49
Burnley,Sander Berge,16553,Left Defensive Midfield,16
Burnley,Dara Joseph O'Shea,18753,Center Back,2
Burnley,Hannes Delcroix,22219,Right Wing Back,44
Burnley,Manuel Benson Hedilazio,23897,,10
Burnley,Lyle Foster,29840,Right Center Forward,17
Burnley,James Trafford,42298,Goalkeeper,1
Burnley,Mohamed Zeki Amdouni,48335,Center Attacking Midfield,25
Burnley,Ameen Al Dakhil,131049,Right Center Back,28
Burnley,Wilson Odobert,151924,,47
Burnley,Luca Koleosho,256682,Left Center Forward,30
Nottingham Forest,Moussa Niakhate,3198,,19
Nottingham Forest,Serge Aurier,3481,Right Wing Back,24
Nottingham Forest,Chris Wood,3505,Center Forward,11
Nottingham Forest,Cheikhou Kouyaté,3684,Left Wing Back,8
Nottingham Forest,Ryan Yates,4239,Left Defensive Midfield,22
Nottingham Forest,Orel Mangala,8950,Right Defensive Midfield,5
Nottingham Forest,Willy Boly,9933,Right Center Back,30
Nottingham Forest,Morgan Gibbs-White,9934,Left Attacking Midfield,10
Nottingham Forest,Scott McKenna,10002,Left Center Back,26
Nottingham Forest,Felipe Augusto de Almeida Monteiro,11167,,18
Nottingham Forest,Temitayo Olufisayo Olaoluwa Aina,11492,Left Wing Back,43
Nottingham Forest,Matthew Charles Turner,12352,Goalkeeper,1
Nottingham Forest,Joe Worrall,16336,Center Back,4
Nottingham Forest,Ethan Horvath,21201,,34
Nottingham Forest,Taiwo Michael Awoniyi,23898,Center Forward,9
Nottingham Forest,Gonzalo Ariel Montiel,28263,Right Wing Back,29
Nottingham Forest,Nuno Albertino Varela Tavares,30040,Left Defensive Midfield,3
Nottingham Forest,Danilo dos Santos de Oliveira,46451,Right Attacking Midfield,28
Nottingham Forest,Anthony Elanga,50991,Right Attacking Midfield,21
Nottingham Forest,Brandon Aguilera Zamora,108340,,41
Chelsea,Raheem Sterling,3233,Right Attacking Midfield,7
Chelsea,Thiago Emiliano da Silva,3295,Center Back,6
Chelsea,Ben Chilwell,3458,Left Wing Back,21
Chelsea,Axel Disasi,7439,Right Center Back,2
Chelsea,Robert Lynch Sanchez,9843,Goalkeeper,1
Chelsea,Marc Cucurella Saseta,17620,,3
Chelsea,Conor Gallagher,29399,Right Defensive Midfield,23
Chelsea,Chukwunonso Madueke,31506,Right Defensive Midfield,11
Chelsea,Đorđe Petrović,32565,,28
Chelsea,Moisés Isaac Caicedo Corozo,37726,Left Defensive Midfield,25
Chelsea,Enzo Fernandez,38718,Left Attacking Midfield,8
Chelsea,Levi Colwill,38992,Left Center Back,26
Chelsea,Ian Maatsen,39092,Center Defensive Midfield,29
Chelsea,Malo Gusto,39260,Right Wing Back,27
Chelsea,Cole Palmer,39461,Left Wing Back,20
Chelsea,Mykhailo Mudryk,39483,Right Back,10
Chelsea,Lesley Chimuanya Ugochukwu,44738,,16
Chelsea,Nicolas Jackson,50497,Center Forward,15
Chelsea,Lucas Carl Edvard Bergström,52170,,47
Chelsea,Deivid Washington de Souza Eugênio,271873,,36
Wolverhampton Wanderers,Craig Dawson,3523,Right Center Back,15
Wolverhampton Wanderers,Mario Lemina,3951,Left Defensive Midfield,5
Wolverhampton Wanderers,Daniel Bentley,4773,,25
Wolverhampton Wanderers,Hee-Chan Hwang,5620,Right Midfield,11
Wolverhampton Wanderers,Nélson Cabral Semedo,6374,Right Back,22
Wolverhampton Wanderers,Pablo Sarabia García,6720,Right Midfield,21
Wolverhampton Wanderers,Matt Doherty,9925,,2
Wolverhampton Wanderers,Rayan Aït Nouri,12111,Left Back,3
Wolverhampton Wanderers,Matheus Santos Carneiro da Cunha,12425,Center Forward,12
Wolverhampton Wanderers,Sasa Kalajdzic,18762,Right Defensive Midfield,18
Wolverhampton Wanderers,José Pedro Malheiro de Sá,18866,Goalkeeper,1
Wolverhampton Wanderers,Pedro Lomba Neto,23256,Left Midfield,7
Wolverhampton Wanderers,Maximilian William Kilman,24940,Left Center Back,23
Wolverhampton Wanderers,Fábio Daniel Soares Silva,30088,Center Attacking Midfield,9
Wolverhampton Wanderers,João Victor Gomes da Silva,48720,Right Defensive Midfield,8
Wolverhampton Wanderers,Tote António Gomes,48941,,24
Wolverhampton Wanderers,Boubacar Traore,58878,Center Attacking Midfield,6
Wolverhampton Wanderers,Hugo Bueno,82220,Left Back,17
Wolverhampton Wanderers,Nathan Fraser,133454,,63
Wolverhampton Wanderers,Enso David Gonzalez Medina,312556,,30
Crystal Palace,James Tomkins,3316,,5
Crystal Palace,Joel Ward,3443,Right Back,2
Crystal Palace,Jordan Ayew,3450,Right Wing,9
Crystal Palace,Jeffrey Schlupp,3520,Left Wing,15
Crystal Palace,Jaïro Riedewald,3591,,44
Crystal Palace,Dean Henderson,4073,,30
Crystal Palace,Will Hughes,4588,Center Attacking Midfield,19
Crystal Palace,Nathaniel Edwin Clyne,4590,,17
Crystal Palace,Jefferson Andrés Lerma Solís,5678,Left Defensive Midfield,8
Crystal Palace,Jean-Philippe Mateta,7403,Left Wing,14
Crystal Palace,Joachim Andersen,8247,Right Center Back,16
Crystal Palace,Eberechi Eze,9000,Center Attacking Midfield,10
Crystal Palace,Sam Johnstone,9458,Goalkeeper,1
Crystal Palace,Odsonne Édouard,10544,Center Forward,22
Crystal Palace,Cheick Oumar Doucoure,13851,Right Defensive Midfield,28
Crystal Palace,Marc Guehi,34526,Left Center Back,6
Crystal Palace,Naouirou Ahamada,39413,,29
Crystal Palace,Chris Richards,41266,,26
Crystal Palace,Tyrick Mitchell,41437,Left Back,3
Crystal Palace,Jesuran Rak-Sakyi,106904,,49
Aston Villa,Youri Tielemans,2954,Left Defensive Midfield,8
Aston Villa,Diego Carlos Santos Silva,3366,Right Center Back,3
Aston Villa,Calum Chambers,3713,,16
Aston Villa,Ezri Konsa Ngoyo,3822,Right Back,4
Aston Villa,Boubacar Kamara,4433,Right Defensive Midfield,44
Aston Villa,Matty Cash,4734,Right Midfield,2
Aston Villa,Ollie Watkins,4760,Left Center Forward,11
Aston Villa,Robin Olsen,5622,,25
Aston Villa,Leander Dendoncker,6331,,32
Aston Villa,Douglas Luiz Soares de Paulo,6574,Left Defensive Midfield,6
Aston Villa,Clément Lenglet,6826,,17
Aston Villa,Lucas Digne,6849,Left Back,12
Aston Villa,Pau Francisco Torres,6892,Left Center Back,14
Aston Villa,Damián Emiliano Martínez,6909,Goalkeeper,1
Aston Villa,Leon Bailey Butler,8214,Right Center Back,31
Aston Villa,Moussa Diaby,8292,Right Center Forward,19
Aston Villa,John McGinn,9974,Left Midfield,7
Aston Villa,Nicolò Zaniolo,16062,Left Midfield,22
Aston Villa,Jhon Jáder Durán Palacio,30976,Left Center Forward,24
Aston Villa,Omari Kellyman,332163,,71
Liverpool,Joe Gomez,3495,Left Center Back,2
Liverpool,Joël Andre Job Matip,3502,Right Center Back,32
Liverpool,Mohamed Salah,3531,Right Wing,11
Liverpool,Andrew Robertson,3655,Left Back,26
Liverpool,Trent Alexander-Arnold,3664,Right Back,66
Liverpool,Alisson Ramsés Becker,5547,Goalkeeper,1
Liverpool,Konstantinos Tsimikas,8489,,21
Liverpool,Diogo José Teixeira da Silva,9929,Left Wing,20
Liverpool,Cody Mathès Gakpo,20750,Center Forward,18
Liverpool,Dominik Szoboszlai,21209,Right Center Midfield,8
Liverpool,Wataru Endo,23721,Center Defensive Midfield,3
Liverpool,Harvey Elliott,24938,Left Center Midfield,19
Liverpool,Luis Fernando Díaz Marulanda,27158,Left Wing,7
Liverpool,Alexis Mac Allister,27886,Center Defensive Midfield,10
Liverpool,Darwin Gabriel Núñez Ribeiro,32478,Center Forward,9
Liverpool,Curtis Jones,33231,Left Center Midfield,17
Liverpool,Caoimhin Kelleher,34959,,62
Liverpool,Jarell Quansah,40908,Right Back,78
Liverpool,Stefan Bajcetic Maquieira,122573,,43
Liverpool,Ben Doak,188469,,50
West Ham United,Aaron Cresswell,3062,,3
West Ham United,Gnaly Maxwell Cornet,3162,,17
West Ham United,Łukasz Fabiański,3262,,1
West Ham United,James Ward-Prowse,3328,Right Defensive Midfield,7
West Ham United,Michail Antonio,3349,Center Forward,9
West Ham United,Alphonse Areola,3379,Goalkeeper,23
West Ham United,Kurt Happy Zouma,3456,Right Center Back,4
West Ham United,Daniel William John Ings,3654,Center Forward,18
West Ham United,Angelo Obinze Ogbonna,3843,,21
West Ham United,Emerson Palmieri dos Santos,4355,Left Back,33
West Ham United,Edson Omar Álvarez Velázquez,5567,Left Defensive Midfield,19
West Ham United,Pablo Fornals Malla,6764,Left Wing,8
West Ham United,Mohamed Saïd Benrahma,7212,Left Wing,22
West Ham United,Thilo Kehrer,8511,,24
West Ham United,Jarrod Bowen,9640,Right Wing,20
West Ham United,Nayef Aguerd,12149,Left Center Back,27
West Ham United,Vladimír Coufal,16570,Right Back,5
West Ham United,Mohammed Kudus,17033,Center Attacking Midfield,14
West Ham United,Lucas Tolentino Coelho de Lima,22600,Center Attacking Midfield,10
West Ham United,Divin Mubama,141121,,45
Luton Town,Amari'i Bell,4128,Left Center Back,29
Luton Town,Carlton Morris,4220,Left Center Forward,9
Luton Town,Ross Barkley,4275,Right Center Midfield,6
Luton Town,Reece Burke,4605,Right Center Back,16
Luton Town,Timothy Michael Krul,9467,,23
Luton Town,Pelly Ruddock Mpanzu,9674,Right Center Midfield,17
Luton Town,Elijah Adebayo,9827,Right Center Forward,11
Luton Town,Jacob Brown,12197,Right Center Forward,19
Luton Town,Chiedozie Ogbene,13306,Left Wing Back,7
Luton Town,Marvelous Nakamba,18739,Center Defensive Midfield,13
Luton Town,Cauley Woodrow,21090,Left Center Midfield,10
Luton Town,Luke Berry,22175,,8
Luton Town,Tahith Chong,23636,Left Center Midfield,14
Luton Town,Thomas Kaminski,23741,Goalkeeper,24
Luton Town,Mads Juel Andersen,24332,Center Back,5
Luton Town,Ryan Giles,29397,Left Wing Back,26
Luton Town,Alfie Doughty,33074,Right Wing Back,45
Luton Town,Issa Kabore,35471,Left Wing Back,12
Luton Town,Aidan Francis,192767,,40
Luton Town,Joseph Nathan Johnson,393324,,38
Fulham,Willian Borges da Silva,3472,Left Midfield,20
Fulham,Kenny Tete,3798,Right Back,2
Fulham,Marek Rodák,4152,,1
Fulham,Issa Diop,4349,Right Center Back,31
Fulham,Antonee Robinson,4614,Left Back,33
Fulham,Raúl Alonso Jiménez Rodríguez,5568,Center Forward,7
Fulham,Andreas Hoelgebaum Pereira,6846,Right Center Midfield,18
Fulham,Timothy Castagne,6989,Right Back,21
Fulham,Harry Wilson,9540,Right Wing,8
Fulham,Bobby Armani De Cordova-Reid,9923,Left Wing,14
Fulham,Tom Cairney,10284,Left Center Midfield,10
Fulham,Adama Traoré Diarra,11333,Right Midfield,11
Fulham,Harrison Reed,11936,Center Defensive Midfield,6
Fulham,Carlos Vinícius Alves Morais,13639,,30
Fulham,Bernd Leno,15581,Goalkeeper,17
Fulham,Tim Ream,18242,Left Center Back,13
Fulham,Calvin Bassey Ughelumba,43779,,3
Fulham,Rodrigo Muniz Carvalho,49049,Center Forward,19
Fulham,Tyrese Francois,49565,,35
Fulham,Luke Harris,139815,Left Center Midfield,38
Manchester City,Ederson Santana de Moraes,3067,Goalkeeper,31
Manchester City,Bernardo Mota Veiga de Carvalho e Silva,3193,Right Defensive Midfield,20
Manchester City,Kyle Walker,3205,Right Back,2
Manchester City,Nathan Aké,3306,Left Back,6
Manchester City,Phil Foden,4354,Left Wing,47
Manchester City,Kalvin Phillips,4706,Left Defensive Midfield,4
Manchester City,Scott Carson,4815,,33
Manchester City,Rúben Santos Gato Alves Dias,5206,Right Center Back,3
Manchester City,Mateo Kovačić,5456,Left Defensive Midfield,8
Manchester City,Manuel Obafemi Akanji,5549,Left Center Back,25
Manchester City,Rodrigo Hernández Cascante,6765,Right Defensive Midfield,16
Manchester City,Stefan Ortega Moreno,9194,,18
Manchester City,Sergio Gómez Martín,22199,Left Wing,21
Manchester City,Erling Håland,23616,Center Forward,9
Manchester City,Jeremy Doku,23650,Right Wing,11
Manchester City,Julián Álvarez,29560,Center Attacking Midfield,19
Manchester City,Joško Gvardiol,33018,,24
Manchester City,Matheus Luiz Nunes,40874,,27
Manchester City,Rico Lewis,48705,Center Attacking Midfield,82
Manchester City,Oscar Bobb,104825,Right Wing,52
Everton,Abdoulaye Doucouré,3292,Right Center Midfield,16
Everton,Idrissa Gana Gueye,3436,Center Defensive Midfield,27
Everton,Jordan Pickford,3468,Goalkeeper,1
Everton,Ashley Young,3612,Left Back,18
Everton,James Tarkowski,3628,Right Center Back,6
Everton,Ben Godfrey,4076,Right Center Back,22
Everton,Dwight McNeil,5111,Right Midfield,7
Everton,Arnaut Danjuma Groeneveld,16284,Left Midfield,10
Everton,Vitalii Mykolenko,20827,,19
Everton,Andrew Michael Lonergan,23512,,31
Everton,James Garner,23625,Right Midfield,37
Everton,João Manuel Neves Virginia,29378,,12
Everton,Norberto Bercique Gomes Betuncal,30006,Center Forward,14
Everton,Jarrad Branthwaite,32762,Left Center Back,32
Everton,Nathan Patterson,37338,Right Back,2
Everton,Amadou Onana,48347,Left Center Midfield,8
Everton,Tyler Onyango,48736,,62
Everton,Youssef Ramalho Chermiti,149581,,28
Sheffield United,Oliver McBurnie,3332,Right Center Forward,9
Sheffield United,George Baldock,4571,Right Wing Back,2
Sheffield United,Chris Basham,4583,Center Back,6
Sheffield United,Adam Davies,4584,,1
Sheffield United,John Egan,4768,Center Back,12
Sheffield United,Jack Robinson,10485,Left Center Back,19
Sheffield United,Oliver James Norwood,11013,Center Defensive Midfield,16
Sheffield United,Jayden Bogle,11896,,20
Sheffield United,Auston Trusty,12359,,5
Sheffield United,Gustavo Hamer,15304,Left Center Midfield,8
Sheffield United,Wesley Foderingham,21018,Goalkeeper,18
Sheffield United,Anel Ahmedhodžić,27652,Right Center Back,15
Sheffield United,Vinicius de Souza Costa,32587,Right Center Midfield,21
Sheffield United,Yasser Larouci,34793,Left Wing Back,27
Sheffield United,Anis Ben Slimane,35592,,25
Sheffield United,Luke Thomas,42747,Left Wing Back,14
Sheffield United,Cameron Archer,50563,Left Center Forward,10
Sheffield United,Bénie Adama Traoré,107581,Left Center Forward,11
Sheffield United,William Idamudia Daugaard Osula,121254,,32
Chelsea,Raheem Sterling,3233,Right Wing,7
Chelsea,Thiago Emiliano da Silva,3295,Left Center Back,6
Chelsea,Ben Chilwell,3458,Left Back,21
Chelsea,Axel Disasi,7439,Right Center Back,2
Chelsea,Robert Lynch Sanchez,9843,Goalkeeper,1
Chelsea,Conor Gallagher,29399,Right Defensive Midfield,23
Chelsea,Đorđe Petrović,32565,,28
Chelsea,Enzo Fernandez,38718,Center Attacking Midfield,8
Chelsea,Levi Colwill,38992,Left Back,26
Chelsea,Ian Maatsen,39092,Center Attacking Midfield,29
Chelsea,Malo Gusto,39260,Right Back,27
Chelsea,Cole Palmer,39461,Left Wing,20
Chelsea,Mykhailo Mudryk,39483,Left Wing,10
Chelsea,Lesley Chimuanya Ugochukwu,44738,Left Defensive Midfield,16
Chelsea,Nicolas Jackson,50497,Center Forward,15
Chelsea,Lucas Carl Edvard Bergström,52170,,47
Chelsea,Alfie Gilchrist,109640,,42
Chelsea,Ronny Stutter,134091,,62
Chelsea,Alex Matos,235092,,52
Chelsea,Deivid Washington de Souza Eugênio,271873,,36
AFC Bournemouth,Philip Billing,3331,Left Defensive Midfield,29
AFC Bournemouth,Dominic Solanke,3614,Center Forward,9
AFC Bournemouth,Lewis Cook,3615,Right Defensive Midfield,4
AFC Bournemouth,Marcus Tavernier,4111,Right Wing,16
AFC Bournemouth,Joe Rothwell,4143,,8
AFC Bournemouth,David Brooks,4567,Center Attacking Midfield,7
AFC Bournemouth,Adam Smith,6409,,15
AFC Bournemouth,Norberto Murara Neto,6590,Goalkeeper,1
AFC Bournemouth,Justin Kluivert,8063,Left Wing,19
AFC Bournemouth,Antoine Semenyo,9286,,24
AFC Bournemouth,Lloyd Kelly,9938,Left Center Back,5
AFC Bournemouth,Hamed Junior Traorè,12495,,22
AFC Bournemouth,Ryan Christie,12510,Center Attacking Midfield,10
AFC Bournemouth,Luis Fernando Sinisterra Lucumí,16184,Right Wing,17
AFC Bournemouth,Maximillian James Aarons,16689,Right Back,37
AFC Bournemouth,Ionuț Andrei Radu,18237,,20
AFC Bournemouth,Marcos Senesi,27773,Left Back,25
AFC Bournemouth,Illia Zabarnyi,39136,Right Center Back,27
AFC Bournemouth,Milos Kerkez,89635,Left Back,3
AFC Bournemouth,Dango Aboubacar Faissal Ouattara,95042,Left Wing,11
Crystal Palace,Joel Ward,3443,Right Back,2
Crystal Palace,Jordan Ayew,3450,Right Midfield,9
Crystal Palace,Jeffrey Schlupp,3520,Left Midfield,15
Crystal Palace,Jaïro Riedewald,3591,,44
Crystal Palace,Remi Matthews,4059,,31
Crystal Palace,Dean Henderson,4073,,30
Crystal Palace,Will Hughes,4588,Left Defensive Midfield,19
Crystal Palace,Nathaniel Edwin Clyne,4590,,17
Crystal Palace,Rob Holding,4591,,4
Crystal Palace,Jean-Philippe Mateta,7403,Right Midfield,14
Crystal Palace,Joachim Andersen,8247,Right Center Back,16
Crystal Palace,Eberechi Eze,9000,Right Center Forward,10
Crystal Palace,Sam Johnstone,9458,Goalkeeper,1
Crystal Palace,Odsonne Édouard,10544,Left Center Forward,22
Crystal Palace,Cheick Oumar Doucoure,13851,Right Defensive Midfield,28
Crystal Palace,Naouirou Ahamada,39413,Left Center Forward,29
Crystal Palace,Chris Richards,41266,Left Center Back,26
Crystal Palace,Tyrick Mitchell,41437,Left Back,3
Crystal Palace,Jesuran Rak-Sakyi,106904,Right Defensive Midfield,49
Crystal Palace,Malcolm Ebiowei,141397,,23
Aston Villa,Youri Tielemans,2954,Right Defensive Midfield,8
Aston Villa,Calum Chambers,3713,,16
Aston Villa,Ezri Konsa Ngoyo,3822,Right Center Back,4
Aston Villa,Boubacar Kamara,4433,Right Defensive Midfield,44
Aston Villa,Matty Cash,4734,Right Back,2
Aston Villa,Ollie Watkins,4760,Left Center Forward,11
Aston Villa,Robin Olsen,5622,,25
Aston Villa,Leander Dendoncker,6331,Left Center Forward,32
Aston Villa,Douglas Luiz Soares de Paulo,6574,Left Defensive Midfield,6
Aston Villa,Clément Lenglet,6826,,17
Aston Villa,Lucas Digne,6849,Left Back,12
Aston Villa,Pau Francisco Torres,6892,Left Center Back,14
Aston Villa,Damián Emiliano Martínez,6909,Goalkeeper,1
Aston Villa,Leon Bailey Butler,8214,Left Midfield,31
Aston Villa,Moussa Diaby,8292,Right Center Forward,19
Aston Villa,John McGinn,9974,Right Midfield,7
Aston Villa,Alejandro Moreno Lopera,11538,,15
Aston Villa,Nicolò Zaniolo,16062,Left Midfield,22
Aston Villa,Jhon Jáder Durán Palacio,30976,Left Midfield,24
Aston Villa,Filip Marschall,122566,,42
Arsenal,Gabriel Fernando de Jesus,3202,Center Forward,9
Arsenal,Reiss Nelson,3571,,24
Arsenal,Oleksandr Zinchenko,3575,Left Back,35
Arsenal,Edward Nketiah,3737,Center Forward,14
Arsenal,Declan Rice,3943,Center Defensive Midfield,41
Arsenal,David Raya Martin,4127,Goalkeeper,22
Arsenal,Gabriel dos Santos Magalhães,6406,Left Center Back,6
Arsenal,Jorge Luiz Frello Filho,7024,,20
Arsenal,Martin Ødegaard,8252,Right Center Midfield,8
Arsenal,Kai Havertz,8966,Left Center Midfield,29
Arsenal,Leandro Trossard,16559,Left Wing,19
Arsenal,Emile Smith Rowe,16591,,10
Arsenal,William Saliba,17592,Right Center Back,2
Arsenal,Bukayo Saka,22084,Right Wing,7
Arsenal,Aaron Ramsdale,22783,,1
Arsenal,Ben White,22809,Right Back,4
Arsenal,Takehiro Tomiyasu,23730,Left Back,18
Arsenal,Gabriel Teodoro Martinelli Silva,29976,Left Wing,11
Arsenal,Fabio Daniel Ferreira Vieira,39162,Left Center Midfield,21
Arsenal,Jakub Piotr Kiwior,44166,,15
Everton,Abdoulaye Doucouré,3292,Left Center Midfield,16
Everton,Idrissa Gana Gueye,3436,Right Center Midfield,27
Everton,Michael Keane,3438,,5
Everton,Jordan Pickford,3468,Goalkeeper,1
Everton,Dominic Calvert-Lewin,3470,Center Forward,9
Everton,Ashley Young,3612,Right Back,18
Everton,James Tarkowski,3628,Right Center Back,6
Everton,Ben Godfrey,4076,,22
Everton,Dwight McNeil,5111,Left Midfield,7
Everton,Arnaut Danjuma Groeneveld,16284,Right Midfield,10
Everton,Vitalii Mykolenko,20827,Left Back,19
Everton,James Garner,23625,Left Center Midfield,37
Everton,João Manuel Neves Virginia,29378,,12
Everton,Norberto Bercique Gomes Betuncal,30006,Center Forward,14
Everton,Jarrad Branthwaite,32762,Left Center Back,32
Everton,Nathan Patterson,37338,Right Back,2
Everton,Amadou Onana,48347,Center Defensive Midfield,8
Everton,Tyler Onyango,48736,,62
Everton,Lewis Norman Dobbin,50505,,61
Everton,Youssef Ramalho Chermiti,149581,Left Midfield,28
Luton Town,Tom Lockyer,3839,Center Back,4
Luton Town,Amari'i Bell,4128,Left Wing Back,29
Luton Town,Carlton Morris,4220,Center Forward,9
Luton Town,Reece Burke,4605,Right Center Back,16
Luton Town,Timothy Michael Krul,9467,,23
Luton Town,Pelly Ruddock Mpanzu,9674,Right Defensive Midfield,17
Luton Town,Elijah Adebayo,9827,Center Forward,11
Luton Town,Jacob Brown,12197,Right Wing,19
Luton Town,Chiedozie Ogbene,13306,Right Wing,7
Luton Town,Marvelous Nakamba,18739,Left Defensive Midfield,13
Luton Town,Cauley Woodrow,21090,Right Center Back,10
Luton Town,Albert-Mboyo Sambi Lokonga,21304,Right Defensive Midfield,28
Luton Town,Luke Berry,22175,,8
Luton Town,Tahith Chong,23636,Left Wing,14
Luton Town,Thomas Kaminski,23741,Goalkeeper,24
Luton Town,Mads Juel Andersen,24332,Left Center Back,5
Luton Town,Ryan Giles,29397,,26
Luton Town,Alfie Doughty,33074,Right Wing,45
Luton Town,Issa Kabore,35471,Right Wing Back,12
Luton Town,Teden Mengi,43604,,15
Fulham,Willian Borges da Silva,3472,Left Wing,20
Fulham,Alex Iwobi,3647,Right Center Midfield,22
Fulham,Fodé Ballo Touré,3675,,12
Fulham,Kenny Tete,3798,Right Back,2
Fulham,Marek Rodák,4152,,1
Fulham,Issa Diop,4349,Right Center Back,31
Fulham,Raúl Alonso Jiménez Rodríguez,5568,Center Forward,7
Fulham,Andreas Hoelgebaum Pereira,6846,Left Center Midfield,18
Fulham,Timothy Castagne,6989,Left Back,21
Fulham,Harry Wilson,9540,Right Wing,8
Fulham,Bobby Armani De Cordova-Reid,9923,Right Wing,14
Fulham,Tom Cairney,10284,Left Center Midfield,10
Fulham,Harrison Reed,11936,Right Center Midfield,6
Fulham,João Maria Lobo Alves Palhinha Gonçalves,12169,Center Defensive Midfield,26
Fulham,Carlos Vinícius Alves Morais,13639,Center Forward,30
Fulham,Bernd Leno,15581,Goalkeeper,17
Fulham,Tim Ream,18242,Left Center Back,13
Fulham,Calvin Bassey Ughelumba,43779,Left Center Back,3
Fulham,Rodrigo Muniz Carvalho,49049,,19
Fulham,Tyrese Francois,49565,,35
Brighton & Hove Albion,Lewis Dunk,3088,Left Center Back,5
Brighton & Hove Albion,Pascal Groß,3097,Right Defensive Midfield,13
Brighton & Hove Albion,James Philip Milner,3473,Left Back,6
Brighton & Hove Albion,Daniel Nii Tackie Mensah Welbeck,3569,Right Center Forward,18
Brighton & Hove Albion,Adam David Lallana,4090,Left Center Forward,14
Brighton & Hove Albion,Joël Veltman,8067,Right Back,34
Brighton & Hove Albion,Mahmoud Dahoud,8238,Left Defensive Midfield,8
Brighton & Hove Albion,Adam Webster,9601,,4
Brighton & Hove Albion,Igor Julio dos Santos de Paulo,9741,,3
Brighton & Hove Albion,João Pedro Junqueira de Jesus,25299,Right Center Forward,9
Brighton & Hove Albion,Jan Paul van Hecke,30691,Right Center Back,29
Brighton & Hove Albion,Anssumane Fati,30756,Left Center Forward,31
Brighton & Hove Albion,Billy Gilmour,31067,Left Defensive Midfield,11
Brighton & Hove Albion,Tariq Lamptey,33602,Left Back,2
Brighton & Hove Albion,Kaoru Mitoma,37211,Left Midfield,22
Brighton & Hove Albion,Bart Verbruggen,37274,,1
Brighton & Hove Albion,Jason Steele,47553,Goalkeeper,23
Brighton & Hove Albion,Evan Ferguson,51156,Right Midfield,28
Brighton & Hove Albion,Simon Adingra,105392,Right Midfield,24
Brighton & Hove Albion,Carlos Baleba,226169,,20
Manchester United,Christian Dannemann Eriksen,3043,Left Center Midfield,14
Manchester United,Marcus Rashford,3318,Left Center Forward,10
Manchester United,Harry Maguire,3336,,5
Manchester United,Scott McTominay,3620,Right Center Midfield,39
Manchester United,Aaron Wan-Bissaka,3690,Left Center Back,29
Manchester United,Victor Nilsson Lindelöf,3702,Right Center Back,2
Manchester United,Bruno Miguel Borges Fernandes,5204,Center Attacking Midfield,8
Manchester United,Carlos Henrique Casimiro,5539,Center Defensive Midfield,18
Manchester United,André Onana,8064,Goalkeeper,24
Manchester United,Jonathan Grant Evans,11012,,35
Manchester United,José Diogo Dalot Teixeira,16028,Right Back,20
Manchester United,Sergio Reguilón Rodríguez,18620,Left Back,15
Manchester United,Anthony Martial,20039,Right Center Forward,9
Manchester United,Lisandro Martínez,27768,Left Center Back,6
Manchester United,Altay Bayındır,30442,,1
Manchester United,Facundo Pellistri Rebollo,36288,Right Center Midfield,28
Manchester United,Hannibal Mejbri,50988,Center Defensive Midfield,46
Manchester United,Rasmus Winther Højlund,51672,Right Center Forward,11
Manchester United,Alejandro Garnacho Ferreyra,52129,Left Back,17
Manchester United,Daniel Gore,99173,,44
Brentford,Mathias Jørgensen Jatta,3027,,13
Brentford,Ben Mee,3663,Left Center Back,16
Brentford,Ethan Pinnock,4610,Center Back,5
Brentford,Neal Maupay,4766,Left Center Back,7
Brentford,Bryan Mbeumo,4935,Right Center Forward,19
Brentford,Saman Ghoddos,5240,,14
Brentford,Christian Nørgaard,7097,Center Defensive Midfield,6
Brentford,Yoane Wissa,7294,Left Center Forward,11
Brentford,Thomas Strakosha,7789,,21
Brentford,Vitaly Janelt,12074,Left Center Midfield,27
Brentford,Rico Henry,13587,Left Wing Back,3
Brentford,Mathias Jensen,18722,Right Center Midfield,8
Brentford,Mads Roerslev,24440,Left Wing Back,30
Brentford,Frank Onyeka,24467,Center Defensive Midfield,15
Brentford,Nathan Michael Collins,24824,Right Center Back,22
Brentford,Mark Flekken,25000,Goalkeeper,1
Brentford,Aaron Hickey,25584,Right Wing Back,2
Brentford,Keane Lewis-Potter,32928,Left Wing Back,23
Brentford,Ehor Yarmolyuk,45803,,33
Brentford,Kevin Schade,58502,Left Center Midfield,9
Newcastle United,Jamaal Lascelles,3081,,6
Newcastle United,Jacob Murphy,3273,,23
Newcastle United,Kieran Trippier,3308,Right Back,2
Newcastle United,Nick Pope,3474,Goalkeeper,22
Newcastle United,Callum Wilson,3616,Center Forward,9
Newcastle United,Matt Targett,3651,,13
Newcastle United,Martin Dúbravka,3711,,1
Newcastle United,Dan Burn,3864,Left Back,33
Newcastle United,Sean Longstaff,4031,Right Center Midfield,36
Newcastle United,Harvey Lewis Barnes,4718,Left Wing,15
Newcastle United,Fabian Lukas Schär,5537,Right Center Back,5
Newcastle United,Alexander Isak,8819,,14
Newcastle United,Miguel Ángel Almirón Rejala,12603,Left Wing,24
Newcastle United,Sven Botman,21551,Left Center Back,4
Newcastle United,Bruno Guimarães Rodriguez Moura,25142,Center Defensive Midfield,39
Newcastle United,Anthony Gordon,28104,Right Wing,10
Newcastle United,Sandro Tonali,30752,,8
Newcastle United,Valentino Livramento,39241,,21
Newcastle United,Elliot Anderson,49702,Left Center Midfield,32
Newcastle United,Lewis Hall,134092,,20
Burnley,Jack Frank Porteous Cork,3462,,4
Burnley,Charles James Taylor,3627,Left Back,3
Burnley,Jay Rodriguez,3685,,9
Burnley,Johann Berg Guðmunds­son,3720,Right Wing,7
Burnley,Connor Roberts,4774,Right Back,14
Burnley,Josh Cullen,4837,Center Defensive Midfield,24
Burnley,Joshua Brownhill,9607,Left Center Midfield,8
Burnley,Louis Jordan Beyer,12322,Left Center Back,5
Burnley,Arijanet Murić,16234,,49
Burnley,Sander Berge,16553,Right Center Midfield,16
Burnley,Mike Trésor Ndayishimiye,21889,Right Wing,31
Burnley,Hannes Delcroix,22219,Left Center Back,44
Burnley,Manuel Benson Hedilazio,23897,,10
Burnley,Lyle Foster,29840,Center Forward,17
Burnley,James Trafford,42298,Goalkeeper,1
Burnley,Mohamed Zeki Amdouni,48335,Right Center Midfield,25
Burnley,Aaron Ramsey,122567,,21
Burnley,Anass Zaroury,131037,Right Wing,19
Burnley,Ameen Al Dakhil,131049,Right Center Back,28
Burnley,Luca Koleosho,256682,Left Wing,30
Nottingham Forest,Ibrahim Sangaré,3017,Right Defensive Midfield,6
Nottingham Forest,Moussa Niakhate,3198,,19
Nottingham Forest,Chris Wood,3505,Center Forward,11
Nottingham Forest,Cheikhou Kouyaté,3684,,8
Nottingham Forest,Ryan Yates,4239,Left Defensive Midfield,22
Nottingham Forest,Callum Hudson-Odoi,4274,Left Wing,14
Nottingham Forest,Divock Okoth Origi,4747,Left Wing,27
Nottingham Forest,Orel Mangala,8950,Left Defensive Midfield,5
Nottingham Forest,Morgan Gibbs-White,9934,Center Attacking Midfield,10
Nottingham Forest,Scott McKenna,10002,Left Center Back,26
Nottingham Forest,Odisseas Vlachodimos,10332,,23
Nottingham Forest,Temitayo Olufisayo Olaoluwa Aina,11492,Left Back,43
Nottingham Forest,Matthew Charles Turner,12352,Goalkeeper,1
Nottingham Forest,Joe Worrall,16336,Right Center Back,4
Nottingham Forest,Taiwo Michael Awoniyi,23898,Center Forward,9
Nottingham Forest,Gonzalo Ariel Montiel,28263,Right Back,29
Nottingham Forest,Nicolás Martín Domínguez,28672,,16
Nottingham Forest,Nuno Albertino Varela Tavares,30040,Left Back,3
Nottingham Forest,Anthony Elanga,50991,Right Wing,21
Nottingham Forest,Andrey Nascimento dos Santos,232885,,12
Sheffield United,Oliver McBurnie,3332,Right Center Forward,9
Sheffield United,Tom Davies,3652,Left Center Midfield,22
Sheffield United,Chris Basham,4583,Right Center Back,6
Sheffield United,Adam Davies,4584,,1
Sheffield United,Jack Robinson,10485,Left Center Back,19
Sheffield United,Oliver James Norwood,11013,Right Center Midfield,16
Sheffield United,Jayden Bogle,11896,Right Wing Back,20
Sheffield United,Auston Trusty,12359,Right Wing Back,5
Sheffield United,Gustavo Hamer,15304,Right Center Midfield,8
Sheffield United,Wesley Foderingham,21018,Goalkeeper,18
Sheffield United,Anel Ahmedhodžić,27652,Center Back,15
Sheffield United,Vinicius de Souza Costa,32587,Center Defensive Midfield,21
Sheffield United,Yasser Larouci,34793,,27
Sheffield United,Anis Ben Slimane,35592,,25
Sheffield United,Luke Thomas,42747,Left Wing Back,14
Sheffield United,James McAtee,49667,Left Center Midfield,28
Sheffield United,Cameron Archer,50563,Left Center Forward,10
Sheffield United,Bénie Adama Traoré,107581,,11
Sheffield United,Femi Seriki,119821,,38
Tottenham Hotspur,Heung-Min Son,3083,Center Forward,7
Tottenham Hotspur,Ben Davies,3086,,33
Tottenham Hotspur,Richarlison de Andrade,3280,Right Defensive Midfield,9
Tottenham Hotspur,Pierre-Emile Højbjerg,3570,Left Center Back,5
Tottenham Hotspur,Fraser Forster,3970,,20
Tottenham Hotspur,Yves Bissouma,4385,Left Defensive Midfield,8
Tottenham Hotspur,Ivan Perišić,5474,Left Wing,14
Tottenham Hotspur,James Maddison,9905,Center Attacking Midfield,10
Tottenham Hotspur,Eric Dier,10956,,15
Tottenham Hotspur,Pedro Antonio Porro Sauceda,11292,Right Back,23
Tottenham Hotspur,Cristian Gabriel Romero,20572,Right Center Back,17
Tottenham Hotspur,Oliver Skipp,22145,,4
Tottenham Hotspur,Dejan Kulusevski,22818,Right Wing,21
Tottenham Hotspur,Manor Solomon,23457,Left Wing,27
Tottenham Hotspur,Emerson Aparecido Leite de Souza Junior,23522,Right Back,12
Tottenham Hotspur,Brennan Johnson,29377,Center Forward,22
Tottenham Hotspur,Guglielmo Vicario,31225,Goalkeeper,13
Tottenham Hotspur,Micky van de Ven,32547,Left Center Back,37
Tottenham Hotspur,Iyenoma Destiny Udogie,48461,Left Back,38
Tottenham Hotspur,Pape Matar Sarr,50498,Right Defensive Midfield,29
Manchester City,Ederson Santana de Moraes,3067,Goalkeeper,31
Manchester City,Bernardo Mota Veiga de Carvalho e Silva,3193,Right Defensive Midfield,20
Manchester City,Kyle Walker,3205,Right Back,2
Manchester City,Nathan Aké,3306,Left Back,6
Manchester City,Phil Foden,4354,Right Wing,47
Manchester City,Kalvin Phillips,4706,,4
Manchester City,Scott Carson,4815,,33
Manchester City,Rúben Santos Gato Alves Dias,5206,Left Center Back,3
Manchester City,Manuel Obafemi Akanji,5549,Right Center Back,25
Manchester City,Rodrigo Hernández Cascante,6765,Left Defensive Midfield,16
Manchester City,Stefan Ortega Moreno,9194,,18
Manchester City,Sergio Gómez Martín,22199,Left Wing,21
Manchester City,Erling Håland,23616,Center Forward,9
Manchester City,Jeremy Doku,23650,Left Wing,11
Manchester City,Julián Álvarez,29560,Center Attacking Midfield,19
Manchester City,Joško Gvardiol,33018,Left Back,24
Manchester City,Matheus Luiz Nunes,40874,Right Wing,27
Manchester City,Rico Lewis,48705,Center Forward,82
Manchester City,Oscar Bobb,104825,Right Wing,52
West Ham United,Aaron Cresswell,3062,,3
West Ham United,Łukasz Fabiański,3262,,1
West Ham United,James Ward-Prowse,3328,Center Attacking Midfield,7
West Ham United,Michail Antonio,3349,Center Forward,9
West Ham United,Alphonse Areola,3379,Goalkeeper,23
West Ham United,Kurt Happy Zouma,3456,Right Center Back,4
West Ham United,Daniel William John Ings,3654,Left Defensive Midfield,18
West Ham United,Angelo Obinze Ogbonna,3843,,21
West Ham United,Emerson Palmieri dos Santos,4355,Left Back,33
West Ham United,Konstantinos Mavropanos,4781,,15
West Ham United,Tomáš Souček,4870,Right Defensive Midfield,28
West Ham United,Edson Omar Álvarez Velázquez,5567,Left Defensive Midfield,19
West Ham United,Pablo Fornals Malla,6764,,8
West Ham United,Mohamed Saïd Benrahma,7212,Left Defensive Midfield,22
West Ham United,Thilo Kehrer,8511,Right Back,24
West Ham United,Jarrod Bowen,9640,Right Wing,20
West Ham United,Nayef Aguerd,12149,Left Center Back,27
West Ham United,Vladimír Coufal,16570,Right Back,5
West Ham United,Mohammed Kudus,17033,Center Forward,14
West Ham United,Lucas Tolentino Coelho de Lima,22600,Left Wing,10
Liverpool,Joe Gomez,3495,Right Back,2
Liverpool,Joël Andre Job Matip,3502,Right Center Back,32
Liverpool,Mohamed Salah,3531,Right Wing,11
Liverpool,Andrew Robertson,3655,Left Back,26
Liverpool,Alisson Ramsés Becker,5547,Goalkeeper,1
Liverpool,Konstantinos Tsimikas,8489,,21
Liverpool,Diogo José Teixeira da Silva,9929,Left Wing,20
Liverpool,Ibrahima Konaté,11135,Left Center Back,5
Liverpool,Cody Mathès Gakpo,20750,Center Forward,18
Liverpool,Dominik Szoboszlai,21209,Right Center Midfield,8
Liverpool,Ryan Gravenberch,23230,Right Center Forward,38
Liverpool,Wataru Endo,23721,,3
Liverpool,Harvey Elliott,24938,Right Midfield,19
Liverpool,Luis Fernando Díaz Marulanda,27158,Left Midfield,7
Liverpool,Alexis Mac Allister,27886,Center Defensive Midfield,10
Liverpool,Darwin Gabriel Núñez Ribeiro,32478,Left Center Forward,9
Liverpool,Curtis Jones,33231,Left Center Midfield,17
Liverpool,Caoimhin Kelleher,34959,,62
Liverpool,Jarell Quansah,40908,Left Center Back,78
Liverpool,Stefan Bajcetic Maquieira,122573,,43
Wolverhampton Wanderers,Craig Dawson,3523,Right Center Back,15
Wolverhampton Wanderers,Mario Lemina,3951,Left Defensive Midfield,5
Wolverhampton Wanderers,Daniel Bentley,4773,,25
Wolverhampton Wanderers,Hee-Chan Hwang,5620,Right Wing,11
Wolverhampton Wanderers,Nélson Cabral Semedo,6374,Right Back,22
Wolverhampton Wanderers,Pablo Sarabia García,6720,,21
Wolverhampton Wanderers,Matt Doherty,9925,Right Wing,2
Wolverhampton Wanderers,Rayan Aït Nouri,12111,Left Back,3
Wolverhampton Wanderers,Matheus Santos Carneiro da Cunha,12425,Center Forward,12
Wolverhampton Wanderers,Sasa Kalajdzic,18762,,18
Wolverhampton Wanderers,José Pedro Malheiro de Sá,18866,Goalkeeper,1
Wolverhampton Wanderers,Jean-Ricner Bellegarde,19718,Center Attacking Midfield,27
Wolverhampton Wanderers,Pedro Lomba Neto,23256,Left Wing,7
Wolverhampton Wanderers,Maximilian William Kilman,24940,Left Center Back,23
Wolverhampton Wanderers,Fábio Daniel Soares Silva,30088,Center Forward,9
Wolverhampton Wanderers,Thomas Doyle,34789,Center Attacking Midfield,20
Wolverhampton Wanderers,João Victor Gomes da Silva,48720,Right Defensive Midfield,8
Wolverhampton Wanderers,Tote António Gomes,48941,,24
Wolverhampton Wanderers,Boubacar Traore,58878,Left Defensive Midfield,6
Wolverhampton Wanderers,Hugo Bueno,82220,Left Back,17
Tottenham Hotspur,Heung-Min Son,3083,Center Forward,7
Tottenham Hotspur,Ben Davies,3086,,33
Tottenham Hotspur,Richarlison de Andrade,3280,Center Forward,9
Tottenham Hotspur,Pierre-Emile Højbjerg,3570,Center Attacking Midfield,5
Tottenham Hotspur,Fraser Forster,3970,,20
Tottenham Hotspur,Yves Bissouma,4385,Left Defensive Midfield,8
Tottenham Hotspur,James Maddison,9905,Center Attacking Midfield,10
Tottenham Hotspur,Eric Dier,10956,,15
Tottenham Hotspur,Pedro Antonio Porro Sauceda,11292,Right Back,23
Tottenham Hotspur,Cristian Gabriel Romero,20572,Right Center Back,17
Tottenham Hotspur,Oliver Skipp,22145,,4
Tottenham Hotspur,Dejan Kulusevski,22818,Right Wing,21
Tottenham Hotspur,Manor Solomon,23457,Left Wing,27
Tottenham Hotspur,Emerson Aparecido Leite de Souza Junior,23522,,12
Tottenham Hotspur,Brennan Johnson,29377,Left Wing,22
Tottenham Hotspur,Guglielmo Vicario,31225,Goalkeeper,13
Tottenham Hotspur,Micky van de Ven,32547,Left Center Back,37
Tottenham Hotspur,Iyenoma Destiny Udogie,48461,Left Back,38
Tottenham Hotspur,Pape Matar Sarr,50498,Right Defensive Midfield,29
Tottenham Hotspur,Alejo Véliz,112971,,36
Arsenal,Gabriel Fernando de Jesus,3202,Left Wing,9
Arsenal,Cédric Ricardo Alves Soares,3329,,17
Arsenal,Mohamed Naser Elsayed Elneny,3568,,25
Arsenal,Reiss Nelson,3571,Left Wing,24
Arsenal,Oleksandr Zinchenko,3575,Left Back,35
Arsenal,Edward Nketiah,3737,Center Forward,14
Arsenal,Declan Rice,3943,Center Defensive Midfield,41
Arsenal,David Raya Martin,4127,Goalkeeper,22
Arsenal,Gabriel dos Santos Magalhães,6406,Left Center Back,6
Arsenal,Jorge Luiz Frello Filho,7024,Center Defensive Midfield,20
Arsenal,Martin Ødegaard,8252,Right Center Midfield,8
Arsenal,Kai Havertz,8966,Left Center Midfield,29
Arsenal,Emile Smith Rowe,16591,Left Wing,10
Arsenal,William Saliba,17592,Right Center Back,2
Arsenal,Bukayo Saka,22084,Right Wing,7
Arsenal,Aaron Ramsdale,22783,,1
Arsenal,Ben White,22809,Right Back,4
Arsenal,Takehiro Tomiyasu,23730,,18
Arsenal,Fabio Daniel Ferreira Vieira,39162,Left Center Midfield,21
Arsenal,Jakub Piotr Kiwior,44166,,15
Everton,Abdoulaye Doucouré,3292,Center Attacking Midfield,16
Everton,Idrissa Gana Gueye,3436,Left Defensive Midfield,27
Everton,Michael Keane,3438,,5
Everton,Jordan Pickford,3468,Goalkeeper,1
Everton,Dominic Calvert-Lewin,3470,Center Forward,9
Everton,Ashley Young,3612,Right Back,18
Everton,James Tarkowski,3628,Right Center Back,6
Everton,Ben Godfrey,4076,,22
Everton,Dwight McNeil,5111,Left Midfield,7
Everton,Arnaut Danjuma Groeneveld,16284,Right Midfield,10
Everton,Vitalii Mykolenko,20827,Left Back,19
Everton,James Garner,23625,Right Midfield,37
Everton,João Manuel Neves Virginia,29378,,12
Everton,Norberto Bercique Gomes Betuncal,30006,Center Forward,14
Everton,Jarrad Branthwaite,32762,Left Center Back,32
Everton,Nathan Patterson,37338,,2
Everton,Amadou Onana,48347,Right Defensive Midfield,8
Everton,Mackenzie Hunt,49671,,58
Everton,Lewis Norman Dobbin,50505,,61
Everton,Youssef Ramalho Chermiti,149581,,28
Brentford,Mathias Jørgensen Jatta,3027,,13
Brentford,Ethan Pinnock,4610,Left Center Back,5
Brentford,Bryan Mbeumo,4935,Right Wing,19
Brentford,Saman Ghoddos,5240,Left Wing Back,14
Brentford,Christian Nørgaard,7097,Center Defensive Midfield,6
Brentford,Yoane Wissa,7294,Center Forward,11
Brentford,Thomas Strakosha,7789,,21
Brentford,Kristoffer Vassbakk Ajer,10532,Right Back,20
Brentford,Vitaly Janelt,12074,Left Center Midfield,27
Brentford,Mathias Jensen,18722,Right Center Midfield,8
Brentford,Mads Roerslev,24440,Right Back,30
Brentford,Frank Onyeka,24467,Right Center Midfield,15
Brentford,Nathan Michael Collins,24824,Right Center Back,22
Brentford,Mark Flekken,25000,Goalkeeper,1
Brentford,Aaron Hickey,25584,Left Back,2
Brentford,Keane Lewis-Potter,32928,Left Wing,23
Brentford,Ehor Yarmolyuk,45803,,33
Brentford,Ellery Balcombe,47218,,40
Brentford,Ethan Craig Brierley,47309,,38
Brentford,Michael Olakigbe,133178,Left Center Forward,37
AFC Bournemouth,Philip Billing,3331,Left Defensive Midfield,29
AFC Bournemouth,Dominic Solanke,3614,Center Forward,9
AFC Bournemouth,Lewis Cook,3615,Right Defensive Midfield,4
AFC Bournemouth,Marcus Tavernier,4111,Right Wing,16
AFC Bournemouth,Joe Rothwell,4143,,8
AFC Bournemouth,David Brooks,4567,Right Wing,7
AFC Bournemouth,Adam Smith,6409,,15
AFC Bournemouth,Norberto Murara Neto,6590,Goalkeeper,1
AFC Bournemouth,Justin Kluivert,8063,Left Wing,19
AFC Bournemouth,Antoine Semenyo,9286,Left Wing,24
AFC Bournemouth,Lloyd Kelly,9938,Left Center Back,5
AFC Bournemouth,Hamed Junior Traorè,12495,Center Attacking Midfield,22
AFC Bournemouth,Ryan Christie,12510,Center Attacking Midfield,10
AFC Bournemouth,Luis Fernando Sinisterra Lucumí,16184,,17
AFC Bournemouth,Maximillian James Aarons,16689,Right Back,37
AFC Bournemouth,Ionuț Andrei Radu,18237,,20
AFC Bournemouth,Marcos Senesi,27773,Left Center Back,25
AFC Bournemouth,Illia Zabarnyi,39136,Right Center Back,27
AFC Bournemouth,Milos Kerkez,89635,Left Back,3
AFC Bournemouth,Dango Aboubacar Faissal Ouattara,95042,Right Wing,11
Brighton & Hove Albion,Solomon March,3074,,7
Brighton & Hove Albion,Lewis Dunk,3088,Left Center Back,5
Brighton & Hove Albion,Daniel Nii Tackie Mensah Welbeck,3569,Right Center Forward,18
Brighton & Hove Albion,Adam David Lallana,4090,,14
Brighton & Hove Albion,Joël Veltman,8067,Right Back,34
Brighton & Hove Albion,Mahmoud Dahoud,8238,Left Defensive Midfield,8
Brighton & Hove Albion,Adam Webster,9601,Right Center Back,4
Brighton & Hove Albion,Igor Julio dos Santos de Paulo,9741,,3
Brighton & Hove Albion,Pervis Josué Estupiñán Tenorio,24085,Left Back,30
Brighton & Hove Albion,João Pedro Junqueira de Jesus,25299,Right Center Forward,9
Brighton & Hove Albion,Anssumane Fati,30756,Left Center Forward,31
Brighton & Hove Albion,Billy Gilmour,31067,Right Defensive Midfield,11
Brighton & Hove Albion,Tariq Lamptey,33602,Right Midfield,2
Brighton & Hove Albion,Kaoru Mitoma,37211,Left Midfield,22
Brighton & Hove Albion,Bart Verbruggen,37274,Goalkeeper,1
Brighton & Hove Albion,Jason Steele,47553,,23
Brighton & Hove Albion,Evan Ferguson,51156,Left Center Forward,28
Brighton & Hove Albion,Simon Adingra,105392,Left Midfield,24
Brighton & Hove Albion,Facundo Valentín Buonanotte,196954,Right Midfield,40
Brighton & Hove Albion,Carlos Baleba,226169,Left Defensive Midfield,20
Manchester United,Christian Dannemann Eriksen,3043,,14
Manchester United,Marcus Rashford,3318,Left Wing,10
Manchester United,Scott McTominay,3620,Left Defensive Midfield,39
Manchester United,Victor Nilsson Lindelöf,3702,Right Center Back,2
Manchester United,Bruno Miguel Borges Fernandes,5204,Right Wing,8
Manchester United,Sofyan Amrabat,5234,Left Center Back,4
Manchester United,Raphaël Varane,5485,Left Back,19
Manchester United,Carlos Henrique Casimiro,5539,Right Defensive Midfield,18
Manchester United,Donny van de Beek,8062,,34
Manchester United,André Onana,8064,Goalkeeper,24
Manchester United,Jonathan Grant Evans,11012,Left Center Back,35
Manchester United,José Diogo Dalot Teixeira,16028,Right Back,20
Manchester United,Sergio Reguilón Rodríguez,18620,Left Back,15
Manchester United,Anthony Martial,20039,,9
Manchester United,Altay Bayındır,30442,,1
Manchester United,Facundo Pellistri Rebollo,36288,,28
Manchester United,Hannibal Mejbri,50988,Center Attacking Midfield,46
Manchester United,Rasmus Winther Højlund,51672,Center Forward,11
Manchester United,Alejandro Garnacho Ferreyra,52129,,17
Manchester United,Daniel Gore,99173,,44
Burnley,Jack Frank Porteous Cork,3462,,4
Burnley,Charles James Taylor,3627,Left Back,3
Burnley,Jay Rodriguez,3685,Center Forward,9
Burnley,Johann Berg Guðmunds­son,3720,Right Wing,7
Burnley,Connor Roberts,4774,Right Back,14
Burnley,Josh Cullen,4837,Center Defensive Midfield,24
Burnley,Jacob Bruun Larsen,8961,Right Wing,34
Burnley,Joshua Brownhill,9607,Left Center Midfield,8
Burnley,Louis Jordan Beyer,12322,Left Center Back,5
Burnley,Arijanet Murić,16234,,49
Burnley,Sander Berge,16553,Right Center Midfield,16
Burnley,Mike Trésor Ndayishimiye,21889,Left Wing,31
Burnley,Hannes Delcroix,22219,,44
Burnley,Manuel Benson Hedilazio,23897,Left Center Midfield,10
Burnley,James Trafford,42298,Goalkeeper,1
Burnley,Mohamed Zeki Amdouni,48335,Center Forward,25
Burnley,Aaron Ramsey,122567,Right Center Midfield,21
Burnley,Anass Zaroury,131037,,19
Burnley,Ameen Al Dakhil,131049,Right Center Back,28
Burnley,Luca Koleosho,256682,Left Wing,30
Aston Villa,Youri Tielemans,2954,Right Center Forward,8
Aston Villa,Calum Chambers,3713,,16
Aston Villa,Ezri Konsa Ngoyo,3822,Right Center Back,4
Aston Villa,Boubacar Kamara,4433,Right Defensive Midfield,44
Aston Villa,Matty Cash,4734,Right Back,2
Aston Villa,Ollie Watkins,4760,Center Forward,11
Aston Villa,Robin Olsen,5622,,25
Aston Villa,Leander Dendoncker,6331,Right Defensive Midfield,32
Aston Villa,Douglas Luiz Soares de Paulo,6574,Left Defensive Midfield,6
Aston Villa,Clément Lenglet,6826,,17
Aston Villa,Lucas Digne,6849,Left Back,12
Aston Villa,Pau Francisco Torres,6892,Left Center Back,14
Aston Villa,Damián Emiliano Martínez,6909,Goalkeeper,1
Aston Villa,Leon Bailey Butler,8214,Left Wing,31
Aston Villa,Moussa Diaby,8292,Center Attacking Midfield,19
Aston Villa,John McGinn,9974,Right Wing,7
Aston Villa,Nicolò Zaniolo,16062,Left Wing,22
Aston Villa,Jacob Ramsey,23500,Right Wing,41
Aston Villa,Jhon Jáder Durán Palacio,30976,Center Forward,24
Aston Villa,Omari Kellyman,332163,,71
Chelsea,Raheem Sterling,3233,Right Wing,7
Chelsea,Thiago Emiliano da Silva,3295,Left Center Back,6
Chelsea,Ben Chilwell,3458,Left Midfield,21
Chelsea,Axel Disasi,7439,Right Center Back,2
Chelsea,Robert Lynch Sanchez,9843,Goalkeeper,1
Chelsea,Marc Cucurella Saseta,17620,,3
Chelsea,Conor Gallagher,29399,Left Defensive Midfield,23
Chelsea,Đorđe Petrović,32565,,28
Chelsea,Armando Broja,36885,Right Defensive Midfield,19
Chelsea,Moisés Isaac Caicedo Corozo,37726,Right Defensive Midfield,25
Chelsea,Enzo Fernandez,38718,Center Attacking Midfield,8
Chelsea,Levi Colwill,38992,Left Back,26
Chelsea,Ian Maatsen,39092,,29
Chelsea,Malo Gusto,39260,Right Back,27
Chelsea,Cole Palmer,39461,Right Midfield,20
Chelsea,Mykhailo Mudryk,39483,Left Wing,10
Chelsea,Lesley Chimuanya Ugochukwu,44738,Center Forward,16
Chelsea,Nicolas Jackson,50497,Center Forward,15
Chelsea,Lucas Carl Edvard Bergström,52170,,47
Chelsea,Deivid Washington de Souza Eugênio,271873,,36
Fulham,Willian Borges da Silva,3472,Left Wing,20
Fulham,Alex Iwobi,3647,Left Center Midfield,22
Fulham,Fodé Ballo Touré,3675,,12
Fulham,Marek Rodák,4152,,1
Fulham,Issa Diop,4349,Right Center Back,31
Fulham,Antonee Robinson,4614,Left Back,33
Fulham,Raúl Alonso Jiménez Rodríguez,5568,Center Forward,7
Fulham,Andreas Hoelgebaum Pereira,6846,Left Center Midfield,18
Fulham,Timothy Castagne,6989,Right Back,21
Fulham,Harry Wilson,9540,Right Wing,8
Fulham,Bobby Armani De Cordova-Reid,9923,Right Wing,14
Fulham,Tom Cairney,10284,,10
Fulham,Harrison Reed,11936,Right Center Midfield,6
Fulham,João Maria Lobo Alves Palhinha Gonçalves,12169,Center Defensive Midfield,26
Fulham,Carlos Vinícius Alves Morais,13639,Center Forward,30
Fulham,Bernd Leno,15581,Goalkeeper,17
Fulham,Tim Ream,18242,Left Center Back,13
Fulham,Calvin Bassey Ughelumba,43779,,3
Fulham,Rodrigo Muniz Carvalho,49049,,19
Fulham,Tyrese Francois,49565,,35
Crystal Palace,Joel Ward,3443,Right Back,2
Crystal Palace,Jordan Ayew,3450,Right Wing,9
Crystal Palace,Jeffrey Schlupp,3520,Center Attacking Midfield,15
Crystal Palace,Jaïro Riedewald,3591,,44
Crystal Palace,Remi Matthews,4059,,31
Crystal Palace,Dean Henderson,4073,,30
Crystal Palace,Will Hughes,4588,Left Defensive Midfield,19
Crystal Palace,Nathaniel Edwin Clyne,4590,,17
Crystal Palace,Rob Holding,4591,,4
Crystal Palace,Jean-Philippe Mateta,7403,Center Attacking Midfield,14
Crystal Palace,Joachim Andersen,8247,Right Center Back,16
Crystal Palace,Eberechi Eze,9000,Left Wing,10
Crystal Palace,Sam Johnstone,9458,Goalkeeper,1
Crystal Palace,Odsonne Édouard,10544,Center Forward,22
Crystal Palace,Cheick Oumar Doucoure,13851,Right Defensive Midfield,28
Crystal Palace,Marc Guehi,34526,Left Center Back,6
Crystal Palace,Chris Richards,41266,,26
Crystal Palace,Tyrick Mitchell,41437,Left Back,3
Crystal Palace,Jesuran Rak-Sakyi,106904,Center Attacking Midfield,49
Crystal Palace,Malcolm Ebiowei,141397,,23
West Ham United,Gnaly Maxwell Cornet,3162,,17
West Ham United,Łukasz Fabiański,3262,,1
West Ham United,James Ward-Prowse,3328,Center Attacking Midfield,7
West Ham United,Michail Antonio,3349,Center Forward,9
West Ham United,Alphonse Areola,3379,Goalkeeper,23
West Ham United,Kurt Happy Zouma,3456,Right Center Back,4
West Ham United,Daniel William John Ings,3654,Center Attacking Midfield,18
West Ham United,Angelo Obinze Ogbonna,3843,,21
West Ham United,Emerson Palmieri dos Santos,4355,Left Back,33
West Ham United,Konstantinos Mavropanos,4781,,15
West Ham United,Tomáš Souček,4870,Right Defensive Midfield,28
West Ham United,Edson Omar Álvarez Velázquez,5567,Left Defensive Midfield,19
West Ham United,Pablo Fornals Malla,6764,Right Defensive Midfield,8
West Ham United,Mohamed Saïd Benrahma,7212,,22
West Ham United,Thilo Kehrer,8511,,24
West Ham United,Jarrod Bowen,9640,Right Wing,20
West Ham United,Nayef Aguerd,12149,Left Center Back,27
West Ham United,Vladimír Coufal,16570,Right Back,5
West Ham United,Mohammed Kudus,17033,Center Forward,14
West Ham United,Lucas Tolentino Coelho de Lima,22600,Left Wing,10
Liverpool,Joe Gomez,3495,Right Back,2
Liverpool,Joël Andre Job Matip,3502,Right Center Back,32
Liverpool,Mohamed Salah,3531,Right Wing,11
Liverpool,Andrew Robertson,3655,Left Back,26
Liverpool,Virgil van Dijk,3669,Left Center Back,4
Liverpool,Alisson Ramsés Becker,5547,Goalkeeper,1
Liverpool,Konstantinos Tsimikas,8489,,21
Liverpool,Diogo José Teixeira da Silva,9929,Left Wing,20
Liverpool,Ibrahima Konaté,11135,,5
Liverpool,Cody Mathès Gakpo,20750,Center Forward,18
Liverpool,Dominik Szoboszlai,21209,Right Center Midfield,8
Liverpool,Ryan Gravenberch,23230,Left Center Midfield,38
Liverpool,Wataru Endo,23721,Center Defensive Midfield,3
Liverpool,Harvey Elliott,24938,,19
Liverpool,Luis Fernando Díaz Marulanda,27158,Left Wing,7
Liverpool,Alexis Mac Allister,27886,Center Defensive Midfield,10
Liverpool,Darwin Gabriel Núñez Ribeiro,32478,Center Forward,9
Liverpool,Curtis Jones,33231,Left Center Midfield,17
Liverpool,Caoimhin Kelleher,34959,,62
Liverpool,Jarell Quansah,40908,,78
Wolverhampton Wanderers,Craig Dawson,3523,Right Center Back,15
Wolverhampton Wanderers,Mario Lemina,3951,Right Defensive Midfield,5
Wolverhampton Wanderers,Daniel Bentley,4773,,25
Wolverhampton Wanderers,Hee-Chan Hwang,5620,Left Wing,11
Wolverhampton Wanderers,Nélson Cabral Semedo,6374,Right Back,22
Wolverhampton Wanderers,Pablo Sarabia García,6720,,21
Wolverhampton Wanderers,Matt Doherty,9925,Left Wing Back,2
Wolverhampton Wanderers,Rayan Aït Nouri,12111,Left Back,3
Wolverhampton Wanderers,Matheus Santos Carneiro da Cunha,12425,Center Forward,12
Wolverhampton Wanderers,Sasa Kalajdzic,18762,,18
Wolverhampton Wanderers,José Pedro Malheiro de Sá,18866,Goalkeeper,1
Wolverhampton Wanderers,Jean-Ricner Bellegarde,19718,Center Attacking Midfield,27
Wolverhampton Wanderers,Pedro Lomba Neto,23256,Right Wing,7
Wolverhampton Wanderers,Maximilian William Kilman,24940,Left Center Back,23
Wolverhampton Wanderers,Fábio Daniel Soares Silva,30088,,9
Wolverhampton Wanderers,Thomas Doyle,34789,Left Center Midfield,20
Wolverhampton Wanderers,João Victor Gomes da Silva,48720,Left Defensive Midfield,8
Wolverhampton Wanderers,Tote António Gomes,48941,Left Center Back,24
Wolverhampton Wanderers,Boubacar Traore,58878,Left Center Forward,6
Wolverhampton Wanderers,Hugo Bueno,82220,Right Wing Back,17
Luton Town,Tom Lockyer,3839,Center Back,4
Luton Town,Amari'i Bell,4128,Left Center Back,29
Luton Town,Carlton Morris,4220,Center Forward,9
Luton Town,Reece Burke,4605,Right Center Back,16
Luton Town,Timothy Michael Krul,9467,,23
Luton Town,Pelly Ruddock Mpanzu,9674,Right Defensive Midfield,17
Luton Town,Elijah Adebayo,9827,Right Wing Back,11
Luton Town,Jacob Brown,12197,Right Wing,19
Luton Town,Chiedozie Ogbene,13306,Left Wing,7
Luton Town,Marvelous Nakamba,18739,Left Defensive Midfield,13
Luton Town,Cauley Woodrow,21090,Right Wing,10
Luton Town,Albert-Mboyo Sambi Lokonga,21304,Right Defensive Midfield,28
Luton Town,Luke Berry,22175,,8
Luton Town,Tahith Chong,23636,,14
Luton Town,Thomas Kaminski,23741,Goalkeeper,24
Luton Town,Mads Juel Andersen,24332,,5
Luton Town,Ryan Giles,29397,Left Wing Back,26
Luton Town,Alfie Doughty,33074,Left Wing Back,45
Luton Town,Issa Kabore,35471,Right Wing Back,12
Luton Town,Teden Mengi,43604,,15
Nottingham Forest,Ibrahim Sangaré,3017,Right Defensive Midfield,6
Nottingham Forest,Moussa Niakhate,3198,Left Center Back,19
Nottingham Forest,Serge Aurier,3481,Right Center Back,24
Nottingham Forest,Chris Wood,3505,Center Forward,11
Nottingham Forest,Cheikhou Kouyaté,3684,,8
Nottingham Forest,Ryan Yates,4239,,22
Nottingham Forest,Callum Hudson-Odoi,4274,Right Center Back,14
Nottingham Forest,Divock Okoth Origi,4747,Left Back,27
Nottingham Forest,Orel Mangala,8950,Left Defensive Midfield,5
Nottingham Forest,Willy Boly,9933,Center Back,30
Nottingham Forest,Morgan Gibbs-White,9934,Right Wing,10
Nottingham Forest,Odisseas Vlachodimos,10332,,23
Nottingham Forest,Temitayo Olufisayo Olaoluwa Aina,11492,Right Wing Back,43
Nottingham Forest,Matthew Charles Turner,12352,Goalkeeper,1
Nottingham Forest,Joe Worrall,16336,,4
Nottingham Forest,Taiwo Michael Awoniyi,23898,Center Forward,9
Nottingham Forest,Gonzalo Ariel Montiel,28263,Right Wing Back,29
Nottingham Forest,Nicolás Martín Domínguez,28672,Left Wing,16
Nottingham Forest,Nuno Albertino Varela Tavares,30040,Left Wing Back,3
Nottingham Forest,Anthony Elanga,50991,Right Defensive Midfield,21
Manchester City,Ederson Santana de Moraes,3067,Goalkeeper,31
Manchester City,Kyle Walker,3205,Right Back,2
Manchester City,Nathan Aké,3306,Right Midfield,6
Manchester City,Phil Foden,4354,Right Wing,47
Manchester City,Kalvin Phillips,4706,Right Defensive Midfield,4
Manchester City,Scott Carson,4815,,33
Manchester City,Rúben Santos Gato Alves Dias,5206,Left Center Back,3
Manchester City,Manuel Obafemi Akanji,5549,Right Center Back,25
Manchester City,Rodrigo Hernández Cascante,6765,Left Defensive Midfield,16
Manchester City,Stefan Ortega Moreno,9194,,18
Manchester City,Jack Grealish,9638,Left Center Midfield,10
Manchester City,Sergio Gómez Martín,22199,,21
Manchester City,Erling Håland,23616,Center Forward,9
Manchester City,Jeremy Doku,23650,Left Wing,11
Manchester City,Julián Álvarez,29560,Center Attacking Midfield,19
Manchester City,Joško Gvardiol,33018,Left Back,24
Manchester City,Matheus Luiz Nunes,40874,Right Defensive Midfield,27
Manchester City,Rico Lewis,48705,,82
Manchester City,Oscar Bobb,104825,,52
Newcastle United,Jamaal Lascelles,3081,,6
Newcastle United,Jacob Murphy,3273,,23
Newcastle United,Kieran Trippier,3308,Right Back,2
Newcastle United,Nick Pope,3474,Goalkeeper,22
Newcastle United,Callum Wilson,3616,Center Forward,9
Newcastle United,Matt Targett,3651,,13
Newcastle United,Martin Dúbravka,3711,,1
Newcastle United,Dan Burn,3864,Left Back,33
Newcastle United,Sean Longstaff,4031,Right Center Midfield,36
Newcastle United,Harvey Lewis Barnes,4718,Left Wing,15
Newcastle United,Fabian Lukas Schär,5537,Right Center Back,5
Newcastle United,Alexander Isak,8819,Center Forward,14
Newcastle United,Miguel Ángel Almirón Rejala,12603,Right Wing,24
Newcastle United,Sven Botman,21551,Left Center Back,4
Newcastle United,Bruno Guimarães Rodriguez Moura,25142,Center Defensive Midfield,39
Newcastle United,Anthony Gordon,28104,Left Wing,10
Newcastle United,Sandro Tonali,30752,Right Wing,8
Newcastle United,Valentino Livramento,39241,Right Back,21
Newcastle United,Elliot Anderson,49702,Left Center Midfield,32
Newcastle United,Lewis Hall,134092,Left Center Midfield,20
Sheffield United,Tom Davies,3652,Right Defensive Midfield,22
Sheffield United,Chris Basham,4583,Left Wing,6
Sheffield United,Adam Davies,4584,,1
Sheffield United,John Egan,4768,Center Back,12
Sheffield United,Jack Robinson,10485,Left Center Back,19
Sheffield United,Oliver James Norwood,11013,Right Defensive Midfield,16
Sheffield United,Jayden Bogle,11896,Right Wing Back,20
Sheffield United,Auston Trusty,12359,,5
Sheffield United,Gustavo Hamer,15304,Left Attacking Midfield,8
Sheffield United,Wesley Foderingham,21018,Goalkeeper,18
Sheffield United,Anel Ahmedhodžić,27652,Right Center Back,15
Sheffield United,Vinicius de Souza Costa,32587,Left Defensive Midfield,21
Sheffield United,Yasser Larouci,34793,,27
Sheffield United,Anis Ben Slimane,35592,Center Attacking Midfield,25
Sheffield United,Luke Thomas,42747,Left Wing Back,14
Sheffield United,James McAtee,49667,Right Attacking Midfield,28
Sheffield United,Cameron Archer,50563,Center Forward,10
Sheffield United,Bénie Adama Traoré,107581,Right Center Forward,11
Sheffield United,Femi Seriki,119821,,38
Sheffield United,Andre Brooks,153124,,35
Arsenal,Gabriel Fernando de Jesus,3202,Left Wing,9
Arsenal,Mohamed Naser Elsayed Elneny,3568,,25
Arsenal,Reiss Nelson,3571,Center Forward,24
Arsenal,Oleksandr Zinchenko,3575,Left Back,35
Arsenal,Edward Nketiah,3737,Center Forward,14
Arsenal,Declan Rice,3943,Center Defensive Midfield,41
Arsenal,David Raya Martin,4127,Goalkeeper,22
Arsenal,Gabriel dos Santos Magalhães,6406,Left Center Back,6
Arsenal,Jorge Luiz Frello Filho,7024,Center Defensive Midfield,20
Arsenal,Martin Ødegaard,8252,Right Center Midfield,8
Arsenal,Kai Havertz,8966,Left Center Midfield,29
Arsenal,Leandro Trossard,16559,,19
Arsenal,Emile Smith Rowe,16591,Left Center Midfield,10
Arsenal,William Saliba,17592,Right Center Back,2
Arsenal,Bukayo Saka,22084,Right Wing,7
Arsenal,Aaron Ramsdale,22783,,1
Arsenal,Ben White,22809,Right Back,4
Arsenal,Takehiro Tomiyasu,23730,Left Back,18
Arsenal,Fabio Daniel Ferreira Vieira,39162,Right Wing,21
Arsenal,Jakub Piotr Kiwior,44166,,15
AFC Bournemouth,Philip Billing,3331,Center Attacking Midfield,29
AFC Bournemouth,Dominic Solanke,3614,Center Forward,9
AFC Bournemouth,Lewis Cook,3615,Left Defensive Midfield,4
AFC Bournemouth,Kieffer Roberto Francisco Moore,3853,,21
AFC Bournemouth,Marcus Tavernier,4111,Right Wing,16
AFC Bournemouth,Joe Rothwell,4143,Right Defensive Midfield,8
AFC Bournemouth,David Brooks,4567,,7
AFC Bournemouth,Adam Smith,6409,Center Attacking Midfield,15
AFC Bournemouth,Norberto Murara Neto,6590,Goalkeeper,1
AFC Bournemouth,Justin Kluivert,8063,Left Wing,19
AFC Bournemouth,Antoine Semenyo,9286,Left Back,24
AFC Bournemouth,Hamed Junior Traorè,12495,,22
AFC Bournemouth,Ryan Christie,12510,Right Defensive Midfield,10
AFC Bournemouth,Luis Fernando Sinisterra Lucumí,16184,Left Wing,17
AFC Bournemouth,Maximillian James Aarons,16689,Right Back,37
AFC Bournemouth,Ionuț Andrei Radu,18237,,20
AFC Bournemouth,Marcos Senesi,27773,Left Center Back,25
AFC Bournemouth,Illia Zabarnyi,39136,Right Center Back,27
AFC Bournemouth,Milos Kerkez,89635,Left Back,3
AFC Bournemouth,Dango Aboubacar Faissal Ouattara,95042,Right Wing,11
Brighton & Hove Albion,Solomon March,3074,Right Midfield,7
Brighton & Hove Albion,Lewis Dunk,3088,Left Center Back,5
Brighton & Hove Albion,Daniel Nii Tackie Mensah Welbeck,3569,Right Center Forward,18
Brighton & Hove Albion,Joël Veltman,8067,Right Back,34
Brighton & Hove Albion,Mahmoud Dahoud,8238,,8
Brighton & Hove Albion,Adam Webster,9601,Right Center Back,4
Brighton & Hove Albion,Igor Julio dos Santos de Paulo,9741,,3
Brighton & Hove Albion,Pervis Josué Estupiñán Tenorio,24085,Left Back,30
Brighton & Hove Albion,João Pedro Junqueira de Jesus,25299,Right Center Forward,9
Brighton & Hove Albion,Jan Paul van Hecke,30691,,29
Brighton & Hove Albion,Anssumane Fati,30756,Left Center Forward,31
Brighton & Hove Albion,Billy Gilmour,31067,Right Defensive Midfield,11
Brighton & Hove Albion,Tariq Lamptey,33602,Left Back,2
Brighton & Hove Albion,Kaoru Mitoma,37211,Left Midfield,22
Brighton & Hove Albion,Bart Verbruggen,37274,,1
Brighton & Hove Albion,Jason Steele,47553,Goalkeeper,23
Brighton & Hove Albion,Evan Ferguson,51156,Left Center Forward,28
Brighton & Hove Albion,Simon Adingra,105392,Right Midfield,24
Brighton & Hove Albion,Jack Hinshelwood,155312,Left Defensive Midfield,41
Brighton & Hove Albion,Carlos Baleba,226169,Left Defensive Midfield,20
Aston Villa,Youri Tielemans,2954,Right Defensive Midfield,8
Aston Villa,Bertrand Isidore Traoré,2956,,9
Aston Villa,Diego Carlos Santos Silva,3366,,3
Aston Villa,Calum Chambers,3713,,16
Aston Villa,Ezri Konsa Ngoyo,3822,Right Center Back,4
Aston Villa,Boubacar Kamara,4433,Right Defensive Midfield,44
Aston Villa,Matty Cash,4734,Right Back,2
Aston Villa,Ollie Watkins,4760,Left Center Forward,11
Aston Villa,Robin Olsen,5622,,25
Aston Villa,Leander Dendoncker,6331,,32
Aston Villa,Douglas Luiz Soares de Paulo,6574,Left Defensive Midfield,6
Aston Villa,Clément Lenglet,6826,,17
Aston Villa,Lucas Digne,6849,Left Back,12
Aston Villa,Pau Francisco Torres,6892,Left Center Back,14
Aston Villa,Damián Emiliano Martínez,6909,Goalkeeper,1
Aston Villa,Moussa Diaby,8292,Right Center Forward,19
Aston Villa,John McGinn,9974,Right Midfield,7
Aston Villa,Nicolò Zaniolo,16062,Left Midfield,22
Aston Villa,Jacob Ramsey,23500,Left Midfield,41
Aston Villa,Jhon Jáder Durán Palacio,30976,Right Center Forward,24
Luton Town,Tom Lockyer,3839,Center Back,4
Luton Town,Amari'i Bell,4128,Left Center Back,29
Luton Town,Carlton Morris,4220,Center Forward,9
Luton Town,Reece Burke,4605,Right Center Back,16
Luton Town,Timothy Michael Krul,9467,,23
Luton Town,Pelly Ruddock Mpanzu,9674,Left Defensive Midfield,17
Luton Town,Elijah Adebayo,9827,Center Forward,11
Luton Town,Jacob Brown,12197,Right Attacking Midfield,19
Luton Town,Chiedozie Ogbene,13306,Left Attacking Midfield,7
Luton Town,Marvelous Nakamba,18739,Right Defensive Midfield,13
Luton Town,Cauley Woodrow,21090,Left Wing Back,10
Luton Town,Luke Berry,22175,,8
Luton Town,Tahith Chong,23636,,14
Luton Town,Thomas Kaminski,23741,Goalkeeper,24
Luton Town,Mads Juel Andersen,24332,Center Back,5
Luton Town,Ryan Giles,29397,,26
Luton Town,Alfie Doughty,33074,Left Wing Back,45
Luton Town,Issa Kabore,35471,Right Wing Back,12
Luton Town,Teden Mengi,43604,Right Center Back,15
Luton Town,Joseph Nathan Johnson,393324,,38
Everton,Abdoulaye Doucouré,3292,Center Attacking Midfield,16
Everton,Idrissa Gana Gueye,3436,Right Defensive Midfield,27
Everton,Michael Keane,3438,,5
Everton,Jordan Pickford,3468,Goalkeeper,1
Everton,Dominic Calvert-Lewin,3470,Center Forward,9
Everton,Ashley Young,3612,Right Back,18
Everton,James Tarkowski,3628,Right Center Back,6
Everton,Ben Godfrey,4076,,22
Everton,Dwight McNeil,5111,Left Midfield,7
Everton,Jack Harrison,9616,Right Midfield,11
Everton,Arnaut Danjuma Groeneveld,16284,Left Midfield,10
Everton,Vitalii Mykolenko,20827,Left Back,19
Everton,James Garner,23625,Right Midfield,37
Everton,João Manuel Neves Virginia,29378,,12
Everton,Norberto Bercique Gomes Betuncal,30006,Left Center Forward,14
Everton,Jarrad Branthwaite,32762,Left Center Back,32
Everton,Nathan Patterson,37338,Right Back,2
Everton,Amadou Onana,48347,Left Defensive Midfield,8
Everton,Lewis Norman Dobbin,50505,,61
Everton,Youssef Ramalho Chermiti,149581,,28
Chelsea,Raheem Sterling,3233,Center Forward,7
Chelsea,Thiago Emiliano da Silva,3295,Left Center Back,6
Chelsea,Axel Disasi,7439,Right Center Back,2
Chelsea,Robert Lynch Sanchez,9843,Goalkeeper,1
Chelsea,Marc Cucurella Saseta,17620,Right Back,3
Chelsea,Conor Gallagher,29399,Right Center Midfield,23
Chelsea,Chukwunonso Madueke,31506,Right Defensive Midfield,11
Chelsea,Đorđe Petrović,32565,,28
Chelsea,Armando Broja,36885,Center Forward,19
Chelsea,Moisés Isaac Caicedo Corozo,37726,Center Defensive Midfield,25
Chelsea,Enzo Fernandez,38718,Left Center Midfield,8
Chelsea,Joshua Royston Brooking,38780,,44
Chelsea,Levi Colwill,38992,Left Back,26
Chelsea,Ian Maatsen,39092,Left Wing,29
Chelsea,Cole Palmer,39461,Right Wing,20
Chelsea,Mykhailo Mudryk,39483,Left Wing,10
Chelsea,Lesley Chimuanya Ugochukwu,44738,Right Wing,16
Chelsea,Alfie Gilchrist,109640,,42
Chelsea,Alex Matos,235092,Center Attacking Midfield,52
Chelsea,Deivid Washington de Souza Eugênio,271873,,36
Fulham,Willian Borges da Silva,3472,Left Wing,20
Fulham,Alex Iwobi,3647,Right Wing,22
Fulham,Fodé Ballo Touré,3675,,12
Fulham,Marek Rodák,4152,,1
Fulham,Issa Diop,4349,Right Center Back,31
Fulham,Antonee Robinson,4614,Left Back,33
Fulham,Raúl Alonso Jiménez Rodríguez,5568,Center Forward,7
Fulham,Saša Lukić,6687,Right Center Midfield,28
Fulham,Andreas Hoelgebaum Pereira,6846,Center Attacking Midfield,18
Fulham,Timothy Castagne,6989,Right Back,21
Fulham,Harry Wilson,9540,Right Wing,8
Fulham,Bobby Armani De Cordova-Reid,9923,,14
Fulham,Tom Cairney,10284,Right Defensive Midfield,10
Fulham,Harrison Reed,11936,Right Defensive Midfield,6
Fulham,João Maria Lobo Alves Palhinha Gonçalves,12169,Left Defensive Midfield,26
Fulham,Carlos Vinícius Alves Morais,13639,Center Forward,30
Fulham,Bernd Leno,15581,Goalkeeper,17
Fulham,Tim Ream,18242,Left Center Back,13
Fulham,Calvin Bassey Ughelumba,43779,,3
Fulham,Rodrigo Muniz Carvalho,49049,,19
Crystal Palace,Joel Ward,3443,Right Back,2
Crystal Palace,Jordan Ayew,3450,Right Wing,9
Crystal Palace,Jeffrey Schlupp,3520,Left Wing,15
Crystal Palace,Jaïro Riedewald,3591,Left Wing,44
Crystal Palace,Remi Matthews,4059,,31
Crystal Palace,Will Hughes,4588,Left Defensive Midfield,19
Crystal Palace,Nathaniel Edwin Clyne,4590,,17
Crystal Palace,Rob Holding,4591,,4
Crystal Palace,Jean-Philippe Mateta,7403,Center Forward,14
Crystal Palace,Joachim Andersen,8247,Right Center Back,16
Crystal Palace,Eberechi Eze,9000,Center Attacking Midfield,10
Crystal Palace,Sam Johnstone,9458,Goalkeeper,1
Crystal Palace,Cheick Oumar Doucoure,13851,Right Defensive Midfield,28
Crystal Palace,Marc Guehi,34526,Left Center Back,6
Crystal Palace,Chris Richards,41266,Center Attacking Midfield,26
Crystal Palace,Tyrick Mitchell,41437,Left Back,3
Crystal Palace,Jesuran Rak-Sakyi,106904,,49
Crystal Palace,David Ozoh,138813,,52
Crystal Palace,Ademola Ola-Adebomi,138815,,53
Crystal Palace,Malcolm Ebiowei,141397,,23
Manchester United,Christian Dannemann Eriksen,3043,Right Wing,14
Manchester United,Marcus Rashford,3318,Left Wing,10
Manchester United,Harry Maguire,3336,Right Center Back,5
Manchester United,Scott McTominay,3620,,39
Manchester United,Victor Nilsson Lindelöf,3702,Left Center Back,2
Manchester United,Bruno Miguel Borges Fernandes,5204,Center Attacking Midfield,8
Manchester United,Sofyan Amrabat,5234,Left Back,4
Manchester United,Raphaël Varane,5485,Right Center Back,19
Manchester United,Carlos Henrique Casimiro,5539,Right Defensive Midfield,18
Manchester United,Mason Mount,7843,Left Defensive Midfield,7
Manchester United,Donny van de Beek,8062,Left Center Back,34
Manchester United,André Onana,8064,Goalkeeper,24
Manchester United,Jonathan Grant Evans,11012,,35
Manchester United,José Diogo Dalot Teixeira,16028,Right Back,20
Manchester United,Anthony Martial,20039,Left Defensive Midfield,9
Manchester United,Altay Bayındır,30442,,1
Manchester United,Facundo Pellistri Rebollo,36288,Right Wing,28
Manchester United,Hannibal Mejbri,50988,,46
Manchester United,Rasmus Winther Højlund,51672,Center Forward,11
Manchester United,Alejandro Garnacho Ferreyra,52129,Left Wing,17
Burnley,Jack Frank Porteous Cork,3462,,4
Burnley,Charles James Taylor,3627,Left Back,3
Burnley,Jay Rodriguez,3685,Center Forward,9
Burnley,Connor Roberts,4774,Right Back,14
Burnley,Josh Cullen,4837,Left Defensive Midfield,24
Burnley,Jacob Bruun Larsen,8961,Right Wing,34
Burnley,Joshua Brownhill,9607,Center Attacking Midfield,8
Burnley,Louis Jordan Beyer,12322,Left Center Back,5
Burnley,Arijanet Murić,16234,,49
Burnley,Sander Berge,16553,Right Defensive Midfield,16
Burnley,Dara Joseph O'Shea,18753,,2
Burnley,Mike Trésor Ndayishimiye,21889,,31
Burnley,Victor Alexander da Silva,24016,Right Back,22
Burnley,James Trafford,42298,Goalkeeper,1
Burnley,Mohamed Zeki Amdouni,48335,Center Forward,25
Burnley,Aaron Ramsey,122567,Left Wing,21
Burnley,Anass Zaroury,131037,Right Defensive Midfield,19
Burnley,Ameen Al Dakhil,131049,Right Center Back,28
Burnley,Wilson Odobert,151924,Left Wing,47
Burnley,Luca Koleosho,256682,Right Wing,30
Newcastle United,Matt Ritchie,3049,,11
Newcastle United,Paul Dummett,3065,,3
Newcastle United,Jamaal Lascelles,3081,Right Center Back,6
Newcastle United,Jacob Murphy,3273,Right Wing,23
Newcastle United,Kieran Trippier,3308,Right Back,2
Newcastle United,Nick Pope,3474,Goalkeeper,22
Newcastle United,Matt Targett,3651,,13
Newcastle United,Martin Dúbravka,3711,,1
Newcastle United,Dan Burn,3864,Left Back,33
Newcastle United,Sean Longstaff,4031,Right Center Midfield,36
Newcastle United,Fabian Lukas Schär,5537,Left Center Back,5
Newcastle United,Alexander Isak,8819,Center Forward,14
Newcastle United,Miguel Ángel Almirón Rejala,12603,Right Wing,24
Newcastle United,Joelinton Cassio Apolinário de Lira,13291,Left Center Midfield,7
Newcastle United,Bruno Guimarães Rodriguez Moura,25142,Center Defensive Midfield,39
Newcastle United,Anthony Gordon,28104,Left Wing,10
Newcastle United,Sandro Tonali,30752,Left Center Midfield,8
Newcastle United,Valentino Livramento,39241,Center Forward,21
Newcastle United,Elliot Anderson,49702,Left Center Midfield,32
Newcastle United,Lewis Hall,134092,,20
Brentford,Mathias Jørgensen Jatta,3027,,13
Brentford,Ethan Pinnock,4610,Left Center Back,5
Brentford,Neal Maupay,4766,Left Wing Back,7
Brentford,Bryan Mbeumo,4935,Right Wing,19
Brentford,Saman Ghoddos,5240,Left Back,14
Brentford,Christian Nørgaard,7097,Center Defensive Midfield,6
Brentford,Yoane Wissa,7294,Center Forward,11
Brentford,Thomas Strakosha,7789,,21
Brentford,Kristoffer Vassbakk Ajer,10532,Right Back,20
Brentford,Vitaly Janelt,12074,Left Center Midfield,27
Brentford,Mathias Jensen,18722,Right Center Midfield,8
Brentford,Mads Roerslev,24440,Right Center Back,30
Brentford,Frank Onyeka,24467,Right Center Midfield,15
Brentford,Nathan Michael Collins,24824,Right Center Back,22
Brentford,Mark Flekken,25000,Goalkeeper,1
Brentford,Aaron Hickey,25584,Left Back,2
Brentford,Keane Lewis-Potter,32928,Left Wing,23
Brentford,Ehor Yarmolyuk,45803,,33
Brentford,Ethan Craig Brierley,47309,,38
Brentford,Michael Olakigbe,133178,Left Center Midfield,37
Nottingham Forest,Ibrahim Sangaré,3017,Right Center Midfield,6
Nottingham Forest,Moussa Niakhate,3198,Left Back,19
Nottingham Forest,Serge Aurier,3481,Right Back,24
Nottingham Forest,Chris Wood,3505,Right Center Forward,11
Nottingham Forest,Cheikhou Kouyaté,3684,Right Center Midfield,8
Nottingham Forest,Callum Hudson-Odoi,4274,Left Wing,14
Nottingham Forest,Divock Okoth Origi,4747,Left Center Midfield,27
Nottingham Forest,Harry Toffolo,6555,Left Wing,15
Nottingham Forest,Orel Mangala,8950,Center Defensive Midfield,5
Nottingham Forest,Willy Boly,9933,Right Center Back,30
Nottingham Forest,Morgan Gibbs-White,9934,Right Wing,10
Nottingham Forest,Odisseas Vlachodimos,10332,,23
Nottingham Forest,Matthew Charles Turner,12352,Goalkeeper,1
Nottingham Forest,Joe Worrall,16336,,4
Nottingham Forest,Taiwo Michael Awoniyi,23898,Center Forward,9
Nottingham Forest,Gonzalo Ariel Montiel,28263,,29
Nottingham Forest,Nicolás Martín Domínguez,28672,Left Center Midfield,16
Nottingham Forest,Anthony Elanga,50991,Right Wing,21
Nottingham Forest,Andrey Nascimento dos Santos,232885,,12
Nottingham Forest,Murillo Santiago Costa dos Santos,271487,Left Center Back,40
Liverpool,Joe Gomez,3495,Right Back,2
Liverpool,Joël Andre Job Matip,3502,Right Center Back,32
Liverpool,Mohamed Salah,3531,Right Wing,11
Liverpool,Andrew Robertson,3655,Left Back,26
Liverpool,Trent Alexander-Arnold,3664,Right Midfield,66
Liverpool,Virgil van Dijk,3669,Left Center Back,4
Liverpool,Alisson Ramsés Becker,5547,Goalkeeper,1
Liverpool,Konstantinos Tsimikas,8489,,21
Liverpool,Diogo José Teixeira da Silva,9929,Right Midfield,20
Liverpool,Ibrahima Konaté,11135,Right Back,5
Liverpool,Cody Mathès Gakpo,20750,Center Forward,18
Liverpool,Dominik Szoboszlai,21209,Right Center Midfield,8
Liverpool,Ryan Gravenberch,23230,Right Center Midfield,38
Liverpool,Wataru Endo,23721,Left Midfield,3
Liverpool,Harvey Elliott,24938,,19
Liverpool,Luis Fernando Díaz Marulanda,27158,Left Wing,7
Liverpool,Alexis Mac Allister,27886,Center Defensive Midfield,10
Liverpool,Darwin Gabriel Núñez Ribeiro,32478,,9
Liverpool,Curtis Jones,33231,Left Center Midfield,17
Liverpool,Caoimhin Kelleher,34959,,62
Tottenham Hotspur,Heung-Min Son,3083,Center Forward,7
Tottenham Hotspur,Ben Davies,3086,Left Back,33
Tottenham Hotspur,Richarlison de Andrade,3280,Left Wing,9
Tottenham Hotspur,Pierre-Emile Højbjerg,3570,Left Defensive Midfield,5
Tottenham Hotspur,Fraser Forster,3970,,20
Tottenham Hotspur,Yves Bissouma,4385,Left Defensive Midfield,8
Tottenham Hotspur,James Maddison,9905,Center Attacking Midfield,10
Tottenham Hotspur,Pedro Antonio Porro Sauceda,11292,Right Back,23
Tottenham Hotspur,Cristian Gabriel Romero,20572,Right Center Back,17
Tottenham Hotspur,Oliver Skipp,22145,Right Defensive Midfield,4
Tottenham Hotspur,Dejan Kulusevski,22818,Right Wing,21
Tottenham Hotspur,Manor Solomon,23457,Right Center Forward,27
Tottenham Hotspur,Emerson Aparecido Leite de Souza Junior,23522,,12
Tottenham Hotspur,Guglielmo Vicario,31225,Goalkeeper,13
Tottenham Hotspur,Micky van de Ven,32547,Left Center Back,37
Tottenham Hotspur,Iyenoma Destiny Udogie,48461,Left Back,38
Tottenham Hotspur,Pape Matar Sarr,50498,Right Defensive Midfield,29
Tottenham Hotspur,Alejo Véliz,112971,Left Center Forward,36
Tottenham Hotspur,Jamie Donley,133202,,63
Tottenham Hotspur,Ashley Famiwuya Phillips,133959,,35
Sheffield United,Oliver McBurnie,3332,Right Center Forward,9
Sheffield United,Tom Davies,3652,Right Center Midfield,22
Sheffield United,Chris Basham,4583,Center Back,6
Sheffield United,Adam Davies,4584,,1
Sheffield United,John Egan,4768,Center Back,12
Sheffield United,Jack Robinson,10485,Left Center Back,19
Sheffield United,Oliver James Norwood,11013,,16
Sheffield United,Jayden Bogle,11896,Right Wing Back,20
Sheffield United,Auston Trusty,12359,Right Wing Back,5
Sheffield United,Gustavo Hamer,15304,Right Center Midfield,8
Sheffield United,Wesley Foderingham,21018,Goalkeeper,18
Sheffield United,Anel Ahmedhodžić,27652,Right Center Back,15
Sheffield United,Vinicius de Souza Costa,32587,Center Defensive Midfield,21
Sheffield United,Rhian Brewster,34206,Left Center Forward,7
Sheffield United,Yasser Larouci,34793,,27
Sheffield United,Anis Ben Slimane,35592,Left Center Midfield,25
Sheffield United,Luke Thomas,42747,Left Wing Back,14
Sheffield United,James McAtee,49667,Left Center Midfield,28
Sheffield United,Cameron Archer,50563,Left Center Forward,10
Sheffield United,Bénie Adama Traoré,107581,,11
West Ham United,Gnaly Maxwell Cornet,3162,,17
West Ham United,Łukasz Fabiański,3262,,1
West Ham United,James Ward-Prowse,3328,Left Center Midfield,7
West Ham United,Michail Antonio,3349,Center Forward,9
West Ham United,Alphonse Areola,3379,Goalkeeper,23
West Ham United,Kurt Happy Zouma,3456,Right Center Back,4
West Ham United,Daniel William John Ings,3654,,18
West Ham United,Angelo Obinze Ogbonna,3843,,21
West Ham United,Emerson Palmieri dos Santos,4355,Left Back,33
West Ham United,Konstantinos Mavropanos,4781,Center Forward,15
West Ham United,Tomáš Souček,4870,Right Center Midfield,28
West Ham United,Edson Omar Álvarez Velázquez,5567,Center Defensive Midfield,19
West Ham United,Pablo Fornals Malla,6764,Right Wing,8
West Ham United,Mohamed Saïd Benrahma,7212,Center Defensive Midfield,22
West Ham United,Thilo Kehrer,8511,,24
West Ham United,Jarrod Bowen,9640,Right Wing,20
West Ham United,Nayef Aguerd,12149,Left Center Back,27
West Ham United,Vladimír Coufal,16570,Right Back,5
West Ham United,Mohammed Kudus,17033,Right Wing,14
West Ham United,Lucas Tolentino Coelho de Lima,22600,Left Wing,10
Manchester City,Ederson Santana de Moraes,3067,Goalkeeper,31
Manchester City,Kyle Walker,3205,Right Back,2
Manchester City,Nathan Aké,3306,Left Back,6
Manchester City,Phil Foden,4354,Right Wing,47
Manchester City,Kalvin Phillips,4706,Right Defensive Midfield,4
Manchester City,Scott Carson,4815,,33
Manchester City,Rúben Santos Gato Alves Dias,5206,Left Center Back,3
Manchester City,Mateo Kovačić,5456,Right Defensive Midfield,8
Manchester City,Manuel Obafemi Akanji,5549,Right Center Back,25
Manchester City,Stefan Ortega Moreno,9194,,18
Manchester City,Jack Grealish,9638,Left Back,10
Manchester City,Sergio Gómez Martín,22199,,21
Manchester City,Erling Håland,23616,Center Forward,9
Manchester City,Jeremy Doku,23650,Left Wing,11
Manchester City,Julián Álvarez,29560,Center Attacking Midfield,19
Manchester City,Joško Gvardiol,33018,,24
Manchester City,Matheus Luiz Nunes,40874,Left Defensive Midfield,27
Manchester City,Rico Lewis,48705,,82
Manchester City,Oscar Bobb,104825,Left Defensive Midfield,52
Wolverhampton Wanderers,Craig Dawson,3523,Center Back,15
Wolverhampton Wanderers,Mario Lemina,3951,Left Defensive Midfield,5
Wolverhampton Wanderers,Daniel Bentley,4773,,25
Wolverhampton Wanderers,Hee-Chan Hwang,5620,Left Wing,11
Wolverhampton Wanderers,Nélson Cabral Semedo,6374,Right Wing Back,22
Wolverhampton Wanderers,Pablo Sarabia García,6720,,21
Wolverhampton Wanderers,Jonathan Castro Otto,6802,Left Wing,19
Wolverhampton Wanderers,Matt Doherty,9925,Left Wing Back,2
Wolverhampton Wanderers,Rayan Aït Nouri,12111,Left Wing Back,3
Wolverhampton Wanderers,Matheus Santos Carneiro da Cunha,12425,Center Forward,12
Wolverhampton Wanderers,Sasa Kalajdzic,18762,,18
Wolverhampton Wanderers,José Pedro Malheiro de Sá,18866,Goalkeeper,1
Wolverhampton Wanderers,Pedro Lomba Neto,23256,Right Wing,7
Wolverhampton Wanderers,Maximilian William Kilman,24940,Right Center Back,23
Wolverhampton Wanderers,Fábio Daniel Soares Silva,30088,Center Forward,9
Wolverhampton Wanderers,Santiago Ignacio Bueno Sciutto,41138,,4
Wolverhampton Wanderers,João Victor Gomes da Silva,48720,Right Defensive Midfield,8
Wolverhampton Wanderers,Tote António Gomes,48941,Left Center Back,24
Wolverhampton Wanderers,Boubacar Traore,58878,Right Defensive Midfield,6
Wolverhampton Wanderers,Joseph Hodge,207549,,32
Manchester City,Ederson Santana de Moraes,3067,Goalkeeper,31
Manchester City,Bernardo Mota Veiga de Carvalho e Silva,3193,Center Defensive Midfield,20
Manchester City,Kyle Walker,3205,Right Back,2
Manchester City,John Stones,3244,Right Center Midfield,5
Manchester City,Nathan Aké,3306,Left Center Back,6
Manchester City,Phil Foden,4354,Left Wing,47
Manchester City,Kalvin Phillips,4706,,4
Manchester City,Rúben Santos Gato Alves Dias,5206,Right Center Back,3
Manchester City,Mateo Kovačić,5456,Left Center Midfield,8
Manchester City,Manuel Obafemi Akanji,5549,,25
Manchester City,Stefan Ortega Moreno,9194,,18
Manchester City,Jack Grealish,9638,,10
Manchester City,Sergio Gómez Martín,22199,,21
Manchester City,Erling Håland,23616,Center Forward,9
Manchester City,Jeremy Doku,23650,Right Wing,11
Manchester City,Julián Álvarez,29560,Right Wing,19
Manchester City,Joško Gvardiol,33018,Left Back,24
Manchester City,Matheus Luiz Nunes,40874,Left Center Midfield,27
Manchester City,Rico Lewis,48705,Right Center Midfield,82
Manchester City,Oscar Bobb,104825,,52
Arsenal,Gabriel Fernando de Jesus,3202,Right Wing,9
Arsenal,Reiss Nelson,3571,,24
Arsenal,Oleksandr Zinchenko,3575,Left Back,35
Arsenal,Edward Nketiah,3737,Center Forward,14
Arsenal,Declan Rice,3943,Left Center Midfield,41
Arsenal,David Raya Martin,4127,Goalkeeper,22
Arsenal,Thomas Teye Partey,6383,Center Defensive Midfield,5
Arsenal,Gabriel dos Santos Magalhães,6406,Left Center Back,6
Arsenal,Jorge Luiz Frello Filho,7024,Center Defensive Midfield,20
Arsenal,Martin Ødegaard,8252,Right Center Midfield,8
Arsenal,Kai Havertz,8966,Center Forward,29
Arsenal,Leandro Trossard,16559,Left Wing,19
Arsenal,Emile Smith Rowe,16591,,10
Arsenal,William Saliba,17592,Right Center Back,2
Arsenal,Aaron Ramsdale,22783,,1
Arsenal,Ben White,22809,Right Back,4
Arsenal,Takehiro Tomiyasu,23730,Left Back,18
Arsenal,Gabriel Teodoro Martinelli Silva,29976,Left Wing,11
Arsenal,Fabio Daniel Ferreira Vieira,39162,,21
Arsenal,Jakub Piotr Kiwior,44166,,15
Liverpool,Joe Gomez,3495,Right Back,2
Liverpool,Joël Andre Job Matip,3502,Right Center Back,32
Liverpool,Mohamed Salah,3531,Right Wing,11
Liverpool,Adrián San Miguel del Castillo,3623,,13
Liverpool,Andrew Robertson,3655,Left Back,26
Liverpool,Trent Alexander-Arnold,3664,Right Back,66
Liverpool,Virgil van Dijk,3669,Left Center Back,4
Liverpool,Alisson Ramsés Becker,5547,Goalkeeper,1
Liverpool,Konstantinos Tsimikas,8489,,21
Liverpool,Ibrahima Konaté,11135,Right Center Back,5
Liverpool,Dominik Szoboszlai,21209,Left Center Midfield,8
Liverpool,Ryan Gravenberch,23230,Left Center Midfield,38
Liverpool,Wataru Endo,23721,,3
Liverpool,Harvey Elliott,24938,Right Center Midfield,19
Liverpool,Luis Fernando Díaz Marulanda,27158,Left Wing,7
Liverpool,Alexis Mac Allister,27886,Center Defensive Midfield,10
Liverpool,Darwin Gabriel Núñez Ribeiro,32478,Center Forward,9
Liverpool,Jarell Quansah,40908,,78
Liverpool,Luke Chambers,51042,,44
Liverpool,Ben Doak,188469,,50
Brighton & Hove Albion,Solomon March,3074,Left Back,7
Brighton & Hove Albion,Lewis Dunk,3088,Right Center Back,5
Brighton & Hove Albion,Pascal Groß,3097,Left Defensive Midfield,13
Brighton & Hove Albion,Daniel Nii Tackie Mensah Welbeck,3569,Left Center Forward,18
Brighton & Hove Albion,Adam David Lallana,4090,,14
Brighton & Hove Albion,Joël Veltman,8067,Right Back,34
Brighton & Hove Albion,Mahmoud Dahoud,8238,,8
Brighton & Hove Albion,Adam Webster,9601,,4
Brighton & Hove Albion,Igor Julio dos Santos de Paulo,9741,Left Center Back,3
Brighton & Hove Albion,João Pedro Junqueira de Jesus,25299,Right Center Forward,9
Brighton & Hove Albion,Jan Paul van Hecke,30691,Right Center Back,29
Brighton & Hove Albion,Anssumane Fati,30756,Left Center Forward,31
Brighton & Hove Albion,Billy Gilmour,31067,,11
Brighton & Hove Albion,Kaoru Mitoma,37211,Left Midfield,22
Brighton & Hove Albion,Bart Verbruggen,37274,Goalkeeper,1
Brighton & Hove Albion,Jason Steele,47553,,23
Brighton & Hove Albion,Evan Ferguson,51156,Left Center Forward,28
Brighton & Hove Albion,Simon Adingra,105392,Right Midfield,24
Brighton & Hove Albion,Jack Hinshelwood,155312,,41
Brighton & Hove Albion,Carlos Baleba,226169,Right Defensive Midfield,20
Chelsea,Raheem Sterling,3233,Left Wing,7
Chelsea,Thiago Emiliano da Silva,3295,Left Center Back,6
Chelsea,Axel Disasi,7439,Right Center Back,2
Chelsea,Robert Lynch Sanchez,9843,Goalkeeper,1
Chelsea,Marc Cucurella Saseta,17620,Right Back,3
Chelsea,Conor Gallagher,29399,Right Center Midfield,23
Chelsea,Chukwunonso Madueke,31506,,11
Chelsea,Đorđe Petrović,32565,,28
Chelsea,Armando Broja,36885,Center Forward,19
Chelsea,Moisés Isaac Caicedo Corozo,37726,Center Defensive Midfield,25
Chelsea,Enzo Fernandez,38718,Left Center Midfield,8
Chelsea,Levi Colwill,38992,Left Back,26
Chelsea,Ian Maatsen,39092,Right Wing,29
Chelsea,Cole Palmer,39461,Right Wing,20
Chelsea,Mykhailo Mudryk,39483,Left Wing,10
Chelsea,Lesley Chimuanya Ugochukwu,44738,,16
Chelsea,Nicolas Jackson,50497,Center Forward,15
Chelsea,Carney Chukwuemeka,89986,,17
Chelsea,Alfie Gilchrist,109640,,42
Chelsea,Alex Matos,235092,,52
Burnley,Jack Frank Porteous Cork,3462,,4
Burnley,Charles James Taylor,3627,Left Back,3
Burnley,Jay Rodriguez,3685,,9
Burnley,Connor Roberts,4774,Right Back,14
Burnley,Josh Cullen,4837,Center Defensive Midfield,24
Burnley,Jacob Bruun Larsen,8961,Left Wing,34
Burnley,Joshua Brownhill,9607,Left Center Midfield,8
Burnley,Arijanet Murić,16234,,49
Burnley,Sander Berge,16553,Right Center Midfield,16
Burnley,Dara Joseph O'Shea,18753,Right Center Back,2
Burnley,Mike Trésor Ndayishimiye,21889,Right Wing,31
Burnley,Hannes Delcroix,22219,Left Center Back,44
Burnley,Victor Alexander da Silva,24016,Right Back,22
Burnley,Lyle Foster,29840,Center Forward,17
Burnley,James Trafford,42298,Goalkeeper,1
Burnley,Mohamed Zeki Amdouni,48335,,25
Burnley,Aaron Ramsey,122567,Center Defensive Midfield,21
Burnley,Ameen Al Dakhil,131049,Right Center Back,28
Burnley,Wilson Odobert,151924,Left Wing,47
Burnley,Luca Koleosho,256682,Right Wing,30
Nottingham Forest,Ibrahim Sangaré,3017,Right Center Midfield,6
Nottingham Forest,Serge Aurier,3481,Right Back,24
Nottingham Forest,Chris Wood,3505,Center Forward,11
Nottingham Forest,Cheikhou Kouyaté,3684,Center Defensive Midfield,8
Nottingham Forest,Ryan Yates,4239,Right Center Midfield,22
Nottingham Forest,Callum Hudson-Odoi,4274,Left Wing,14
Nottingham Forest,Divock Okoth Origi,4747,Center Forward,27
Nottingham Forest,Harry Toffolo,6555,Left Back,15
Nottingham Forest,Orel Mangala,8950,Center Defensive Midfield,5
Nottingham Forest,Willy Boly,9933,Right Center Back,30
Nottingham Forest,Morgan Gibbs-White,9934,Right Wing,10
Nottingham Forest,Odisseas Vlachodimos,10332,,23
Nottingham Forest,Matthew Charles Turner,12352,Goalkeeper,1
Nottingham Forest,Joe Worrall,16336,,4
Nottingham Forest,Gonzalo Ariel Montiel,28263,Right Back,29
Nottingham Forest,Nicolás Martín Domínguez,28672,Left Center Midfield,16
Nottingham Forest,Neco Williams,34794,,7
Nottingham Forest,Anthony Elanga,50991,Left Wing,21
Nottingham Forest,Andrey Nascimento dos Santos,232885,,12
Nottingham Forest,Murillo Santiago Costa dos Santos,271487,Left Center Back,40
Crystal Palace,James Tomkins,3316,,5
Crystal Palace,Jordan Ayew,3450,Right Wing,9
Crystal Palace,Jeffrey Schlupp,3520,Right Center Midfield,15
Crystal Palace,Jaïro Riedewald,3591,Left Center Midfield,44
Crystal Palace,Remi Matthews,4059,,31
Crystal Palace,Will Hughes,4588,Center Defensive Midfield,19
Crystal Palace,Nathaniel Edwin Clyne,4590,Right Back,17
Crystal Palace,Rob Holding,4591,,4
Crystal Palace,Jean-Philippe Mateta,7403,Center Forward,14
Crystal Palace,Joachim Andersen,8247,Right Center Back,16
Crystal Palace,Sam Johnstone,9458,Goalkeeper,1
Crystal Palace,Odsonne Édouard,10544,Left Wing,22
Crystal Palace,Marc Guehi,34526,Left Center Back,6
Crystal Palace,Chris Richards,41266,Right Defensive Midfield,26
Crystal Palace,Tyrick Mitchell,41437,Left Back,3
Crystal Palace,Jesuran Rak-Sakyi,106904,Right Center Midfield,49
Crystal Palace,Jadan Raymond,138810,,60
Crystal Palace,David Ozoh,138813,,52
Crystal Palace,Ademola Ola-Adebomi,138815,,53
Crystal Palace,Malcolm Ebiowei,141397,,23
AFC Bournemouth,Philip Billing,3331,Left Defensive Midfield,29
AFC Bournemouth,Dominic Solanke,3614,Center Forward,9
AFC Bournemouth,Lewis Cook,3615,Right Defensive Midfield,4
AFC Bournemouth,Kieffer Roberto Francisco Moore,3853,Left Defensive Midfield,21
AFC Bournemouth,Marcus Tavernier,4111,Right Wing,16
AFC Bournemouth,Joe Rothwell,4143,Right Defensive Midfield,8
AFC Bournemouth,David Brooks,4567,Left Back,7
AFC Bournemouth,Adam Smith,6409,Right Back,15
AFC Bournemouth,Norberto Murara Neto,6590,Goalkeeper,1
AFC Bournemouth,Justin Kluivert,8063,,19
AFC Bournemouth,Antoine Semenyo,9286,,24
AFC Bournemouth,Hamed Junior Traorè,12495,,22
AFC Bournemouth,Ryan Christie,12510,Center Attacking Midfield,10
AFC Bournemouth,Luis Fernando Sinisterra Lucumí,16184,Left Wing,17
AFC Bournemouth,Maximillian James Aarons,16689,Right Back,37
AFC Bournemouth,Ionuț Andrei Radu,18237,,20
AFC Bournemouth,Marcos Senesi,27773,Left Center Back,25
AFC Bournemouth,Illia Zabarnyi,39136,Right Center Back,27
AFC Bournemouth,Milos Kerkez,89635,Left Back,3
AFC Bournemouth,Dango Aboubacar Faissal Ouattara,95042,Left Wing,11
Everton,Abdoulaye Doucouré,3292,Center Attacking Midfield,16
Everton,Michael Keane,3438,,5
Everton,Jordan Pickford,3468,Goalkeeper,1
Everton,Dominic Calvert-Lewin,3470,Center Forward,9
Everton,Ashley Young,3612,Right Back,18
Everton,James Tarkowski,3628,Right Center Back,6
Everton,Ben Godfrey,4076,,22
Everton,Dwight McNeil,5111,Left Midfield,7
Everton,Jack Harrison,9616,Right Midfield,11
Everton,Arnaut Danjuma Groeneveld,16284,,10
Everton,Vitalii Mykolenko,20827,Left Back,19
Everton,James Garner,23625,Right Defensive Midfield,37
Everton,João Manuel Neves Virginia,29378,,12
Everton,Norberto Bercique Gomes Betuncal,30006,Center Forward,14
Everton,Jarrad Branthwaite,32762,Left Center Back,32
Everton,Nathan Patterson,37338,Right Back,2
Everton,Amadou Onana,48347,Left Defensive Midfield,8
Everton,Lewis Norman Dobbin,50505,,61
Everton,Youssef Ramalho Chermiti,149581,Center Attacking Midfield,28
Sheffield United,Oliver McBurnie,3332,Right Center Forward,9
Sheffield United,John Fleck,4563,,4
Sheffield United,Chris Basham,4583,Right Center Back,6
Sheffield United,Adam Davies,4584,,1
Sheffield United,Jack Robinson,10485,Right Center Back,19
Sheffield United,Oliver James Norwood,11013,Center Defensive Midfield,16
Sheffield United,Jayden Bogle,11896,Right Wing Back,20
Sheffield United,Auston Trusty,12359,Left Center Back,5
Sheffield United,Gustavo Hamer,15304,Left Center Midfield,8
Sheffield United,Wesley Foderingham,21018,Goalkeeper,18
Sheffield United,Anel Ahmedhodžić,27652,Center Back,15
Sheffield United,Vinicius de Souza Costa,32587,Right Center Midfield,21
Sheffield United,Rhian Brewster,34206,Left Center Forward,7
Sheffield United,Yasser Larouci,34793,Left Wing Back,27
Sheffield United,Anis Ben Slimane,35592,,25
Sheffield United,Luke Thomas,42747,Left Wing Back,14
Sheffield United,James McAtee,49667,Left Center Midfield,28
Sheffield United,Cameron Archer,50563,Left Center Forward,10
Sheffield United,Bénie Adama Traoré,107581,,11
Sheffield United,Femi Seriki,119821,,38
Fulham,Willian Borges da Silva,3472,Left Wing,20
Fulham,Alex Iwobi,3647,Right Center Midfield,22
Fulham,Fodé Ballo Touré,3675,,12
Fulham,Marek Rodák,4152,,1
Fulham,Issa Diop,4349,Right Center Back,31
Fulham,Antonee Robinson,4614,Left Back,33
Fulham,Raúl Alonso Jiménez Rodríguez,5568,,7
Fulham,Saša Lukić,6687,,28
Fulham,Andreas Hoelgebaum Pereira,6846,Left Center Midfield,18
Fulham,Timothy Castagne,6989,Right Back,21
Fulham,Harry Wilson,9540,Right Wing,8
Fulham,Bobby Armani De Cordova-Reid,9923,Right Wing,14
Fulham,Tom Cairney,10284,Left Center Midfield,10
Fulham,Harrison Reed,11936,Right Center Midfield,6
Fulham,João Maria Lobo Alves Palhinha Gonçalves,12169,Center Defensive Midfield,26
Fulham,Carlos Vinícius Alves Morais,13639,Center Forward,30
Fulham,Bernd Leno,15581,Goalkeeper,17
Fulham,Tim Ream,18242,Left Center Back,13
Fulham,Calvin Bassey Ughelumba,43779,Right Center Back,3
Fulham,Rodrigo Muniz Carvalho,49049,Center Forward,19
Tottenham Hotspur,Heung-Min Son,3083,Center Forward,7
Tottenham Hotspur,Ben Davies,3086,Left Wing Back,33
Tottenham Hotspur,Richarlison de Andrade,3280,Left Wing,9
Tottenham Hotspur,Giovani Lo Celso,3313,,18
Tottenham Hotspur,Pierre-Emile Højbjerg,3570,Left Defensive Midfield,5
Tottenham Hotspur,Fraser Forster,3970,,20
Tottenham Hotspur,Yves Bissouma,4385,Left Defensive Midfield,8
Tottenham Hotspur,James Maddison,9905,Center Attacking Midfield,10
Tottenham Hotspur,Eric Dier,10956,,15
Tottenham Hotspur,Pedro Antonio Porro Sauceda,11292,Right Back,23
Tottenham Hotspur,Cristian Gabriel Romero,20572,Right Center Back,17
Tottenham Hotspur,Oliver Skipp,22145,Left Wing,4
Tottenham Hotspur,Bryan Gil Salvatierra,22418,,11
Tottenham Hotspur,Dejan Kulusevski,22818,Right Wing,21
Tottenham Hotspur,Emerson Aparecido Leite de Souza Junior,23522,Center Forward,12
Tottenham Hotspur,Guglielmo Vicario,31225,Goalkeeper,13
Tottenham Hotspur,Micky van de Ven,32547,Left Center Back,37
Tottenham Hotspur,Iyenoma Destiny Udogie,48461,Left Back,38
Tottenham Hotspur,Pape Matar Sarr,50498,Right Defensive Midfield,29
Tottenham Hotspur,Alejo Véliz,112971,Center Forward,36
Luton Town,Tom Lockyer,3839,Right Center Back,4
Luton Town,Carlton Morris,4220,Right Center Forward,9
Luton Town,Ross Barkley,4275,Center Back,6
Luton Town,Reece Burke,4605,Right Back,16
Luton Town,Timothy Michael Krul,9467,,23
Luton Town,Pelly Ruddock Mpanzu,9674,Right Defensive Midfield,17
Luton Town,Elijah Adebayo,9827,Left Center Forward,11
Luton Town,Jacob Brown,12197,Right Midfield,19
Luton Town,Chiedozie Ogbene,13306,Left Midfield,7
Luton Town,Marvelous Nakamba,18739,Left Defensive Midfield,13
Luton Town,Cauley Woodrow,21090,Right Center Forward,10
Luton Town,Luke Berry,22175,Center Attacking Midfield,8
Luton Town,Tahith Chong,23636,Right Defensive Midfield,14
Luton Town,Thomas Kaminski,23741,Goalkeeper,24
Luton Town,Mads Juel Andersen,24332,Left Center Back,5
Luton Town,Ryan Giles,29397,,26
Luton Town,Alfie Doughty,33074,Left Back,45
Luton Town,Issa Kabore,35471,,12
Luton Town,Teden Mengi,43604,Left Center Back,15
Luton Town,Joseph Nathan Johnson,393324,,38
Brentford,Mathias Jørgensen Jatta,3027,,13
Brentford,Ethan Pinnock,4610,Center Back,5
Brentford,Neal Maupay,4766,Left Center Forward,7
Brentford,Bryan Mbeumo,4935,Right Center Forward,19
Brentford,Saman Ghoddos,5240,Left Center Midfield,14
Brentford,Christian Nørgaard,7097,Center Defensive Midfield,6
Brentford,Yoane Wissa,7294,Left Center Forward,11
Brentford,Thomas Strakosha,7789,Goalkeeper,21
Brentford,Kristoffer Vassbakk Ajer,10532,Right Center Back,20
Brentford,Vitaly Janelt,12074,Left Center Midfield,27
Brentford,Mathias Jensen,18722,Right Center Midfield,8
Brentford,Mads Roerslev,24440,Right Wing Back,30
Brentford,Frank Onyeka,24467,Left Center Midfield,15
Brentford,Nathan Michael Collins,24824,Left Center Back,22
Brentford,Aaron Hickey,25584,Left Wing Back,2
Brentford,Ehor Yarmolyuk,45803,,33
Brentford,Ellery Balcombe,47218,,40
Brentford,Ethan Craig Brierley,47309,,38
Brentford,Michael Olakigbe,133178,,37
Brentford,Ji-Soo Kim,255191,,36
Manchester United,Christian Dannemann Eriksen,3043,Left Defensive Midfield,14
Manchester United,Marcus Rashford,3318,Left Wing,10
Manchester United,Harry Maguire,3336,Right Center Back,5
Manchester United,Scott McTominay,3620,Left Center Forward,39
Manchester United,Victor Nilsson Lindelöf,3702,Left Back,2
Manchester United,Bruno Miguel Borges Fernandes,5204,Right Wing,8
Manchester United,Sofyan Amrabat,5234,Left Defensive Midfield,4
Manchester United,Carlos Henrique Casimiro,5539,Right Defensive Midfield,18
Manchester United,Mason Mount,7843,Center Attacking Midfield,7
Manchester United,Donny van de Beek,8062,,34
Manchester United,André Onana,8064,Goalkeeper,24
Manchester United,Jonathan Grant Evans,11012,Left Center Back,35
Manchester United,José Diogo Dalot Teixeira,16028,Right Back,20
Manchester United,Anthony Martial,20039,Center Attacking Midfield,9
Manchester United,Antony Matheus dos Santos,25363,Right Wing,21
Manchester United,Altay Bayındır,30442,,1
Manchester United,Facundo Pellistri Rebollo,36288,,28
Manchester United,Hannibal Mejbri,50988,,46
Manchester United,Rasmus Winther Højlund,51672,Center Forward,11
Manchester United,Alejandro Garnacho Ferreyra,52129,Left Wing,17
Newcastle United,Matt Ritchie,3049,,11
Newcastle United,Paul Dummett,3065,,3
Newcastle United,Javier Manquillo Gaitán,3075,,19
Newcastle United,Jamaal Lascelles,3081,Right Center Back,6
Newcastle United,Jacob Murphy,3273,Right Wing,23
Newcastle United,Kieran Trippier,3308,Right Back,2
Newcastle United,Nick Pope,3474,Goalkeeper,22
Newcastle United,Callum Wilson,3616,Center Forward,9
Newcastle United,Matt Targett,3651,Left Wing,13
Newcastle United,Martin Dúbravka,3711,,1
Newcastle United,Dan Burn,3864,Left Back,33
Newcastle United,Sean Longstaff,4031,Right Center Midfield,36
Newcastle United,Fabian Lukas Schär,5537,Left Center Back,5
Newcastle United,Alexander Isak,8819,Center Forward,14
Newcastle United,Miguel Ángel Almirón Rejala,12603,Right Wing,24
Newcastle United,Bruno Guimarães Rodriguez Moura,25142,Center Defensive Midfield,39
Newcastle United,Sandro Tonali,30752,Left Center Midfield,8
Newcastle United,Valentino Livramento,39241,,21
Newcastle United,Elliot Anderson,49702,Left Wing,32
Newcastle United,Lewis Hall,134092,,20
West Ham United,Gnaly Maxwell Cornet,3162,,17
West Ham United,Łukasz Fabiański,3262,,1
West Ham United,James Ward-Prowse,3328,Right Defensive Midfield,7
West Ham United,Michail Antonio,3349,Center Forward,9
West Ham United,Alphonse Areola,3379,Goalkeeper,23
West Ham United,Kurt Happy Zouma,3456,Right Center Back,4
West Ham United,Daniel William John Ings,3654,,18
West Ham United,Angelo Obinze Ogbonna,3843,,21
West Ham United,Emerson Palmieri dos Santos,4355,Left Back,33
West Ham United,Tomáš Souček,4870,Center Attacking Midfield,28
West Ham United,Edson Omar Álvarez Velázquez,5567,Left Defensive Midfield,19
West Ham United,Pablo Fornals Malla,6764,,8
West Ham United,Mohamed Saïd Benrahma,7212,Center Forward,22
West Ham United,Thilo Kehrer,8511,,24
West Ham United,Jarrod Bowen,9640,Right Wing,20
West Ham United,Nayef Aguerd,12149,Left Center Back,27
West Ham United,Vladimír Coufal,16570,Right Back,5
West Ham United,Mohammed Kudus,17033,Center Attacking Midfield,14
West Ham United,Lucas Tolentino Coelho de Lima,22600,Left Wing,10
West Ham United,Divin Mubama,141121,,45
Aston Villa,Youri Tielemans,2954,Right Defensive Midfield,8
Aston Villa,Bertrand Isidore Traoré,2956,,9
Aston Villa,Diego Carlos Santos Silva,3366,Right Center Back,3
Aston Villa,Calum Chambers,3713,,16
Aston Villa,Ezri Konsa Ngoyo,3822,Right Back,4
Aston Villa,Boubacar Kamara,4433,Right Defensive Midfield,44
Aston Villa,Matty Cash,4734,Right Midfield,2
Aston Villa,Ollie Watkins,4760,Left Center Forward,11
Aston Villa,Robin Olsen,5622,,25
Aston Villa,Leander Dendoncker,6331,,32
Aston Villa,Douglas Luiz Soares de Paulo,6574,Left Defensive Midfield,6
Aston Villa,Clément Lenglet,6826,,17
Aston Villa,Lucas Digne,6849,Left Back,12
Aston Villa,Pau Francisco Torres,6892,Left Center Back,14
Aston Villa,Damián Emiliano Martínez,6909,Goalkeeper,1
Aston Villa,Leon Bailey Butler,8214,Right Midfield,31
Aston Villa,Moussa Diaby,8292,Right Center Forward,19
Aston Villa,John McGinn,9974,Left Midfield,7
Aston Villa,Nicolò Zaniolo,16062,Right Center Forward,22
Aston Villa,Jhon Jáder Durán Palacio,30976,,24
Wolverhampton Wanderers,Craig Dawson,3523,Center Back,15
Wolverhampton Wanderers,Mario Lemina,3951,Right Defensive Midfield,5
Wolverhampton Wanderers,Daniel Bentley,4773,,25
Wolverhampton Wanderers,Hee-Chan Hwang,5620,Left Wing,11
Wolverhampton Wanderers,Nélson Cabral Semedo,6374,Right Wing Back,22
Wolverhampton Wanderers,Pablo Sarabia García,6720,,21
Wolverhampton Wanderers,Jonathan Castro Otto,6802,,19
Wolverhampton Wanderers,Matt Doherty,9925,Left Wing Back,2
Wolverhampton Wanderers,Rayan Aït Nouri,12111,Left Wing Back,3
Wolverhampton Wanderers,Matheus Santos Carneiro da Cunha,12425,Center Forward,12
Wolverhampton Wanderers,Sasa Kalajdzic,18762,Center Forward,18
Wolverhampton Wanderers,José Pedro Malheiro de Sá,18866,Goalkeeper,1
Wolverhampton Wanderers,Pedro Lomba Neto,23256,Right Wing,7
Wolverhampton Wanderers,Maximilian William Kilman,24940,Right Center Back,23
Wolverhampton Wanderers,Fábio Daniel Soares Silva,30088,Left Wing,9
Wolverhampton Wanderers,Thomas Doyle,34789,,20
Wolverhampton Wanderers,Santiago Ignacio Bueno Sciutto,41138,,4
Wolverhampton Wanderers,João Victor Gomes da Silva,48720,Left Defensive Midfield,8
Wolverhampton Wanderers,Tote António Gomes,48941,Left Center Back,24
Wolverhampton Wanderers,Boubacar Traore,58878,Left Defensive Midfield,6
Wolverhampton Wanderers,Craig Dawson,3523,Center Back,15
Wolverhampton Wanderers,Daniel Bentley,4773,,25
Wolverhampton Wanderers,Hee-Chan Hwang,5620,Left Wing,11
Wolverhampton Wanderers,Pablo Sarabia García,6720,Left Center Back,21
Wolverhampton Wanderers,Jonathan Castro Otto,6802,,19
Wolverhampton Wanderers,Matt Doherty,9925,Right Wing Back,2
Wolverhampton Wanderers,Rayan Aït Nouri,12111,Left Wing Back,3
Wolverhampton Wanderers,Matheus Santos Carneiro da Cunha,12425,Center Forward,12
Wolverhampton Wanderers,Sasa Kalajdzic,18762,Center Forward,18
Wolverhampton Wanderers,José Pedro Malheiro de Sá,18866,Goalkeeper,1
Wolverhampton Wanderers,Pedro Lomba Neto,23256,Right Wing,7
Wolverhampton Wanderers,Maximilian William Kilman,24940,Right Center Back,23
Wolverhampton Wanderers,Fábio Daniel Soares Silva,30088,,9
Wolverhampton Wanderers,Thomas Doyle,34789,Right Defensive Midfield,20
Wolverhampton Wanderers,Santiago Ignacio Bueno Sciutto,41138,,4
Wolverhampton Wanderers,João Victor Gomes da Silva,48720,Right Defensive Midfield,8
Wolverhampton Wanderers,Tote António Gomes,48941,Left Center Back,24
Wolverhampton Wanderers,Boubacar Traore,58878,Left Defensive Midfield,6
Wolverhampton Wanderers,Nathan Fraser,133454,,63
Wolverhampton Wanderers,Joseph Hodge,207549,,32
AFC Bournemouth,Philip Billing,3331,Center Attacking Midfield,29
AFC Bournemouth,Dominic Solanke,3614,Center Forward,9
AFC Bournemouth,Lewis Cook,3615,Right Defensive Midfield,4
AFC Bournemouth,Kieffer Roberto Francisco Moore,3853,Center Forward,21
AFC Bournemouth,Marcus Tavernier,4111,Left Wing,16
AFC Bournemouth,Joe Rothwell,4143,Left Defensive Midfield,8
AFC Bournemouth,David Brooks,4567,Right Wing,7
AFC Bournemouth,Adam Smith,6409,,15
AFC Bournemouth,Norberto Murara Neto,6590,Goalkeeper,1
AFC Bournemouth,Justin Kluivert,8063,,19
AFC Bournemouth,Antoine Semenyo,9286,,24
AFC Bournemouth,Lloyd Kelly,9938,Left Center Back,5
AFC Bournemouth,Ryan Christie,12510,Right Wing,10
AFC Bournemouth,Maximillian James Aarons,16689,Right Back,37
AFC Bournemouth,Ionuț Andrei Radu,18237,,20
AFC Bournemouth,Marcos Senesi,27773,Left Back,25
AFC Bournemouth,Illia Zabarnyi,39136,Right Center Back,27
AFC Bournemouth,Milos Kerkez,89635,Left Back,3
AFC Bournemouth,Alex Scott,91951,Left Defensive Midfield,14
AFC Bournemouth,Dango Aboubacar Faissal Ouattara,95042,Left Midfield,11
West Ham United,Łukasz Fabiański,3262,,1
West Ham United,James Ward-Prowse,3328,Right Defensive Midfield,7
West Ham United,Michail Antonio,3349,Center Forward,9
West Ham United,Alphonse Areola,3379,Goalkeeper,23
West Ham United,Kurt Happy Zouma,3456,Right Center Back,4
West Ham United,Daniel William John Ings,3654,Center Attacking Midfield,18
West Ham United,Angelo Obinze Ogbonna,3843,,21
West Ham United,Emerson Palmieri dos Santos,4355,Left Back,33
West Ham United,Konstantinos Mavropanos,4781,,15
West Ham United,Tomáš Souček,4870,Center Attacking Midfield,28
West Ham United,Edson Omar Álvarez Velázquez,5567,Left Defensive Midfield,19
West Ham United,Pablo Fornals Malla,6764,Left Wing,8
West Ham United,Mohamed Saïd Benrahma,7212,,22
West Ham United,Thilo Kehrer,8511,,24
West Ham United,Jarrod Bowen,9640,Right Wing,20
West Ham United,Nayef Aguerd,12149,Left Center Back,27
West Ham United,Vladimír Coufal,16570,Right Back,5
West Ham United,Mohammed Kudus,17033,Left Defensive Midfield,14
West Ham United,Lucas Tolentino Coelho de Lima,22600,Left Wing,10
West Ham United,Divin Mubama,141121,,45
Aston Villa,Youri Tielemans,2954,Right Center Forward,8
Aston Villa,Bertrand Isidore Traoré,2956,,9
Aston Villa,Diego Carlos Santos Silva,3366,,3
Aston Villa,Calum Chambers,3713,,16
Aston Villa,Ezri Konsa Ngoyo,3822,Right Center Back,4
Aston Villa,Boubacar Kamara,4433,Right Defensive Midfield,44
Aston Villa,Matty Cash,4734,Right Back,2
Aston Villa,Ollie Watkins,4760,Left Center Forward,11
Aston Villa,Robin Olsen,5622,,25
Aston Villa,Leander Dendoncker,6331,,32
Aston Villa,Douglas Luiz Soares de Paulo,6574,Left Defensive Midfield,6
Aston Villa,Clément Lenglet,6826,,17
Aston Villa,Lucas Digne,6849,Left Back,12
Aston Villa,Pau Francisco Torres,6892,Left Center Back,14
Aston Villa,Damián Emiliano Martínez,6909,Goalkeeper,1
Aston Villa,Leon Bailey Butler,8214,Left Midfield,31
Aston Villa,Moussa Diaby,8292,Right Center Forward,19
Aston Villa,John McGinn,9974,Right Midfield,7
Aston Villa,Nicolò Zaniolo,16062,Left Midfield,22
Aston Villa,Omari Kellyman,332163,,71
Burnley,Nathan Redmond,3286,Left Center Midfield,15
Burnley,Jack Frank Porteous Cork,3462,,4
Burnley,Charles James Taylor,3627,Left Back,3
Burnley,Jay Rodriguez,3685,,9
Burnley,Connor Roberts,4774,Right Back,14
Burnley,Josh Cullen,4837,Center Defensive Midfield,24
Burnley,Jacob Bruun Larsen,8961,Right Midfield,34
Burnley,Joshua Brownhill,9607,Right Center Midfield,8
Burnley,Arijanet Murić,16234,,49
Burnley,Sander Berge,16553,Left Center Midfield,16
Burnley,Dara Joseph O'Shea,18753,Left Center Back,2
Burnley,Mike Trésor Ndayishimiye,21889,Right Midfield,31
Burnley,Hannes Delcroix,22219,Right Midfield,44
Burnley,Lyle Foster,29840,Center Forward,17
Burnley,James Trafford,42298,Goalkeeper,1
Burnley,Mohamed Zeki Amdouni,48335,Right Center Midfield,25
Burnley,Anass Zaroury,131037,,19
Burnley,Ameen Al Dakhil,131049,Right Center Back,28
Burnley,Wilson Odobert,151924,Left Midfield,47
Burnley,Luca Koleosho,256682,Left Midfield,30
Brentford,Mathias Jørgensen Jatta,3027,,13
Brentford,Ben Mee,3663,,16
Brentford,Ethan Pinnock,4610,Left Center Back,5
Brentford,Neal Maupay,4766,Right Center Forward,7
Brentford,Bryan Mbeumo,4935,Right Midfield,19
Brentford,Saman Ghoddos,5240,Left Center Midfield,14
Brentford,Christian Nørgaard,7097,Left Defensive Midfield,6
Brentford,Yoane Wissa,7294,Left Center Forward,11
Brentford,Thomas Strakosha,7789,,21
Brentford,Kristoffer Vassbakk Ajer,10532,Right Back,20
Brentford,Vitaly Janelt,12074,Left Back,27
Brentford,Mathias Jensen,18722,Left Midfield,8
Brentford,Mads Roerslev,24440,Right Back,30
Brentford,Frank Onyeka,24467,Right Defensive Midfield,15
Brentford,Nathan Michael Collins,24824,Right Center Back,22
Brentford,Mark Flekken,25000,Goalkeeper,1
Brentford,Ehor Yarmolyuk,45803,Left Center Midfield,33
Brentford,Ethan Craig Brierley,47309,,38
Brentford,Michael Olakigbe,133178,Left Wing,37
Brentford,Ji-Soo Kim,255191,,36
Arsenal,Gabriel Fernando de Jesus,3202,Center Forward,9
Arsenal,Reiss Nelson,3571,,24
Arsenal,Oleksandr Zinchenko,3575,Left Back,35
Arsenal,Edward Nketiah,3737,Center Forward,14
Arsenal,Declan Rice,3943,Left Center Midfield,41
Arsenal,David Raya Martin,4127,Goalkeeper,22
Arsenal,Thomas Teye Partey,6383,,5
Arsenal,Gabriel dos Santos Magalhães,6406,Left Center Back,6
Arsenal,Jorge Luiz Frello Filho,7024,Center Defensive Midfield,20
Arsenal,Martin Ødegaard,8252,Right Center Midfield,8
Arsenal,Kai Havertz,8966,Right Center Midfield,29
Arsenal,Leandro Trossard,16559,Left Wing,19
Arsenal,Emile Smith Rowe,16591,Center Defensive Midfield,10
Arsenal,William Saliba,17592,Right Center Back,2
Arsenal,Bukayo Saka,22084,Right Wing,7
Arsenal,Ben White,22809,Right Back,4
Arsenal,Takehiro Tomiyasu,23730,Left Back,18
Arsenal,Gabriel Teodoro Martinelli Silva,29976,Left Wing,11
Arsenal,Jakub Piotr Kiwior,44166,,15
Arsenal,Karl Jakob Hein,46809,,31
Chelsea,Raheem Sterling,3233,Right Wing,7
Chelsea,Thiago Emiliano da Silva,3295,Right Center Back,6
Chelsea,Axel Disasi,7439,,2
Chelsea,Reece James,9550,Right Wing,24
Chelsea,Robert Lynch Sanchez,9843,Goalkeeper,1
Chelsea,Marc Cucurella Saseta,17620,Left Back,3
Chelsea,Benoît Badiashile Mukinayi,21368,,5
Chelsea,Conor Gallagher,29399,Center Attacking Midfield,23
Chelsea,Chukwunonso Madueke,31506,Left Wing,11
Chelsea,Đorđe Petrović,32565,,28
Chelsea,Moisés Isaac Caicedo Corozo,37726,Right Defensive Midfield,25
Chelsea,Enzo Fernandez,38718,Left Defensive Midfield,8
Chelsea,Levi Colwill,38992,Left Center Back,26
Chelsea,Ian Maatsen,39092,,29
Chelsea,Malo Gusto,39260,Right Back,27
Chelsea,Cole Palmer,39461,Center Forward,20
Chelsea,Mykhailo Mudryk,39483,Left Wing,10
Chelsea,Lesley Chimuanya Ugochukwu,44738,,16
Chelsea,Nicolas Jackson,50497,Center Forward,15
Chelsea,Deivid Washington de Souza Eugênio,271873,,36
Everton,Abdoulaye Doucouré,3292,Center Attacking Midfield,16
Everton,Idrissa Gana Gueye,3436,,27
Everton,Michael Keane,3438,Right Center Back,5
Everton,Jordan Pickford,3468,Goalkeeper,1
Everton,Dominic Calvert-Lewin,3470,Center Forward,9
Everton,Ashley Young,3612,Right Back,18
Everton,James Tarkowski,3628,Right Center Back,6
Everton,Ben Godfrey,4076,,22
Everton,Dwight McNeil,5111,Left Midfield,7
Everton,Jack Harrison,9616,Right Midfield,11
Everton,Arnaut Danjuma Groeneveld,16284,Center Defensive Midfield,10
Everton,Vitalii Mykolenko,20827,Left Back,19
Everton,James Garner,23625,Right Defensive Midfield,37
Everton,João Manuel Neves Virginia,29378,,12
Everton,Norberto Bercique Gomes Betuncal,30006,Center Forward,14
Everton,Jarrad Branthwaite,32762,Left Center Back,32
Everton,Nathan Patterson,37338,Right Wing Back,2
Everton,Amadou Onana,48347,Left Defensive Midfield,8
Everton,Lewis Norman Dobbin,50505,,61
Everton,Youssef Ramalho Chermiti,149581,Left Wing Back,28
Liverpool,Joe Gomez,3495,Left Back,2
Liverpool,Joël Andre Job Matip,3502,Right Center Back,32
Liverpool,Mohamed Salah,3531,Right Wing,11
Liverpool,Trent Alexander-Arnold,3664,Right Back,66
Liverpool,Virgil van Dijk,3669,Left Center Back,4
Liverpool,Alisson Ramsés Becker,5547,Goalkeeper,1
Liverpool,Konstantinos Tsimikas,8489,Left Back,21
Liverpool,Diogo José Teixeira da Silva,9929,Center Forward,20
Liverpool,Ibrahima Konaté,11135,Right Center Back,5
Liverpool,Dominik Szoboszlai,21209,Right Center Midfield,8
Liverpool,Ryan Gravenberch,23230,Left Center Midfield,38
Liverpool,Wataru Endo,23721,,3
Liverpool,Harvey Elliott,24938,Left Center Midfield,19
Liverpool,Luis Fernando Díaz Marulanda,27158,Left Wing,7
Liverpool,Alexis Mac Allister,27886,Center Defensive Midfield,10
Liverpool,Darwin Gabriel Núñez Ribeiro,32478,Left Back,9
Liverpool,Caoimhin Kelleher,34959,,62
Liverpool,Jarell Quansah,40908,,78
Liverpool,James McConnell,133356,,53
Liverpool,Callum Scanlon,153394,,48
Brighton & Hove Albion,Solomon March,3074,Left Back,7
Brighton & Hove Albion,Lewis Dunk,3088,Right Center Back,5
Brighton & Hove Albion,Pascal Groß,3097,Left Defensive Midfield,13
Brighton & Hove Albion,James Philip Milner,3473,Right Back,6
Brighton & Hove Albion,Daniel Nii Tackie Mensah Welbeck,3569,Right Center Forward,18
Brighton & Hove Albion,Adam David Lallana,4090,,14
Brighton & Hove Albion,Joël Veltman,8067,Right Back,34
Brighton & Hove Albion,Mahmoud Dahoud,8238,,8
Brighton & Hove Albion,Adam Webster,9601,,4
Brighton & Hove Albion,Igor Julio dos Santos de Paulo,9741,Left Center Back,3
Brighton & Hove Albion,João Pedro Junqueira de Jesus,25299,Left Center Forward,9
Brighton & Hove Albion,Jan Paul van Hecke,30691,Left Back,29
Brighton & Hove Albion,Anssumane Fati,30756,Left Center Forward,31
Brighton & Hove Albion,Billy Gilmour,31067,Right Defensive Midfield,11
Brighton & Hove Albion,Kaoru Mitoma,37211,Left Midfield,22
Brighton & Hove Albion,Bart Verbruggen,37274,,1
Brighton & Hove Albion,Jason Steele,47553,Goalkeeper,23
Brighton & Hove Albion,Evan Ferguson,51156,Right Center Forward,28
Brighton & Hove Albion,Simon Adingra,105392,Right Midfield,24
Brighton & Hove Albion,Carlos Baleba,226169,Right Defensive Midfield,20
Manchester City,Ederson Santana de Moraes,3067,,31
Manchester City,Bernardo Mota Veiga de Carvalho e Silva,3193,Left Center Midfield,20
Manchester City,Kyle Walker,3205,Right Center Back,2
Manchester City,John Stones,3244,Right Defensive Midfield,5
Manchester City,Nathan Aké,3306,Center Attacking Midfield,6
Manchester City,Phil Foden,4354,Right Wing,47
Manchester City,Kalvin Phillips,4706,,4
Manchester City,Rúben Santos Gato Alves Dias,5206,Right Defensive Midfield,3
Manchester City,Mateo Kovačić,5456,,8
Manchester City,Manuel Obafemi Akanji,5549,Center Back,25
Manchester City,Rodrigo Hernández Cascante,6765,Left Defensive Midfield,16
Manchester City,Stefan Ortega Moreno,9194,Goalkeeper,18
Manchester City,Jack Grealish,9638,Left Wing,10
Manchester City,Sergio Gómez Martín,22199,,21
Manchester City,Erling Håland,23616,Center Forward,9
Manchester City,Jeremy Doku,23650,Left Wing,11
Manchester City,Julián Álvarez,29560,Right Center Midfield,19
Manchester City,Joško Gvardiol,33018,Left Center Back,24
Manchester City,Matheus Luiz Nunes,40874,,27
Manchester City,Rico Lewis,48705,,82
Crystal Palace,Joel Ward,3443,Right Back,2
Crystal Palace,Jordan Ayew,3450,Right Wing,9
Crystal Palace,Jaïro Riedewald,3591,,44
Crystal Palace,Remi Matthews,4059,,31
Crystal Palace,Will Hughes,4588,Left Center Midfield,19
Crystal Palace,Nathaniel Edwin Clyne,4590,,17
Crystal Palace,Rob Holding,4591,,4
Crystal Palace,Jefferson Andrés Lerma Solís,5678,Right Center Midfield,8
Crystal Palace,Jean-Philippe Mateta,7403,Center Forward,14
Crystal Palace,Joachim Andersen,8247,Right Center Back,16
Crystal Palace,Sam Johnstone,9458,Goalkeeper,1
Crystal Palace,Odsonne Édouard,10544,Left Wing,22
Crystal Palace,Cheick Oumar Doucoure,13851,Center Defensive Midfield,28
Crystal Palace,Marc Guehi,34526,Left Center Back,6
Crystal Palace,Naouirou Ahamada,39413,,29
Crystal Palace,Chris Richards,41266,,26
Crystal Palace,Tyrick Mitchell,41437,Left Back,3
Crystal Palace,Jesuran Rak-Sakyi,106904,Center Forward,49
Crystal Palace,Matheus França de Oliveira,114491,Center Attacking Midfield,11
Crystal Palace,David Ozoh,138813,Left Defensive Midfield,52
Newcastle United,Paul Dummett,3065,,3
Newcastle United,Jamaal Lascelles,3081,Right Center Back,6
Newcastle United,Jacob Murphy,3273,Right Wing,23
Newcastle United,Kieran Trippier,3308,Right Back,2
Newcastle United,Nick Pope,3474,Goalkeeper,22
Newcastle United,Callum Wilson,3616,Center Forward,9
Newcastle United,Matt Targett,3651,,13
Newcastle United,Martin Dúbravka,3711,,1
Newcastle United,Dan Burn,3864,Left Back,33
Newcastle United,Sean Longstaff,4031,Right Center Midfield,36
Newcastle United,Fabian Lukas Schär,5537,Left Center Back,5
Newcastle United,Alexander Isak,8819,Center Forward,14
Newcastle United,Miguel Ángel Almirón Rejala,12603,Left Wing,24
Newcastle United,Joelinton Cassio Apolinário de Lira,13291,Left Center Midfield,7
Newcastle United,Bruno Guimarães Rodriguez Moura,25142,Center Defensive Midfield,39
Newcastle United,Anthony Gordon,28104,Left Wing,10
Newcastle United,Sandro Tonali,30752,Center Defensive Midfield,8
Newcastle United,Valentino Livramento,39241,Right Back,21
Newcastle United,Elliot Anderson,49702,Left Center Midfield,32
Newcastle United,Lewis Hall,134092,,20
Luton Town,Andros Townsend,3297,Left Midfield,30
Luton Town,Tom Lockyer,3839,Right Center Back,4
Luton Town,Carlton Morris,4220,Left Center Forward,9
Luton Town,Ross Barkley,4275,Left Defensive Midfield,6
Luton Town,Reece Burke,4605,Right Back,16
Luton Town,Timothy Michael Krul,9467,,23
Luton Town,Pelly Ruddock Mpanzu,9674,Left Defensive Midfield,17
Luton Town,Elijah Adebayo,9827,Right Center Forward,11
Luton Town,Jacob Brown,12197,Right Center Forward,19
Luton Town,Chiedozie Ogbene,13306,Right Midfield,7
Luton Town,Marvelous Nakamba,18739,Right Defensive Midfield,13
Luton Town,Cauley Woodrow,21090,Right Center Forward,10
Luton Town,Gabriel Osho,22347,,2
Luton Town,Tahith Chong,23636,Left Midfield,14
Luton Town,Thomas Kaminski,23741,Goalkeeper,24
Luton Town,Ryan Giles,29397,,26
Luton Town,Alfie Doughty,33074,Left Back,45
Luton Town,Issa Kabore,35471,Right Back,12
Luton Town,Teden Mengi,43604,Left Center Back,15
Luton Town,Jayden Luker,359317,,47
Nottingham Forest,Ibrahim Sangaré,3017,Left Center Midfield,6
Nottingham Forest,Moussa Niakhate,3198,,19
Nottingham Forest,Serge Aurier,3481,Right Back,24
Nottingham Forest,Chris Wood,3505,Center Forward,11
Nottingham Forest,Cheikhou Kouyaté,3684,Left Center Midfield,8
Nottingham Forest,Ryan Yates,4239,Right Center Midfield,22
Nottingham Forest,Harry Toffolo,6555,Left Back,15
Nottingham Forest,Orel Mangala,8950,Center Defensive Midfield,5
Nottingham Forest,Willy Boly,9933,Right Center Back,30
Nottingham Forest,Morgan Gibbs-White,9934,Right Wing,10
Nottingham Forest,Odisseas Vlachodimos,10332,,23
Nottingham Forest,Temitayo Olufisayo Olaoluwa Aina,11492,Right Back,43
Nottingham Forest,Matthew Charles Turner,12352,Goalkeeper,1
Nottingham Forest,Joe Worrall,16336,Right Center Back,4
Nottingham Forest,Nicolás Martín Domínguez,28672,Right Center Midfield,16
Nottingham Forest,Neco Williams,34794,Left Wing,7
Nottingham Forest,Anthony Elanga,50991,Left Wing,21
Nottingham Forest,Brandon Aguilera Zamora,108340,,41
Nottingham Forest,Andrey Nascimento dos Santos,232885,,12
Nottingham Forest,Murillo Santiago Costa dos Santos,271487,Left Center Back,40
Manchester United,Christian Dannemann Eriksen,3043,Right Center Midfield,14
Manchester United,Marcus Rashford,3318,Left Wing,10
Manchester United,Harry Maguire,3336,Right Center Back,5
Manchester United,Scott McTominay,3620,Right Center Midfield,39
Manchester United,Victor Nilsson Lindelöf,3702,Left Back,2
Manchester United,Bruno Miguel Borges Fernandes,5204,Left Center Midfield,8
Manchester United,Sofyan Amrabat,5234,Center Defensive Midfield,4
Manchester United,Raphaël Varane,5485,Left Center Back,19
Manchester United,Mason Mount,7843,Right Wing,7
Manchester United,Donny van de Beek,8062,,34
Manchester United,André Onana,8064,Goalkeeper,24
Manchester United,Jonathan Grant Evans,11012,Left Center Back,35
Manchester United,José Diogo Dalot Teixeira,16028,Right Back,20
Manchester United,Anthony Martial,20039,Center Forward,9
Manchester United,Antony Matheus dos Santos,25363,Right Wing,21
Manchester United,Altay Bayındır,30442,,1
Manchester United,Facundo Pellistri Rebollo,36288,,28
Manchester United,Hannibal Mejbri,50988,,46
Manchester United,Rasmus Winther Højlund,51672,Center Forward,11
Manchester United,Alejandro Garnacho Ferreyra,52129,Right Wing,17
Sheffield United,Oliver McBurnie,3332,Right Center Forward,9
Sheffield United,John Fleck,4563,,4
Sheffield United,Ben Osborn,4732,Right Midfield,23
Sheffield United,Jack Robinson,10485,Left Center Back,19
Sheffield United,Oliver James Norwood,11013,Right Defensive Midfield,16
Sheffield United,Jayden Bogle,11896,Right Back,20
Sheffield United,Auston Trusty,12359,Right Center Back,5
Sheffield United,Gustavo Hamer,15304,Left Midfield,8
Sheffield United,Wesley Foderingham,21018,Goalkeeper,18
Sheffield United,Vinicius de Souza Costa,32587,Left Defensive Midfield,21
Sheffield United,Rhian Brewster,34206,Right Center Forward,7
Sheffield United,Anis Ben Slimane,35592,,25
Sheffield United,Luke Thomas,42747,Left Back,14
Sheffield United,James McAtee,49667,Right Midfield,28
Sheffield United,Cameron Archer,50563,Left Center Forward,10
Sheffield United,Bénie Adama Traoré,107581,Right Midfield,11
Sheffield United,Femi Seriki,119821,,38
Sheffield United,Jordan Amissah,140745,,37
Sheffield United,Jili Buyabu,180507,,40
Sheffield United,Ryan One,282924,,26
Fulham,Willian Borges da Silva,3472,Left Wing,20
Fulham,Alex Iwobi,3647,Center Attacking Midfield,22
Fulham,Fodé Ballo Touré,3675,,12
Fulham,Marek Rodák,4152,,1
Fulham,Antonee Robinson,4614,Left Back,33
Fulham,Raúl Alonso Jiménez Rodríguez,5568,Center Forward,7
Fulham,Saša Lukić,6687,Right Defensive Midfield,28
Fulham,Andreas Hoelgebaum Pereira,6846,Center Attacking Midfield,18
Fulham,Timothy Castagne,6989,Right Back,21
Fulham,Harry Wilson,9540,Right Wing,8
Fulham,Bobby Armani De Cordova-Reid,9923,Right Wing,14
Fulham,Tom Cairney,10284,Left Defensive Midfield,10
Fulham,Harrison Reed,11936,Right Defensive Midfield,6
Fulham,João Maria Lobo Alves Palhinha Gonçalves,12169,Left Defensive Midfield,26
Fulham,Carlos Vinícius Alves Morais,13639,Center Forward,30
Fulham,Bernd Leno,15581,Goalkeeper,17
Fulham,Tim Ream,18242,Left Center Back,13
Fulham,Calvin Bassey Ughelumba,43779,Right Center Back,3
Fulham,Rodrigo Muniz Carvalho,49049,,19
Fulham,Luc Rollet De Fougerolles,133189,,44
Tottenham Hotspur,Heung-Min Son,3083,Center Forward,7
Tottenham Hotspur,Richarlison de Andrade,3280,Left Wing,9
Tottenham Hotspur,Giovani Lo Celso,3313,Center Forward,18
Tottenham Hotspur,Pierre-Emile Højbjerg,3570,Left Defensive Midfield,5
Tottenham Hotspur,Fraser Forster,3970,,20
Tottenham Hotspur,James Maddison,9905,Center Attacking Midfield,10
Tottenham Hotspur,Eric Dier,10956,,15
Tottenham Hotspur,Pedro Antonio Porro Sauceda,11292,Right Back,23
Tottenham Hotspur,Cristian Gabriel Romero,20572,Right Center Back,17
Tottenham Hotspur,Oliver Skipp,22145,Right Defensive Midfield,4
Tottenham Hotspur,Bryan Gil Salvatierra,22418,,11
Tottenham Hotspur,Dejan Kulusevski,22818,Right Wing,21
Tottenham Hotspur,Emerson Aparecido Leite de Souza Junior,23522,Left Back,12
Tottenham Hotspur,Brennan Johnson,29377,Left Wing,22
Tottenham Hotspur,Guglielmo Vicario,31225,Goalkeeper,13
Tottenham Hotspur,Micky van de Ven,32547,Left Center Back,37
Tottenham Hotspur,Iyenoma Destiny Udogie,48461,Left Back,38
Tottenham Hotspur,Pape Matar Sarr,50498,Right Defensive Midfield,29
Tottenham Hotspur,Alejo Véliz,112971,Center Attacking Midfield,36
Tottenham Hotspur,Ashley Famiwuya Phillips,133959,,35
Burnley,Nathan Redmond,3286,Right Center Midfield,15
Burnley,Jack Frank Porteous Cork,3462,,4
Burnley,Charles James Taylor,3627,Left Back,3
Burnley,Jay Rodriguez,3685,Center Forward,9
Burnley,Johann Berg Guðmunds­son,3720,Right Center Midfield,7
Burnley,Josh Cullen,4837,Center Defensive Midfield,24
Burnley,Jacob Bruun Larsen,8961,Left Wing,34
Burnley,Joshua Brownhill,9607,Left Center Midfield,8
Burnley,Arijanet Murić,16234,,49
Burnley,Sander Berge,16553,Center Defensive Midfield,16
Burnley,Dara Joseph O'Shea,18753,Right Center Back,2
Burnley,Mike Trésor Ndayishimiye,21889,Right Wing,31
Burnley,Hannes Delcroix,22219,,44
Burnley,Victor Alexander da Silva,24016,Right Back,22
Burnley,James Trafford,42298,Goalkeeper,1
Burnley,Mohamed Zeki Amdouni,48335,Center Forward,25
Burnley,Anass Zaroury,131037,Left Wing,19
Burnley,Ameen Al Dakhil,131049,Left Center Back,28
Burnley,Wilson Odobert,151924,,47
Burnley,Luca Koleosho,256682,Right Wing,30
AFC Bournemouth,Philip Billing,3331,Left Center Midfield,29
AFC Bournemouth,Dominic Solanke,3614,Center Forward,9
AFC Bournemouth,Kieffer Roberto Francisco Moore,3853,,21
AFC Bournemouth,Marcus Tavernier,4111,Left Wing,16
AFC Bournemouth,Joe Rothwell,4143,Left Center Midfield,8
AFC Bournemouth,David Brooks,4567,,7
AFC Bournemouth,Chris Mepham,4767,Right Center Back,6
AFC Bournemouth,Adam Smith,6409,Right Back,15
AFC Bournemouth,Justin Kluivert,8063,,19
AFC Bournemouth,Antoine Semenyo,9286,Right Wing,24
AFC Bournemouth,Lloyd Kelly,9938,Left Back,5
AFC Bournemouth,Ryan Christie,12510,Right Center Midfield,10
AFC Bournemouth,Luis Fernando Sinisterra Lucumí,16184,,17
AFC Bournemouth,Maximillian James Aarons,16689,Right Back,37
AFC Bournemouth,Ionuț Andrei Radu,18237,Goalkeeper,20
AFC Bournemouth,Mark Travers,24937,,42
AFC Bournemouth,Illia Zabarnyi,39136,Left Center Back,27
AFC Bournemouth,Milos Kerkez,89635,Left Wing,3
AFC Bournemouth,Alex Scott,91951,Center Defensive Midfield,14
AFC Bournemouth,Dango Aboubacar Faissal Ouattara,95042,Right Wing,11
Sheffield United,John Fleck,4563,Right Midfield,4
Sheffield United,George Baldock,4571,Right Back,2
Sheffield United,Adam Davies,4584,,1
Sheffield United,Ben Osborn,4732,Left Midfield,23
Sheffield United,Jack Robinson,10485,Left Center Back,19
Sheffield United,Oliver James Norwood,11013,Left Defensive Midfield,16
Sheffield United,Jayden Bogle,11896,Right Back,20
Sheffield United,Auston Trusty,12359,Right Center Back,5
Sheffield United,Gustavo Hamer,15304,Right Center Forward,8
Sheffield United,Wesley Foderingham,21018,Goalkeeper,18
Sheffield United,Vinicius de Souza Costa,32587,Right Defensive Midfield,21
Sheffield United,Rhian Brewster,34206,Left Center Forward,7
Sheffield United,Yasser Larouci,34793,,27
Sheffield United,Anis Ben Slimane,35592,Left Midfield,25
Sheffield United,Luke Thomas,42747,Left Back,14
Sheffield United,James McAtee,49667,Right Midfield,28
Sheffield United,Cameron Archer,50563,Left Center Forward,10
Sheffield United,Bénie Adama Traoré,107581,,11
Sheffield United,Andre Brooks,153124,,35
Sheffield United,Ryan One,282924,Left Center Forward,26
Arsenal,Mohamed Naser Elsayed Elneny,3568,Center Defensive Midfield,25
Arsenal,Reiss Nelson,3571,Right Wing,24
Arsenal,Oleksandr Zinchenko,3575,Left Back,35
Arsenal,Edward Nketiah,3737,Center Forward,14
Arsenal,Declan Rice,3943,Center Defensive Midfield,41
Arsenal,David Raya Martin,4127,Goalkeeper,22
Arsenal,Gabriel dos Santos Magalhães,6406,,6
Arsenal,Jorge Luiz Frello Filho,7024,,20
Arsenal,Martin Ødegaard,8252,,8
Arsenal,Kai Havertz,8966,Right Center Midfield,29
Arsenal,Leandro Trossard,16559,Left Wing,19
Arsenal,Emile Smith Rowe,16591,Left Center Midfield,10
Arsenal,William Saliba,17592,Right Center Back,2
Arsenal,Bukayo Saka,22084,Right Wing,7
Arsenal,Aaron Ramsdale,22783,,1
Arsenal,Ben White,22809,Right Back,4
Arsenal,Takehiro Tomiyasu,23730,Right Back,18
Arsenal,Gabriel Teodoro Martinelli Silva,29976,Left Wing,11
Arsenal,Fabio Daniel Ferreira Vieira,39162,Left Center Midfield,21
Arsenal,Jakub Piotr Kiwior,44166,Left Center Back,15
Luton Town,Andros Townsend,3297,Left Center Back,30
Luton Town,Tom Lockyer,3839,Center Back,4
Luton Town,Carlton Morris,4220,Center Forward,9
Luton Town,Ross Barkley,4275,Left Defensive Midfield,6
Luton Town,Timothy Michael Krul,9467,,23
Luton Town,Pelly Ruddock Mpanzu,9674,Left Defensive Midfield,17
Luton Town,Elijah Adebayo,9827,Center Forward,11
Luton Town,Jacob Brown,12197,Right Wing,19
Luton Town,Chiedozie Ogbene,13306,Left Wing,7
Luton Town,Marvelous Nakamba,18739,Right Defensive Midfield,13
Luton Town,Cauley Woodrow,21090,,10
Luton Town,Gabriel Osho,22347,Left Center Back,2
Luton Town,Tahith Chong,23636,Left Wing,14
Luton Town,Thomas Kaminski,23741,Goalkeeper,24
Luton Town,Ryan Giles,29397,Left Wing Back,26
Luton Town,Alfie Doughty,33074,Left Wing Back,45
Luton Town,Issa Kabore,35471,Right Wing Back,12
Luton Town,Teden Mengi,43604,Right Center Back,15
Luton Town,Jayden Luker,359317,,47
Luton Town,Joseph Nathan Johnson,393324,,38
Aston Villa,Youri Tielemans,2954,Right Defensive Midfield,8
Aston Villa,Bertrand Isidore Traoré,2956,Right Center Forward,9
Aston Villa,Diego Carlos Santos Silva,3366,Right Back,3
Aston Villa,Calum Chambers,3713,,16
Aston Villa,Ezri Konsa Ngoyo,3822,Right Center Back,4
Aston Villa,Boubacar Kamara,4433,Right Defensive Midfield,44
Aston Villa,Matty Cash,4734,Right Back,2
Aston Villa,Ollie Watkins,4760,Left Center Forward,11
Aston Villa,Robin Olsen,5622,,25
Aston Villa,Leander Dendoncker,6331,Left Defensive Midfield,32
Aston Villa,Douglas Luiz Soares de Paulo,6574,Left Defensive Midfield,6
Aston Villa,Clément Lenglet,6826,,17
Aston Villa,Lucas Digne,6849,Left Back,12
Aston Villa,Pau Francisco Torres,6892,Left Center Back,14
Aston Villa,Damián Emiliano Martínez,6909,Goalkeeper,1
Aston Villa,Leon Bailey Butler,8214,Right Midfield,31
Aston Villa,Moussa Diaby,8292,Right Center Forward,19
Aston Villa,John McGinn,9974,Right Midfield,7
Aston Villa,Nicolò Zaniolo,16062,Left Midfield,22
Aston Villa,Tim Iroegbunam,113387,,47
Newcastle United,Matt Ritchie,3049,,11
Newcastle United,Paul Dummett,3065,,3
Newcastle United,Jamaal Lascelles,3081,Right Center Back,6
Newcastle United,Mark Gillespie,3212,,29
Newcastle United,Kieran Trippier,3308,Right Back,2
Newcastle United,Nick Pope,3474,Goalkeeper,22
Newcastle United,Callum Wilson,3616,Center Forward,9
Newcastle United,Matt Targett,3651,,13
Newcastle United,Martin Dúbravka,3711,,1
Newcastle United,Dan Burn,3864,Left Back,33
Newcastle United,Sean Longstaff,4031,Right Center Midfield,36
Newcastle United,Joseph Willock,4625,Left Wing,28
Newcastle United,Fabian Lukas Schär,5537,Left Center Back,5
Newcastle United,Emil Krafth,6358,,17
Newcastle United,Miguel Ángel Almirón Rejala,12603,Right Wing,24
Newcastle United,Joelinton Cassio Apolinário de Lira,13291,Left Center Midfield,7
Newcastle United,Bruno Guimarães Rodriguez Moura,25142,Center Defensive Midfield,39
Newcastle United,Anthony Gordon,28104,Left Wing,10
Newcastle United,Valentino Livramento,39241,,21
Newcastle United,Lewis Hall,134092,,20
Wolverhampton Wanderers,Craig Dawson,3523,Left Center Back,15
Wolverhampton Wanderers,Mario Lemina,3951,Right Defensive Midfield,5
Wolverhampton Wanderers,Daniel Bentley,4773,,25
Wolverhampton Wanderers,Hee-Chan Hwang,5620,Right Center Forward,11
Wolverhampton Wanderers,Nélson Cabral Semedo,6374,Right Back,22
Wolverhampton Wanderers,Pablo Sarabia García,6720,,21
Wolverhampton Wanderers,Jonathan Castro Otto,6802,,19
Wolverhampton Wanderers,Matt Doherty,9925,,2
Wolverhampton Wanderers,Rayan Aït Nouri,12111,Left Midfield,3
Wolverhampton Wanderers,Matheus Santos Carneiro da Cunha,12425,Left Center Forward,12
Wolverhampton Wanderers,Sasa Kalajdzic,18762,Right Midfield,18
Wolverhampton Wanderers,José Pedro Malheiro de Sá,18866,Goalkeeper,1
Wolverhampton Wanderers,Pedro Lomba Neto,23256,Right Midfield,7
Wolverhampton Wanderers,Maximilian William Kilman,24940,Right Center Back,23
Wolverhampton Wanderers,Fábio Daniel Soares Silva,30088,,9
Wolverhampton Wanderers,Thomas Doyle,34789,Left Defensive Midfield,20
Wolverhampton Wanderers,Santiago Ignacio Bueno Sciutto,41138,,4
Wolverhampton Wanderers,João Victor Gomes da Silva,48720,Right Defensive Midfield,8
Wolverhampton Wanderers,Tote António Gomes,48941,Left Back,24
Wolverhampton Wanderers,Boubacar Traore,58878,Left Defensive Midfield,6
Brentford,Mathias Jørgensen Jatta,3027,,13
Brentford,Ben Mee,3663,,16
Brentford,Ethan Pinnock,4610,Center Back,5
Brentford,Neal Maupay,4766,Left Center Forward,7
Brentford,Bryan Mbeumo,4935,Right Center Forward,19
Brentford,Saman Ghoddos,5240,Left Wing Back,14
Brentford,Christian Nørgaard,7097,Center Defensive Midfield,6
Brentford,Yoane Wissa,7294,Left Center Forward,11
Brentford,Thomas Strakosha,7789,,21
Brentford,Kristoffer Vassbakk Ajer,10532,Right Center Back,20
Brentford,Vitaly Janelt,12074,Left Center Midfield,27
Brentford,Mathias Jensen,18722,Right Center Midfield,8
Brentford,Mads Roerslev,24440,Right Wing Back,30
Brentford,Frank Onyeka,24467,Right Center Midfield,15
Brentford,Nathan Michael Collins,24824,Left Center Back,22
Brentford,Mark Flekken,25000,Goalkeeper,1
Brentford,Aaron Hickey,25584,Left Wing Back,2
Brentford,Ehor Yarmolyuk,45803,Left Center Midfield,33
Brentford,Ethan Craig Brierley,47309,,38
Brentford,Michael Olakigbe,133178,,37
Chelsea,Raheem Sterling,3233,Left Wing,7
Chelsea,Thiago Emiliano da Silva,3295,Right Center Back,6
Chelsea,Axel Disasi,7439,Right Back,2
Chelsea,Reece James,9550,Right Back,24
Chelsea,Robert Lynch Sanchez,9843,Goalkeeper,1
Chelsea,Marc Cucurella Saseta,17620,Left Back,3
Chelsea,Benoît Badiashile Mukinayi,21368,,5
Chelsea,Conor Gallagher,29399,Left Defensive Midfield,23
Chelsea,Chukwunonso Madueke,31506,Right Wing,11
Chelsea,Đorđe Petrović,32565,,28
Chelsea,Moisés Isaac Caicedo Corozo,37726,Right Defensive Midfield,25
Chelsea,Levi Colwill,38992,Left Center Back,26
Chelsea,Ian Maatsen,39092,Right Wing,29
Chelsea,Malo Gusto,39260,,27
Chelsea,Cole Palmer,39461,Center Attacking Midfield,20
Chelsea,Lesley Chimuanya Ugochukwu,44738,Right Defensive Midfield,16
Chelsea,Nicolas Jackson,50497,Center Forward,15
Chelsea,Edward James Beach,158819,,50
Chelsea,Alex Matos,235092,,52
Chelsea,Deivid Washington de Souza Eugênio,271873,Left Back,36
Tottenham Hotspur,Heung-Min Son,3083,Center Forward,7
Tottenham Hotspur,Ben Davies,3086,Left Back,33
Tottenham Hotspur,Richarlison de Andrade,3280,Left Wing,9
Tottenham Hotspur,Giovani Lo Celso,3313,,18
Tottenham Hotspur,Pierre-Emile Højbjerg,3570,Left Defensive Midfield,5
Tottenham Hotspur,Fraser Forster,3970,,20
Tottenham Hotspur,Yves Bissouma,4385,Left Defensive Midfield,8
Tottenham Hotspur,Rodrigo Bentancur Colmán,5260,Right Wing,30
Tottenham Hotspur,James Maddison,9905,Center Attacking Midfield,10
Tottenham Hotspur,Eric Dier,10956,,15
Tottenham Hotspur,Pedro Antonio Porro Sauceda,11292,Right Back,23
Tottenham Hotspur,Cristian Gabriel Romero,20572,Right Center Back,17
Tottenham Hotspur,Oliver Skipp,22145,,4
Tottenham Hotspur,Bryan Gil Salvatierra,22418,Center Attacking Midfield,11
Tottenham Hotspur,Dejan Kulusevski,22818,Right Wing,21
Tottenham Hotspur,Emerson Aparecido Leite de Souza Junior,23522,Left Back,12
Tottenham Hotspur,Brennan Johnson,29377,Left Wing,22
Tottenham Hotspur,Guglielmo Vicario,31225,Goalkeeper,13
Tottenham Hotspur,Micky van de Ven,32547,Left Center Back,37
Tottenham Hotspur,Pape Matar Sarr,50498,Right Defensive Midfield,29
Crystal Palace,Joel Ward,3443,Right Back,2
Crystal Palace,Jordan Ayew,3450,Right Wing,9
Crystal Palace,Jeffrey Schlupp,3520,Left Wing,15
Crystal Palace,Jaïro Riedewald,3591,,44
Crystal Palace,Remi Matthews,4059,,31
Crystal Palace,Will Hughes,4588,Center Attacking Midfield,19
Crystal Palace,Nathaniel Edwin Clyne,4590,Left Back,17
Crystal Palace,Rob Holding,4591,,4
Crystal Palace,Jefferson Andrés Lerma Solís,5678,Left Defensive Midfield,8
Crystal Palace,Jean-Philippe Mateta,7403,Center Forward,14
Crystal Palace,Joachim Andersen,8247,Right Center Back,16
Crystal Palace,Sam Johnstone,9458,Goalkeeper,1
Crystal Palace,Odsonne Édouard,10544,Center Forward,22
Crystal Palace,Cheick Oumar Doucoure,13851,Right Defensive Midfield,28
Crystal Palace,Marc Guehi,34526,Left Center Back,6
Crystal Palace,Naouirou Ahamada,39413,Center Attacking Midfield,29
Crystal Palace,Chris Richards,41266,,26
Crystal Palace,Tyrick Mitchell,41437,Left Back,3
Crystal Palace,Jesuran Rak-Sakyi,106904,Left Wing,49
Crystal Palace,Matheus França de Oliveira,114491,Left Defensive Midfield,11
Fulham,Willian Borges da Silva,3472,Left Wing,20
Fulham,Alex Iwobi,3647,Center Attacking Midfield,22
Fulham,Fodé Ballo Touré,3675,,12
Fulham,Marek Rodák,4152,,1
Fulham,Antonee Robinson,4614,Left Back,33
Fulham,Raúl Alonso Jiménez Rodríguez,5568,Center Forward,7
Fulham,Saša Lukić,6687,Left Wing,28
Fulham,Andreas Hoelgebaum Pereira,6846,Right Defensive Midfield,18
Fulham,Timothy Castagne,6989,Right Back,21
Fulham,Harry Wilson,9540,Right Wing,8
Fulham,Bobby Armani De Cordova-Reid,9923,Right Wing,14
Fulham,Tom Cairney,10284,Left Wing,10
Fulham,Harrison Reed,11936,Right Defensive Midfield,6
Fulham,João Maria Lobo Alves Palhinha Gonçalves,12169,Left Defensive Midfield,26
Fulham,Bernd Leno,15581,Goalkeeper,17
Fulham,Tim Ream,18242,Left Center Back,13
Fulham,Calvin Bassey Ughelumba,43779,Right Center Back,3
Fulham,Rodrigo Muniz Carvalho,49049,Center Forward,19
Fulham,Luc Rollet De Fougerolles,133189,,44
Fulham,Devan Austin Tanton Pedraza,133193,,41
Brighton & Hove Albion,Lewis Dunk,3088,Center Back,5
Brighton & Hove Albion,Pascal Groß,3097,Right Attacking Midfield,13
Brighton & Hove Albion,James Philip Milner,3473,,6
Brighton & Hove Albion,Adam David Lallana,4090,Left Attacking Midfield,14
Brighton & Hove Albion,Joël Veltman,8067,Right Wing Back,34
Brighton & Hove Albion,Mahmoud Dahoud,8238,Left Defensive Midfield,8
Brighton & Hove Albion,Adam Webster,9601,Right Center Back,4
Brighton & Hove Albion,Igor Julio dos Santos de Paulo,9741,Left Center Back,3
Brighton & Hove Albion,João Pedro Junqueira de Jesus,25299,Center Forward,9
Brighton & Hove Albion,Jan Paul van Hecke,30691,,29
Brighton & Hove Albion,Anssumane Fati,30756,Left Attacking Midfield,31
Brighton & Hove Albion,Billy Gilmour,31067,Left Defensive Midfield,11
Brighton & Hove Albion,Kaoru Mitoma,37211,Left Wing Back,22
Brighton & Hove Albion,Bart Verbruggen,37274,,1
Brighton & Hove Albion,Jason Steele,47553,Goalkeeper,23
Brighton & Hove Albion,Evan Ferguson,51156,Center Forward,28
Brighton & Hove Albion,Simon Adingra,105392,Right Wing Back,24
Brighton & Hove Albion,Jack Hinshelwood,155312,,41
Brighton & Hove Albion,Facundo Valentín Buonanotte,196954,Right Defensive Midfield,40
Brighton & Hove Albion,Carlos Baleba,226169,Right Defensive Midfield,20
Everton,Abdoulaye Doucouré,3292,Center Attacking Midfield,16
Everton,Idrissa Gana Gueye,3436,,27
Everton,Michael Keane,3438,,5
Everton,Jordan Pickford,3468,Goalkeeper,1
Everton,Dominic Calvert-Lewin,3470,Center Forward,9
Everton,James Tarkowski,3628,Right Center Back,6
Everton,Ben Godfrey,4076,,22
Everton,Dwight McNeil,5111,Left Midfield,7
Everton,Jack Harrison,9616,Right Midfield,11
Everton,Arnaut Danjuma Groeneveld,16284,,10
Everton,Vitalii Mykolenko,20827,Left Back,19
Everton,Andrew Michael Lonergan,23512,,31
Everton,James Garner,23625,Right Defensive Midfield,37
Everton,João Manuel Neves Virginia,29378,,12
Everton,Norberto Bercique Gomes Betuncal,30006,,14
Everton,Jarrad Branthwaite,32762,Left Center Back,32
Everton,Nathan Patterson,37338,Right Back,2
Everton,Amadou Onana,48347,Left Defensive Midfield,8
Everton,Mackenzie Hunt,49671,,58
Everton,Lewis Norman Dobbin,50505,,61
Everton,Youssef Ramalho Chermiti,149581,Center Forward,28
West Ham United,Aaron Cresswell,3062,Left Back,3
West Ham United,Gnaly Maxwell Cornet,3162,,17
West Ham United,Łukasz Fabiański,3262,,1
West Ham United,James Ward-Prowse,3328,Left Defensive Midfield,7
West Ham United,Michail Antonio,3349,Center Forward,9
West Ham United,Alphonse Areola,3379,Goalkeeper,23
West Ham United,Kurt Happy Zouma,3456,Right Center Back,4
West Ham United,Daniel William John Ings,3654,Left Back,18
West Ham United,Angelo Obinze Ogbonna,3843,,21
West Ham United,Konstantinos Mavropanos,4781,,15
West Ham United,Tomáš Souček,4870,Left Defensive Midfield,28
West Ham United,Edson Omar Álvarez Velázquez,5567,Right Defensive Midfield,19
West Ham United,Pablo Fornals Malla,6764,,8
West Ham United,Mohamed Saïd Benrahma,7212,Left Wing,22
West Ham United,Thilo Kehrer,8511,,24
West Ham United,Jarrod Bowen,9640,Right Wing,20
West Ham United,Nayef Aguerd,12149,Left Center Back,27
West Ham United,Vladimír Coufal,16570,Right Back,5
West Ham United,Mohammed Kudus,17033,Center Attacking Midfield,14
West Ham United,Lucas Tolentino Coelho de Lima,22600,Left Wing,10
Manchester City,Ederson Santana de Moraes,3067,Goalkeeper,31
Manchester City,Bernardo Mota Veiga de Carvalho e Silva,3193,Left Defensive Midfield,20
Manchester City,Kyle Walker,3205,Right Back,2
Manchester City,John Stones,3244,Left Center Back,5
Manchester City,Nathan Aké,3306,,6
Manchester City,Phil Foden,4354,Right Wing,47
Manchester City,Kalvin Phillips,4706,,4
Manchester City,Rúben Santos Gato Alves Dias,5206,Right Center Back,3
Manchester City,Mateo Kovačić,5456,Left Center Midfield,8
Manchester City,Rodrigo Hernández Cascante,6765,Right Defensive Midfield,16
Manchester City,Stefan Ortega Moreno,9194,,18
Manchester City,Jack Grealish,9638,Left Wing,10
Manchester City,Sergio Gómez Martín,22199,,21
Manchester City,Erling Håland,23616,Center Forward,9
Manchester City,Jeremy Doku,23650,Left Wing,11
Manchester City,Julián Álvarez,29560,Center Attacking Midfield,19
Manchester City,Joško Gvardiol,33018,Left Back,24
Manchester City,Matheus Luiz Nunes,40874,,27
Manchester City,Rico Lewis,48705,,82
Manchester City,Oscar Bobb,104825,,52
Manchester United,Christian Dannemann Eriksen,3043,Right Defensive Midfield,14
Manchester United,Marcus Rashford,3318,Left Wing,10
Manchester United,Harry Maguire,3336,Right Center Back,5
Manchester United,Scott McTominay,3620,Center Attacking Midfield,39
Manchester United,Victor Nilsson Lindelöf,3702,Left Back,2
Manchester United,Bruno Miguel Borges Fernandes,5204,Right Wing,8
Manchester United,Sofyan Amrabat,5234,Left Defensive Midfield,4
Manchester United,Raphaël Varane,5485,,19
Manchester United,Mason Mount,7843,Center Attacking Midfield,7
Manchester United,André Onana,8064,Goalkeeper,24
Manchester United,Jonathan Grant Evans,11012,Left Center Back,35
Manchester United,José Diogo Dalot Teixeira,16028,Right Back,20
Manchester United,Sergio Reguilón Rodríguez,18620,Left Back,15
Manchester United,Anthony Martial,20039,Center Forward,9
Manchester United,Antony Matheus dos Santos,25363,Left Defensive Midfield,21
Manchester United,Altay Bayındır,30442,,1
Manchester United,Hannibal Mejbri,50988,,46
Manchester United,Rasmus Winther Højlund,51672,Center Forward,11
Manchester United,Alejandro Garnacho Ferreyra,52129,Center Forward,17
Manchester United,Kobbie Mainoo,99174,,37
Nottingham Forest,Ibrahim Sangaré,3017,Left Defensive Midfield,6
Nottingham Forest,Moussa Niakhate,3198,Center Back,19
Nottingham Forest,Serge Aurier,3481,Right Wing Back,24
Nottingham Forest,Cheikhou Kouyaté,3684,,8
Nottingham Forest,Ryan Yates,4239,Left Wing,22
Nottingham Forest,Harry Toffolo,6555,Left Wing Back,15
Nottingham Forest,Orel Mangala,8950,Right Defensive Midfield,5
Nottingham Forest,Willy Boly,9933,Right Center Back,30
Nottingham Forest,Morgan Gibbs-White,9934,Right Wing,10
Nottingham Forest,Odisseas Vlachodimos,10332,,23
Nottingham Forest,Temitayo Olufisayo Olaoluwa Aina,11492,Left Wing Back,43
Nottingham Forest,Matthew Charles Turner,12352,Goalkeeper,1
Nottingham Forest,Joe Worrall,16336,,4
Nottingham Forest,Taiwo Michael Awoniyi,23898,Right Center Back,9
Nottingham Forest,Nicolás Martín Domínguez,28672,Left Wing,16
Nottingham Forest,Nuno Albertino Varela Tavares,30040,,3
Nottingham Forest,Neco Williams,34794,Right Wing,7
Nottingham Forest,Anthony Elanga,50991,Center Forward,21
Nottingham Forest,Andrey Nascimento dos Santos,232885,Center Defensive Midfield,12
Nottingham Forest,Murillo Santiago Costa dos Santos,271487,Left Center Back,40
Liverpool,Joe Gomez,3495,Right Back,2
Liverpool,Joël Andre Job Matip,3502,,32
Liverpool,Mohamed Salah,3531,Right Wing,11
Liverpool,Adrián San Miguel del Castillo,3623,,13
Liverpool,Trent Alexander-Arnold,3664,Right Back,66
Liverpool,Virgil van Dijk,3669,Left Center Back,4
Liverpool,Alisson Ramsés Becker,5547,Goalkeeper,1
Liverpool,Konstantinos Tsimikas,8489,Left Back,21
Liverpool,Diogo José Teixeira da Silva,9929,Left Wing,20
Liverpool,Ibrahima Konaté,11135,Right Center Back,5
Liverpool,Cody Mathès Gakpo,20750,Left Wing,18
Liverpool,Dominik Szoboszlai,21209,Right Center Midfield,8
Liverpool,Ryan Gravenberch,23230,Left Center Midfield,38
Liverpool,Wataru Endo,23721,Center Forward,3
Liverpool,Harvey Elliott,24938,Left Center Midfield,19
Liverpool,Alexis Mac Allister,27886,Center Defensive Midfield,10
Liverpool,Darwin Gabriel Núñez Ribeiro,32478,Center Forward,9
Liverpool,Caoimhin Kelleher,34959,,62
Liverpool,Luke Chambers,51042,,44
Liverpool,James McConnell,133356,,53
Brighton & Hove Albion,Lewis Dunk,3088,Left Center Back,5
Brighton & Hove Albion,Pascal Groß,3097,Left Defensive Midfield,13
Brighton & Hove Albion,James Philip Milner,3473,Left Back,6
Brighton & Hove Albion,Adam David Lallana,4090,Center Attacking Midfield,14
Brighton & Hove Albion,Joël Veltman,8067,Right Back,34
Brighton & Hove Albion,Mahmoud Dahoud,8238,Right Defensive Midfield,8
Brighton & Hove Albion,Adam Webster,9601,,4
Brighton & Hove Albion,Igor Julio dos Santos de Paulo,9741,Right Midfield,3
Brighton & Hove Albion,João Pedro Junqueira de Jesus,25299,Right Center Forward,9
Brighton & Hove Albion,Jan Paul van Hecke,30691,Right Center Back,29
Brighton & Hove Albion,Anssumane Fati,30756,Left Center Forward,31
Brighton & Hove Albion,Billy Gilmour,31067,Right Defensive Midfield,11
Brighton & Hove Albion,Tariq Lamptey,33602,,2
Brighton & Hove Albion,Kaoru Mitoma,37211,Left Wing,22
Brighton & Hove Albion,Bart Verbruggen,37274,Goalkeeper,1
Brighton & Hove Albion,Jason Steele,47553,,23
Brighton & Hove Albion,Evan Ferguson,51156,Center Forward,28
Brighton & Hove Albion,Simon Adingra,105392,Right Wing,24
Brighton & Hove Albion,Facundo Valentín Buonanotte,196954,Right Defensive Midfield,40
Brighton & Hove Albion,Carlos Baleba,226169,,20
Everton,Abdoulaye Doucouré,3292,Center Attacking Midfield,16
Everton,Idrissa Gana Gueye,3436,Left Defensive Midfield,27
Everton,Michael Keane,3438,,5
Everton,Jordan Pickford,3468,Goalkeeper,1
Everton,Dominic Calvert-Lewin,3470,Center Forward,9
Everton,Ashley Young,3612,Right Back,18
Everton,James Tarkowski,3628,Right Center Back,6
Everton,Ben Godfrey,4076,,22
Everton,Dwight McNeil,5111,Left Midfield,7
Everton,Jack Harrison,9616,Right Midfield,11
Everton,Arnaut Danjuma Groeneveld,16284,,10
Everton,Vitalii Mykolenko,20827,Left Back,19
Everton,Andrew Michael Lonergan,23512,,31
Everton,James Garner,23625,Right Defensive Midfield,37
Everton,João Manuel Neves Virginia,29378,,12
Everton,Norberto Bercique Gomes Betuncal,30006,Center Forward,14
Everton,Jarrad Branthwaite,32762,Left Center Back,32
Everton,Nathan Patterson,37338,Right Back,2
Everton,Lewis Norman Dobbin,50505,,61
Everton,Youssef Ramalho Chermiti,149581,,28
West Ham United,Aaron Cresswell,3062,,3
West Ham United,Gnaly Maxwell Cornet,3162,,17
West Ham United,Łukasz Fabiański,3262,,1
West Ham United,James Ward-Prowse,3328,Right Defensive Midfield,7
West Ham United,Michail Antonio,3349,Left Center Forward,9
West Ham United,Alphonse Areola,3379,Goalkeeper,23
West Ham United,Daniel William John Ings,3654,Left Center Forward,18
West Ham United,Angelo Obinze Ogbonna,3843,,21
West Ham United,Emerson Palmieri dos Santos,4355,Left Back,33
West Ham United,Konstantinos Mavropanos,4781,Right Center Back,15
West Ham United,Tomáš Souček,4870,Left Defensive Midfield,28
West Ham United,Pablo Fornals Malla,6764,Left Midfield,8
West Ham United,Mohamed Saïd Benrahma,7212,Left Midfield,22
West Ham United,Thilo Kehrer,8511,,24
West Ham United,Jarrod Bowen,9640,Right Center Forward,20
West Ham United,Nayef Aguerd,12149,Left Center Back,27
West Ham United,Vladimír Coufal,16570,Right Back,5
West Ham United,Mohammed Kudus,17033,Right Midfield,14
West Ham United,Benjamin Johnson,23626,,2
West Ham United,Divin Mubama,141121,,45
Brentford,Mathias Jørgensen Jatta,3027,,13
Brentford,Ben Mee,3663,Left Back,16
Brentford,Ethan Pinnock,4610,Left Center Back,5
Brentford,Neal Maupay,4766,Center Forward,7
Brentford,Bryan Mbeumo,4935,Right Wing,19
Brentford,Saman Ghoddos,5240,Left Wing,14
Brentford,Christian Nørgaard,7097,Center Defensive Midfield,6
Brentford,Yoane Wissa,7294,Left Wing,11
Brentford,Thomas Strakosha,7789,Goalkeeper,21
Brentford,Kristoffer Vassbakk Ajer,10532,Right Back,20
Brentford,Vitaly Janelt,12074,Left Back,27
Brentford,Mathias Jensen,18722,Left Center Midfield,8
Brentford,Mads Roerslev,24440,Right Back,30
Brentford,Frank Onyeka,24467,Right Center Midfield,15
Brentford,Nathan Michael Collins,24824,Right Center Back,22
Brentford,Mark Flekken,25000,Goalkeeper,1
Brentford,Ehor Yarmolyuk,45803,Left Center Midfield,33
Brentford,Ethan Craig Brierley,47309,,38
Brentford,Valintino Adedokun,49388,,42
Brentford,Michael Olakigbe,133178,,37
Crystal Palace,Joel Ward,3443,Right Back,2
Crystal Palace,Jordan Ayew,3450,Right Wing,9
Crystal Palace,Jeffrey Schlupp,3520,Left Wing,15
Crystal Palace,Jaïro Riedewald,3591,,44
Crystal Palace,Remi Matthews,4059,,31
Crystal Palace,Will Hughes,4588,Center Attacking Midfield,19
Crystal Palace,Nathaniel Edwin Clyne,4590,Right Back,17
Crystal Palace,Rob Holding,4591,,4
Crystal Palace,Jefferson Andrés Lerma Solís,5678,Left Defensive Midfield,8
Crystal Palace,Jean-Philippe Mateta,7403,,14
Crystal Palace,Joachim Andersen,8247,Right Center Back,16
Crystal Palace,Eberechi Eze,9000,Right Defensive Midfield,10
Crystal Palace,Sam Johnstone,9458,Goalkeeper,1
Crystal Palace,Odsonne Édouard,10544,Center Forward,22
Crystal Palace,Cheick Oumar Doucoure,13851,Right Defensive Midfield,28
Crystal Palace,Marc Guehi,34526,Left Center Back,6
Crystal Palace,Naouirou Ahamada,39413,Left Wing,29
Crystal Palace,Chris Richards,41266,Right Center Back,26
Crystal Palace,Tyrick Mitchell,41437,Left Back,3
Crystal Palace,Matheus França de Oliveira,114491,,11
Burnley,Nathan Redmond,3286,Left Center Forward,15
Burnley,Charles James Taylor,3627,Left Back,3
Burnley,Jay Rodriguez,3685,Right Center Forward,9
Burnley,Johann Berg Guðmunds­son,3720,Right Midfield,7
Burnley,Connor Roberts,4774,,14
Burnley,Jacob Bruun Larsen,8961,Right Defensive Midfield,34
Burnley,Joshua Brownhill,9607,Left Defensive Midfield,8
Burnley,Louis Jordan Beyer,12322,Left Center Back,5
Burnley,Arijanet Murić,16234,,49
Burnley,Sander Berge,16553,Right Defensive Midfield,16
Burnley,Dara Joseph O'Shea,18753,Right Center Back,2
Burnley,Han-Noah Massengo,21199,,42
Burnley,Mike Trésor Ndayishimiye,21889,Right Wing,31
Burnley,Hannes Delcroix,22219,,44
Burnley,Victor Alexander da Silva,24016,Right Back,22
Burnley,James Trafford,42298,Goalkeeper,1
Burnley,Mohamed Zeki Amdouni,48335,Left Center Forward,25
Burnley,Anass Zaroury,131037,,19
Burnley,Wilson Odobert,151924,Left Midfield,47
Burnley,Luca Koleosho,256682,Left Midfield,30
Manchester United,Christian Dannemann Eriksen,3043,Left Defensive Midfield,14
Manchester United,Harry Maguire,3336,Right Center Back,5
Manchester United,Scott McTominay,3620,Right Defensive Midfield,39
Manchester United,Aaron Wan-Bissaka,3690,Right Back,29
Manchester United,Bruno Miguel Borges Fernandes,5204,Center Attacking Midfield,8
Manchester United,Sofyan Amrabat,5234,,4
Manchester United,Raphaël Varane,5485,Left Wing,19
Manchester United,Mason Mount,7843,Left Defensive Midfield,7
Manchester United,André Onana,8064,Goalkeeper,24
Manchester United,Jonathan Grant Evans,11012,Left Center Back,35
Manchester United,José Diogo Dalot Teixeira,16028,Left Back,20
Manchester United,Sergio Reguilón Rodríguez,18620,,15
Manchester United,Anthony Martial,20039,Center Forward,9
Manchester United,Antony Matheus dos Santos,25363,Right Wing,21
Manchester United,Altay Bayındır,30442,,1
Manchester United,Facundo Pellistri Rebollo,36288,Right Wing,28
Manchester United,Hannibal Mejbri,50988,,46
Manchester United,Rasmus Winther Højlund,51672,Center Forward,11
Manchester United,Alejandro Garnacho Ferreyra,52129,Left Wing,17
Manchester United,Kobbie Mainoo,99174,,37
Fulham,Willian Borges da Silva,3472,Left Wing,20
Fulham,Alex Iwobi,3647,Right Defensive Midfield,22
Fulham,Fodé Ballo Touré,3675,,12
Fulham,Marek Rodák,4152,,1
Fulham,Antonee Robinson,4614,Left Back,33
Fulham,Raúl Alonso Jiménez Rodríguez,5568,Center Attacking Midfield,7
Fulham,Saša Lukić,6687,Left Wing,28
Fulham,Andreas Hoelgebaum Pereira,6846,Center Attacking Midfield,18
Fulham,Timothy Castagne,6989,Right Back,21
Fulham,Harry Wilson,9540,Right Wing,8
Fulham,Bobby Armani De Cordova-Reid,9923,Center Attacking Midfield,14
Fulham,Tom Cairney,10284,Right Wing,10
Fulham,Harrison Reed,11936,,6
Fulham,João Maria Lobo Alves Palhinha Gonçalves,12169,Left Defensive Midfield,26
Fulham,Carlos Vinícius Alves Morais,13639,Center Forward,30
Fulham,Bernd Leno,15581,Goalkeeper,17
Fulham,Tim Ream,18242,Left Center Back,13
Fulham,Calvin Bassey Ughelumba,43779,Right Center Back,3
Fulham,Rodrigo Muniz Carvalho,49049,Center Forward,19
Fulham,Luc Rollet De Fougerolles,133189,,44
Liverpool,Joe Gomez,3495,Left Back,2
Liverpool,Joël Andre Job Matip,3502,,32
Liverpool,Mohamed Salah,3531,Right Wing,11
Liverpool,Trent Alexander-Arnold,3664,Right Back,66
Liverpool,Virgil van Dijk,3669,Left Center Back,4
Liverpool,Alisson Ramsés Becker,5547,Goalkeeper,1
Liverpool,Konstantinos Tsimikas,8489,Left Back,21
Liverpool,Diogo José Teixeira da Silva,9929,Left Wing,20
Liverpool,Ibrahima Konaté,11135,Right Center Back,5
Liverpool,Cody Mathès Gakpo,20750,Left Wing,18
Liverpool,Dominik Szoboszlai,21209,Right Center Midfield,8
Liverpool,Ryan Gravenberch,23230,Left Center Midfield,38
Liverpool,Wataru Endo,23721,,3
Liverpool,Harvey Elliott,24938,Right Center Midfield,19
Liverpool,Luis Fernando Díaz Marulanda,27158,Right Center Midfield,7
Liverpool,Alexis Mac Allister,27886,Center Defensive Midfield,10
Liverpool,Darwin Gabriel Núñez Ribeiro,32478,Center Forward,9
Liverpool,Caoimhin Kelleher,34959,,62
Liverpool,Jarell Quansah,40908,,78
Liverpool,Ben Doak,188469,,50
Luton Town,Andros Townsend,3297,Right Wing,30
Luton Town,Tom Lockyer,3839,Center Back,4
Luton Town,Carlton Morris,4220,Center Forward,9
Luton Town,Ross Barkley,4275,Left Defensive Midfield,6
Luton Town,Jordan Clark,9442,,18
Luton Town,Timothy Michael Krul,9467,,23
Luton Town,Pelly Ruddock Mpanzu,9674,,17
Luton Town,Elijah Adebayo,9827,Center Forward,11
Luton Town,Jacob Brown,12197,Left Wing,19
Luton Town,Chiedozie Ogbene,13306,Left Wing,7
Luton Town,Marvelous Nakamba,18739,Right Defensive Midfield,13
Luton Town,Gabriel Osho,22347,Left Center Back,2
Luton Town,Tahith Chong,23636,Right Wing,14
Luton Town,Thomas Kaminski,23741,Goalkeeper,24
Luton Town,Ryan Giles,29397,,26
Luton Town,Alfie Doughty,33074,Left Wing Back,45
Luton Town,Issa Kabore,35471,Right Wing Back,12
Luton Town,Teden Mengi,43604,Right Center Back,15
Luton Town,Zack Nelson,332827,,43
Luton Town,Jayden Luker,359317,,47
AFC Bournemouth,Philip Billing,3331,Left Defensive Midfield,29
AFC Bournemouth,Dominic Solanke,3614,Center Forward,9
AFC Bournemouth,Marcus Tavernier,4111,Left Wing,16
AFC Bournemouth,Joe Rothwell,4143,Right Defensive Midfield,8
AFC Bournemouth,David Brooks,4567,,7
AFC Bournemouth,Chris Mepham,4767,Right Center Back,6
AFC Bournemouth,Adam Smith,6409,,15
AFC Bournemouth,Justin Kluivert,8063,Center Forward,19
AFC Bournemouth,Antoine Semenyo,9286,Left Defensive Midfield,24
AFC Bournemouth,Lloyd Kelly,9938,Left Center Back,5
AFC Bournemouth,Ryan Christie,12510,Right Wing,10
AFC Bournemouth,Luis Fernando Sinisterra Lucumí,16184,Left Wing,17
AFC Bournemouth,Maximillian James Aarons,16689,Right Wing Back,37
AFC Bournemouth,Ionuț Andrei Radu,18237,Goalkeeper,20
AFC Bournemouth,Mark Travers,24937,,42
AFC Bournemouth,Marcos Senesi,27773,Left Center Back,25
AFC Bournemouth,Illia Zabarnyi,39136,Center Back,27
AFC Bournemouth,Milos Kerkez,89635,Left Wing Back,3
AFC Bournemouth,Alex Scott,91951,Right Defensive Midfield,14
AFC Bournemouth,Dango Aboubacar Faissal Ouattara,95042,,11
Manchester City,Ederson Santana de Moraes,3067,Goalkeeper,31
Manchester City,Bernardo Mota Veiga de Carvalho e Silva,3193,Right Attacking Midfield,20
Manchester City,Kyle Walker,3205,Right Wing Back,2
Manchester City,John Stones,3244,Center Back,5
Manchester City,Nathan Aké,3306,Left Center Back,6
Manchester City,Phil Foden,4354,Left Attacking Midfield,47
Manchester City,Kalvin Phillips,4706,Right Defensive Midfield,4
Manchester City,Rúben Santos Gato Alves Dias,5206,,3
Manchester City,Mateo Kovačić,5456,Left Defensive Midfield,8
Manchester City,Manuel Obafemi Akanji,5549,Right Center Back,25
Manchester City,Rodrigo Hernández Cascante,6765,Right Defensive Midfield,16
Manchester City,Stefan Ortega Moreno,9194,,18
Manchester City,Jack Grealish,9638,,10
Manchester City,Erling Håland,23616,Center Forward,9
Manchester City,Jeremy Doku,23650,Left Wing Back,11
Manchester City,Julián Álvarez,29560,Left Attacking Midfield,19
Manchester City,Joško Gvardiol,33018,,24
Manchester City,Matheus Luiz Nunes,40874,Left Attacking Midfield,27
Manchester City,Rico Lewis,48705,Right Wing Back,82
Manchester City,Oscar Bobb,104825,Left Attacking Midfield,52
Arsenal,Cédric Ricardo Alves Soares,3329,,17
Arsenal,Mohamed Naser Elsayed Elneny,3568,,25
Arsenal,Reiss Nelson,3571,,24
Arsenal,Oleksandr Zinchenko,3575,Right Back,35
Arsenal,Edward Nketiah,3737,Center Forward,14
Arsenal,Declan Rice,3943,Left Center Midfield,41
Arsenal,David Raya Martin,4127,Goalkeeper,22
Arsenal,Gabriel dos Santos Magalhães,6406,Left Center Back,6
Arsenal,Jorge Luiz Frello Filho,7024,Center Defensive Midfield,20
Arsenal,Kai Havertz,8966,Right Center Midfield,29
Arsenal,Leandro Trossard,16559,Center Forward,19
Arsenal,William Saliba,17592,Right Center Back,2
Arsenal,Bukayo Saka,22084,Right Wing,7
Arsenal,Aaron Ramsdale,22783,,1
Arsenal,Ben White,22809,Right Back,4
Arsenal,Takehiro Tomiyasu,23730,Left Back,18
Arsenal,Gabriel Teodoro Martinelli Silva,29976,Left Wing,11
Arsenal,Fabio Daniel Ferreira Vieira,39162,Center Defensive Midfield,21
Arsenal,Jakub Piotr Kiwior,44166,,15
Arsenal,Karl Jakob Hein,46809,,31
Newcastle United,Matt Ritchie,3049,Right Wing,11
Newcastle United,Paul Dummett,3065,,3
Newcastle United,Jamaal Lascelles,3081,Right Center Back,6
Newcastle United,Jacob Murphy,3273,Right Wing,23
Newcastle United,Kieran Trippier,3308,Right Back,2
Newcastle United,Nick Pope,3474,Goalkeeper,22
Newcastle United,Callum Wilson,3616,Center Forward,9
Newcastle United,Martin Dúbravka,3711,,1
Newcastle United,Dan Burn,3864,Left Back,33
Newcastle United,Sean Longstaff,4031,Right Center Midfield,36
Newcastle United,Joseph Willock,4625,Center Forward,28
Newcastle United,Fabian Lukas Schär,5537,Left Center Back,5
Newcastle United,Emil Krafth,6358,,17
Newcastle United,Miguel Ángel Almirón Rejala,12603,Right Wing,24
Newcastle United,Joelinton Cassio Apolinário de Lira,13291,Left Center Midfield,7
Newcastle United,Bruno Guimarães Rodriguez Moura,25142,Center Defensive Midfield,39
Newcastle United,Anthony Gordon,28104,Left Wing,10
Newcastle United,Valentino Livramento,39241,Right Back,21
Newcastle United,Lewis Miley,134048,,67
Newcastle United,Lewis Hall,134092,,20
Aston Villa,Youri Tielemans,2954,Right Back,8
Aston Villa,Bertrand Isidore Traoré,2956,,9
Aston Villa,Diego Carlos Santos Silva,3366,Right Back,3
Aston Villa,Calum Chambers,3713,,16
Aston Villa,Ezri Konsa Ngoyo,3822,Right Center Back,4
Aston Villa,Boubacar Kamara,4433,Right Defensive Midfield,44
Aston Villa,Matty Cash,4734,Right Back,2
Aston Villa,Ollie Watkins,4760,Left Center Forward,11
Aston Villa,Robin Olsen,5622,,25
Aston Villa,Leander Dendoncker,6331,Left Defensive Midfield,32
Aston Villa,Douglas Luiz Soares de Paulo,6574,Left Defensive Midfield,6
Aston Villa,Clément Lenglet,6826,,17
Aston Villa,Lucas Digne,6849,Left Back,12
Aston Villa,Pau Francisco Torres,6892,Left Center Back,14
Aston Villa,Damián Emiliano Martínez,6909,Goalkeeper,1
Aston Villa,Leon Bailey Butler,8214,Right Midfield,31
Aston Villa,Moussa Diaby,8292,Right Center Forward,19
Aston Villa,John McGinn,9974,Right Midfield,7
Aston Villa,Alejandro Moreno Lopera,11538,,15
Aston Villa,Nicolò Zaniolo,16062,Left Midfield,22
Nottingham Forest,Ibrahim Sangaré,3017,Right Center Midfield,6
Nottingham Forest,Moussa Niakhate,3198,Right Center Back,19
Nottingham Forest,Serge Aurier,3481,Left Back,24
Nottingham Forest,Cheikhou Kouyaté,3684,,8
Nottingham Forest,Ryan Yates,4239,Left Center Midfield,22
Nottingham Forest,Harry Toffolo,6555,Left Back,15
Nottingham Forest,Orel Mangala,8950,Center Defensive Midfield,5
Nottingham Forest,Willy Boly,9933,,30
Nottingham Forest,Morgan Gibbs-White,9934,Right Wing,10
Nottingham Forest,Odisseas Vlachodimos,10332,Goalkeeper,23
Nottingham Forest,Temitayo Olufisayo Olaoluwa Aina,11492,Right Back,43
Nottingham Forest,Matthew Charles Turner,12352,,1
Nottingham Forest,Taiwo Michael Awoniyi,23898,Center Forward,9
Nottingham Forest,Nicolás Martín Domínguez,28672,Left Center Midfield,16
Nottingham Forest,Nuno Albertino Varela Tavares,30040,,3
Nottingham Forest,Neco Williams,34794,Left Back,7
Nottingham Forest,Danilo dos Santos de Oliveira,46451,Center Forward,28
Nottingham Forest,Anthony Elanga,50991,Left Wing,21
Nottingham Forest,Andrey Nascimento dos Santos,232885,,12
Nottingham Forest,Murillo Santiago Costa dos Santos,271487,Left Center Back,40
Wolverhampton Wanderers,Craig Dawson,3523,Left Center Back,15
Wolverhampton Wanderers,Mario Lemina,3951,Right Defensive Midfield,5
Wolverhampton Wanderers,Daniel Bentley,4773,,25
Wolverhampton Wanderers,Hee-Chan Hwang,5620,Right Midfield,11
Wolverhampton Wanderers,Nélson Cabral Semedo,6374,Right Back,22
Wolverhampton Wanderers,Pablo Sarabia García,6720,,21
Wolverhampton Wanderers,Jonathan Castro Otto,6802,,19
Wolverhampton Wanderers,Matt Doherty,9925,,2
Wolverhampton Wanderers,Rayan Aït Nouri,12111,Left Midfield,3
Wolverhampton Wanderers,Matheus Santos Carneiro da Cunha,12425,Center Attacking Midfield,12
Wolverhampton Wanderers,Sasa Kalajdzic,18762,Center Forward,18
Wolverhampton Wanderers,José Pedro Malheiro de Sá,18866,Goalkeeper,1
Wolverhampton Wanderers,Jean-Ricner Bellegarde,19718,Center Forward,27
Wolverhampton Wanderers,Maximilian William Kilman,24940,Right Center Back,23
Wolverhampton Wanderers,Fábio Daniel Soares Silva,30088,Left Center Back,9
Wolverhampton Wanderers,Thomas Doyle,34789,Left Defensive Midfield,20
Wolverhampton Wanderers,Santiago Ignacio Bueno Sciutto,41138,,4
Wolverhampton Wanderers,João Victor Gomes da Silva,48720,,8
Wolverhampton Wanderers,Tote António Gomes,48941,Left Back,24
Wolverhampton Wanderers,Boubacar Traore,58878,Left Defensive Midfield,6
Sheffield United,John Fleck,4563,,4
Sheffield United,George Baldock,4571,Right Center Back,2
Sheffield United,Ben Osborn,4732,Left Wing,23
Sheffield United,Jack Robinson,10485,Left Center Back,19
Sheffield United,Oliver James Norwood,11013,Left Defensive Midfield,16
Sheffield United,Jayden Bogle,11896,Right Wing Back,20
Sheffield United,Auston Trusty,12359,Center Back,5
Sheffield United,Gustavo Hamer,15304,Center Attacking Midfield,8
Sheffield United,Wesley Foderingham,21018,Goalkeeper,18
Sheffield United,Vinicius de Souza Costa,32587,Right Defensive Midfield,21
Sheffield United,Rhian Brewster,34206,Right Center Forward,7
Sheffield United,Yasser Larouci,34793,,27
Sheffield United,Anis Ben Slimane,35592,,25
Sheffield United,Luke Thomas,42747,Left Wing Back,14
Sheffield United,James McAtee,49667,Right Center Forward,28
Sheffield United,Cameron Archer,50563,Left Center Forward,10
Sheffield United,Bénie Adama Traoré,107581,,11
Sheffield United,William Idamudia Daugaard Osula,121254,,32
Sheffield United,Jordan Amissah,140745,,37
Sheffield United,Andre Brooks,153124,,35
Chelsea,Raheem Sterling,3233,Left Wing,7
Chelsea,Thiago Emiliano da Silva,3295,Left Center Back,6
Chelsea,Axel Disasi,7439,Right Center Back,2
Chelsea,Reece James,9550,Right Back,24
Chelsea,Robert Lynch Sanchez,9843,Goalkeeper,1
Chelsea,Marc Cucurella Saseta,17620,Left Back,3
Chelsea,Benoît Badiashile Mukinayi,21368,,5
Chelsea,Conor Gallagher,29399,Center Attacking Midfield,23
Chelsea,Chukwunonso Madueke,31506,,11
Chelsea,Đorđe Petrović,32565,,28
Chelsea,Moisés Isaac Caicedo Corozo,37726,Right Defensive Midfield,25
Chelsea,Enzo Fernandez,38718,Left Defensive Midfield,8
Chelsea,Levi Colwill,38992,Left Back,26
Chelsea,Ian Maatsen,39092,,29
Chelsea,Malo Gusto,39260,Right Back,27
Chelsea,Cole Palmer,39461,Right Wing,20
Chelsea,Mykhailo Mudryk,39483,Left Defensive Midfield,10
Chelsea,Lesley Chimuanya Ugochukwu,44738,Right Wing,16
Chelsea,Nicolas Jackson,50497,Center Forward,15
Chelsea,Deivid Washington de Souza Eugênio,271873,,36
Tottenham Hotspur,Heung-Min Son,3083,Center Forward,7
Tottenham Hotspur,Richarlison de Andrade,3280,,9
Tottenham Hotspur,Giovani Lo Celso,3313,,18
Tottenham Hotspur,Pierre-Emile Højbjerg,3570,Left Center Back,5
Tottenham Hotspur,Fraser Forster,3970,,20
Tottenham Hotspur,Yves Bissouma,4385,Left Defensive Midfield,8
Tottenham Hotspur,Rodrigo Bentancur Colmán,5260,Left Center Midfield,30
Tottenham Hotspur,James Maddison,9905,Center Attacking Midfield,10
Tottenham Hotspur,Eric Dier,10956,Left Wing,15
Tottenham Hotspur,Pedro Antonio Porro Sauceda,11292,Right Back,23
Tottenham Hotspur,Cristian Gabriel Romero,20572,Right Center Back,17
Tottenham Hotspur,Oliver Skipp,22145,Right Center Midfield,4
Tottenham Hotspur,Bryan Gil Salvatierra,22418,,11
Tottenham Hotspur,Dejan Kulusevski,22818,Right Wing,21
Tottenham Hotspur,Emerson Aparecido Leite de Souza Junior,23522,Left Center Midfield,12
Tottenham Hotspur,Brennan Johnson,29377,Left Wing,22
Tottenham Hotspur,Guglielmo Vicario,31225,Goalkeeper,13
Tottenham Hotspur,Micky van de Ven,32547,Left Center Back,37
Tottenham Hotspur,Iyenoma Destiny Udogie,48461,Left Back,38
Tottenham Hotspur,Pape Matar Sarr,50498,Right Defensive Midfield,29
Newcastle United,Matt Ritchie,3049,Right Wing,11
Newcastle United,Paul Dummett,3065,,3
Newcastle United,Jamaal Lascelles,3081,Right Center Back,6
Newcastle United,Mark Gillespie,3212,,29
Newcastle United,Kieran Trippier,3308,Right Back,2
Newcastle United,Nick Pope,3474,Goalkeeper,22
Newcastle United,Martin Dúbravka,3711,,1
Newcastle United,Sean Longstaff,4031,Right Center Midfield,36
Newcastle United,Joseph Willock,4625,Left Center Midfield,28
Newcastle United,Fabian Lukas Schär,5537,Left Center Back,5
Newcastle United,Emil Krafth,6358,Right Back,17
Newcastle United,Miguel Ángel Almirón Rejala,12603,Right Wing,24
Newcastle United,Joelinton Cassio Apolinário de Lira,13291,Left Wing,7
Newcastle United,Anthony Gordon,28104,Center Forward,10
Newcastle United,Valentino Livramento,39241,Left Back,21
Newcastle United,Amadou Diallo,110771,,49
Newcastle United,Lewis Miley,134048,Center Defensive Midfield,67
Newcastle United,Ben Parkinson,134050,Center Forward,63
Newcastle United,Lewis Hall,134092,Left Back,20
Newcastle United,Alex Murphy,406072,,54
AFC Bournemouth,Dominic Solanke,3614,Center Forward,9
AFC Bournemouth,Lewis Cook,3615,Left Defensive Midfield,4
AFC Bournemouth,Marcus Tavernier,4111,Left Wing,16
AFC Bournemouth,Joe Rothwell,4143,Right Wing,8
AFC Bournemouth,David Brooks,4567,,7
AFC Bournemouth,Chris Mepham,4767,,6
AFC Bournemouth,Adam Smith,6409,Right Back,15
AFC Bournemouth,Norberto Murara Neto,6590,Goalkeeper,1
AFC Bournemouth,Justin Kluivert,8063,Center Attacking Midfield,19
AFC Bournemouth,Antoine Semenyo,9286,Right Wing,24
AFC Bournemouth,Lloyd Kelly,9938,Left Back,5
AFC Bournemouth,Hamed Junior Traorè,12495,,22
AFC Bournemouth,Ryan Christie,12510,Right Defensive Midfield,10
AFC Bournemouth,Luis Fernando Sinisterra Lucumí,16184,Center Attacking Midfield,17
AFC Bournemouth,Maximillian James Aarons,16689,Right Back,37
AFC Bournemouth,Mark Travers,24937,,42
AFC Bournemouth,Marcos Senesi,27773,Left Center Back,25
AFC Bournemouth,Illia Zabarnyi,39136,Right Center Back,27
AFC Bournemouth,Milos Kerkez,89635,,3
AFC Bournemouth,Dango Aboubacar Faissal Ouattara,95042,Right Wing,11
Burnley,Nathan Redmond,3286,,15
Burnley,Michael Obafemi,3624,Left Defensive Midfield,45
Burnley,Charles James Taylor,3627,Left Back,3
Burnley,Jay Rodriguez,3685,Left Center Forward,9
Burnley,Johann Berg Guðmunds­son,3720,Right Midfield,7
Burnley,Connor Roberts,4774,,14
Burnley,Josh Cullen,4837,,24
Burnley,Jacob Bruun Larsen,8961,Left Midfield,34
Burnley,Joshua Brownhill,9607,Left Defensive Midfield,8
Burnley,Lawrence Vigouroux,9813,,29
Burnley,Louis Jordan Beyer,12322,Left Center Back,5
Burnley,Sander Berge,16553,Right Defensive Midfield,16
Burnley,Dara Joseph O'Shea,18753,Right Center Back,2
Burnley,Hannes Delcroix,22219,,44
Burnley,Victor Alexander da Silva,24016,Right Back,22
Burnley,James Trafford,42298,Goalkeeper,1
Burnley,Mohamed Zeki Amdouni,48335,Right Center Forward,25
Burnley,Aaron Ramsey,122567,Right Center Forward,21
Burnley,Wilson Odobert,151924,Right Back,47
Burnley,Luca Koleosho,256682,Left Midfield,30
Arsenal,Mohamed Naser Elsayed Elneny,3568,,25
Arsenal,Reiss Nelson,3571,Right Wing,24
Arsenal,Oleksandr Zinchenko,3575,Left Back,35
Arsenal,Edward Nketiah,3737,Center Forward,14
Arsenal,Declan Rice,3943,Left Center Midfield,41
Arsenal,David Raya Martin,4127,Goalkeeper,22
Arsenal,Gabriel dos Santos Magalhães,6406,Left Center Back,6
Arsenal,Jorge Luiz Frello Filho,7024,Center Defensive Midfield,20
Arsenal,Kai Havertz,8966,Right Center Midfield,29
Arsenal,Leandro Trossard,16559,Center Forward,19
Arsenal,William Saliba,17592,Right Center Back,2
Arsenal,Bukayo Saka,22084,Right Wing,7
Arsenal,Aaron Ramsdale,22783,,1
Arsenal,Takehiro Tomiyasu,23730,Right Back,18
Arsenal,Gabriel Teodoro Martinelli Silva,29976,Left Wing,11
Arsenal,Fabio Daniel Ferreira Vieira,39162,Right Center Midfield,21
Arsenal,Jakub Piotr Kiwior,44166,Left Center Back,15
Arsenal,Bradley Ibrahim,161879,,55
Arsenal,Charles Sagoe Junior,181937,,71
Arsenal,Reuell Walters,207078,,76
Fulham,Willian Borges da Silva,3472,Left Wing,20
Fulham,Alex Iwobi,3647,Right Defensive Midfield,22
Fulham,Fodé Ballo Touré,3675,,12
Fulham,Kenny Tete,3798,,2
Fulham,Marek Rodák,4152,,1
Fulham,Antonee Robinson,4614,Left Back,33
Fulham,Raúl Alonso Jiménez Rodríguez,5568,Center Forward,7
Fulham,Saša Lukić,6687,,28
Fulham,Andreas Hoelgebaum Pereira,6846,Center Attacking Midfield,18
Fulham,Timothy Castagne,6989,Right Back,21
Fulham,Harry Wilson,9540,Right Wing,8
Fulham,Bobby Armani De Cordova-Reid,9923,Right Wing,14
Fulham,Tom Cairney,10284,Center Attacking Midfield,10
Fulham,Adama Traoré Diarra,11333,Left Wing,11
Fulham,Harrison Reed,11936,Right Defensive Midfield,6
Fulham,João Maria Lobo Alves Palhinha Gonçalves,12169,Left Defensive Midfield,26
Fulham,Carlos Vinícius Alves Morais,13639,Center Forward,30
Fulham,Bernd Leno,15581,Goalkeeper,17
Fulham,Tim Ream,18242,Left Center Back,13
Fulham,Calvin Bassey Ughelumba,43779,Right Center Back,3
Aston Villa,Youri Tielemans,2954,Left Attacking Midfield,8
Aston Villa,Bertrand Isidore Traoré,2956,,9
Aston Villa,Calum Chambers,3713,,16
Aston Villa,Ezri Konsa Ngoyo,3822,Right Center Back,4
Aston Villa,Boubacar Kamara,4433,Right Defensive Midfield,44
Aston Villa,Matty Cash,4734,Right Back,2
Aston Villa,Ollie Watkins,4760,Left Center Forward,11
Aston Villa,Robin Olsen,5622,,25
Aston Villa,Leander Dendoncker,6331,,32
Aston Villa,Douglas Luiz Soares de Paulo,6574,Left Defensive Midfield,6
Aston Villa,Clément Lenglet,6826,,17
Aston Villa,Lucas Digne,6849,Left Back,12
Aston Villa,Pau Francisco Torres,6892,Left Center Back,14
Aston Villa,Damián Emiliano Martínez,6909,Goalkeeper,1
Aston Villa,Leon Bailey Butler,8214,Right Midfield,31
Aston Villa,Moussa Diaby,8292,Right Center Forward,19
Aston Villa,John McGinn,9974,Right Attacking Midfield,7
Aston Villa,Alejandro Moreno Lopera,11538,,15
Aston Villa,Nicolò Zaniolo,16062,,22
Aston Villa,Jhon Jáder Durán Palacio,30976,,24
Luton Town,Andros Townsend,3297,Right Wing,30
Luton Town,Tom Lockyer,3839,Center Back,4
Luton Town,Carlton Morris,4220,Center Forward,9
Luton Town,Ross Barkley,4275,Left Defensive Midfield,6
Luton Town,Jordan Clark,9442,Left Wing,18
Luton Town,Timothy Michael Krul,9467,,23
Luton Town,Pelly Ruddock Mpanzu,9674,Right Defensive Midfield,17
Luton Town,Elijah Adebayo,9827,Right Wing Back,11
Luton Town,Jacob Brown,12197,,19
Luton Town,Chiedozie Ogbene,13306,Left Wing,7
Luton Town,Marvelous Nakamba,18739,Right Defensive Midfield,13
Luton Town,Luke Berry,22175,,8
Luton Town,Gabriel Osho,22347,Left Center Back,2
Luton Town,Tahith Chong,23636,Right Wing,14
Luton Town,Thomas Kaminski,23741,Goalkeeper,24
Luton Town,Ryan Giles,29397,Left Wing Back,26
Luton Town,Alfie Doughty,33074,Left Wing Back,45
Luton Town,Issa Kabore,35471,Right Wing Back,12
Luton Town,Teden Mengi,43604,Right Center Back,15
Luton Town,Zack Nelson,332827,,43
Manchester United,Christian Dannemann Eriksen,3043,Center Defensive Midfield,14
Manchester United,Marcus Rashford,3318,Right Wing,10
Manchester United,Harry Maguire,3336,Right Center Back,5
Manchester United,Scott McTominay,3620,Right Center Midfield,39
Manchester United,Victor Nilsson Lindelöf,3702,Left Center Back,2
Manchester United,Bruno Miguel Borges Fernandes,5204,Left Center Midfield,8
Manchester United,Sofyan Amrabat,5234,,4
Manchester United,Raphaël Varane,5485,Right Center Back,19
Manchester United,Mason Mount,7843,Center Defensive Midfield,7
Manchester United,André Onana,8064,Goalkeeper,24
Manchester United,José Diogo Dalot Teixeira,16028,Right Back,20
Manchester United,Sergio Reguilón Rodríguez,18620,Left Back,15
Manchester United,Anthony Martial,20039,Center Forward,9
Manchester United,Antony Matheus dos Santos,25363,Right Wing,21
Manchester United,Altay Bayındır,30442,,1
Manchester United,Facundo Pellistri Rebollo,36288,,28
Manchester United,Hannibal Mejbri,50988,,46
Manchester United,Rasmus Winther Højlund,51672,Center Forward,11
Manchester United,Alejandro Garnacho Ferreyra,52129,Left Wing,17
Manchester United,Kobbie Mainoo,99174,,37
Tottenham Hotspur,Heung-Min Son,3083,Center Forward,7
Tottenham Hotspur,Ben Davies,3086,Left Center Back,33
Tottenham Hotspur,Giovani Lo Celso,3313,Center Defensive Midfield,18
Tottenham Hotspur,Pierre-Emile Højbjerg,3570,Right Center Midfield,5
Tottenham Hotspur,Fraser Forster,3970,,20
Tottenham Hotspur,Yves Bissouma,4385,Center Defensive Midfield,8
Tottenham Hotspur,Rodrigo Bentancur Colmán,5260,Left Center Midfield,30
Tottenham Hotspur,Eric Dier,10956,Right Center Back,15
Tottenham Hotspur,Pedro Antonio Porro Sauceda,11292,Right Back,23
Tottenham Hotspur,Oliver Skipp,22145,,4
Tottenham Hotspur,Bryan Gil Salvatierra,22418,Left Wing,11
Tottenham Hotspur,Dejan Kulusevski,22818,Right Wing,21
Tottenham Hotspur,Emerson Aparecido Leite de Souza Junior,23522,Left Back,12
Tottenham Hotspur,Brennan Johnson,29377,Left Wing,22
Tottenham Hotspur,Guglielmo Vicario,31225,Goalkeeper,13
Tottenham Hotspur,Pape Matar Sarr,50498,Left Center Midfield,29
Tottenham Hotspur,Alejo Véliz,112971,,36
Tottenham Hotspur,Alfie Dorrington,133198,,65
Tottenham Hotspur,Jamie Donley,133202,,63
Tottenham Hotspur,Ashley Famiwuya Phillips,133959,,35
Wolverhampton Wanderers,Craig Dawson,3523,Center Back,15
Wolverhampton Wanderers,Mario Lemina,3951,Center Defensive Midfield,5
Wolverhampton Wanderers,Daniel Bentley,4773,,25
Wolverhampton Wanderers,Hee-Chan Hwang,5620,Right Center Forward,11
Wolverhampton Wanderers,Nélson Cabral Semedo,6374,Right Wing Back,22
Wolverhampton Wanderers,Pablo Sarabia García,6720,Left Defensive Midfield,21
Wolverhampton Wanderers,Jonathan Castro Otto,6802,,19
Wolverhampton Wanderers,Matt Doherty,9925,Right Wing Back,2
Wolverhampton Wanderers,Rayan Aït Nouri,12111,Left Wing Back,3
Wolverhampton Wanderers,Matheus Santos Carneiro da Cunha,12425,Left Center Forward,12
Wolverhampton Wanderers,Sasa Kalajdzic,18762,Right Center Midfield,18
Wolverhampton Wanderers,José Pedro Malheiro de Sá,18866,Goalkeeper,1
Wolverhampton Wanderers,Jean-Ricner Bellegarde,19718,Right Center Midfield,27
Wolverhampton Wanderers,Maximilian William Kilman,24940,Right Center Back,23
Wolverhampton Wanderers,Fábio Daniel Soares Silva,30088,,9
Wolverhampton Wanderers,Thomas Doyle,34789,Left Wing Back,20
Wolverhampton Wanderers,João Victor Gomes da Silva,48720,Left Center Midfield,8
Wolverhampton Wanderers,Tote António Gomes,48941,Left Center Back,24
Wolverhampton Wanderers,Boubacar Traore,58878,,6
Wolverhampton Wanderers,Hugo Bueno,82220,,17
Nottingham Forest,Ibrahim Sangaré,3017,Right Center Midfield,6
Nottingham Forest,Moussa Niakhate,3198,Right Center Back,19
Nottingham Forest,Serge Aurier,3481,Right Back,24
Nottingham Forest,Chris Wood,3505,Center Forward,11
Nottingham Forest,Cheikhou Kouyaté,3684,,8
Nottingham Forest,Ryan Yates,4239,,22
Nottingham Forest,Divock Okoth Origi,4747,Right Center Midfield,27
Nottingham Forest,Harry Toffolo,6555,Left Back,15
Nottingham Forest,Orel Mangala,8950,Center Defensive Midfield,5
Nottingham Forest,Willy Boly,9933,Left Center Back,30
Nottingham Forest,Morgan Gibbs-White,9934,Right Wing,10
Nottingham Forest,Odisseas Vlachodimos,10332,Goalkeeper,23
Nottingham Forest,Temitayo Olufisayo Olaoluwa Aina,11492,Right Back,43
Nottingham Forest,Matthew Charles Turner,12352,,1
Nottingham Forest,Taiwo Michael Awoniyi,23898,Center Forward,9
Nottingham Forest,Nicolás Martín Domínguez,28672,Left Center Midfield,16
Nottingham Forest,Neco Williams,34794,,7
Nottingham Forest,Danilo dos Santos de Oliveira,46451,Left Center Midfield,28
Nottingham Forest,Anthony Elanga,50991,Left Wing,21
Nottingham Forest,Murillo Santiago Costa dos Santos,271487,Left Center Back,40
West Ham United,Aaron Cresswell,3062,Left Wing,3
West Ham United,Łukasz Fabiański,3262,,1
West Ham United,James Ward-Prowse,3328,Left Defensive Midfield,7
West Ham United,Michail Antonio,3349,Right Defensive Midfield,9
West Ham United,Alphonse Areola,3379,Goalkeeper,23
West Ham United,Kurt Happy Zouma,3456,Right Center Back,4
West Ham United,Daniel William John Ings,3654,,18
West Ham United,Angelo Obinze Ogbonna,3843,Right Midfield,21
West Ham United,Emerson Palmieri dos Santos,4355,Left Back,33
West Ham United,Konstantinos Mavropanos,4781,,15
West Ham United,Tomáš Souček,4870,Center Attacking Midfield,28
West Ham United,Edson Omar Álvarez Velázquez,5567,Right Defensive Midfield,19
West Ham United,Pablo Fornals Malla,6764,,8
West Ham United,Mohamed Saïd Benrahma,7212,,22
West Ham United,Thilo Kehrer,8511,,24
West Ham United,Jarrod Bowen,9640,Center Forward,20
West Ham United,Nayef Aguerd,12149,Left Center Back,27
West Ham United,Vladimír Coufal,16570,Right Back,5
West Ham United,Mohammed Kudus,17033,Right Wing,14
West Ham United,Lucas Tolentino Coelho de Lima,22600,Left Wing,10
Sheffield United,Max Lowe,4226,,3
Sheffield United,John Fleck,4563,,4
Sheffield United,George Baldock,4571,Right Center Back,2
Sheffield United,Ben Osborn,4732,Right Defensive Midfield,23
Sheffield United,Jack Robinson,10485,Center Back,19
Sheffield United,Oliver James Norwood,11013,Left Defensive Midfield,16
Sheffield United,Jayden Bogle,11896,Right Wing Back,20
Sheffield United,Auston Trusty,12359,Left Center Back,5
Sheffield United,Gustavo Hamer,15304,Left Attacking Midfield,8
Sheffield United,Wesley Foderingham,21018,Goalkeeper,18
Sheffield United,Vinicius de Souza Costa,32587,Right Defensive Midfield,21
Sheffield United,Yasser Larouci,34793,,27
Sheffield United,Anis Ben Slimane,35592,Right Attacking Midfield,25
Sheffield United,Luke Thomas,42747,Left Wing Back,14
Sheffield United,James McAtee,49667,Right Attacking Midfield,28
Sheffield United,Cameron Archer,50563,Center Forward,10
Sheffield United,Bénie Adama Traoré,107581,,11
Sheffield United,William Idamudia Daugaard Osula,121254,Right Wing Back,32
Sheffield United,Jordan Amissah,140745,,37
Sheffield United,Andre Brooks,153124,,35
Brighton & Hove Albion,Pascal Groß,3097,Right Back,13
Brighton & Hove Albion,Adam David Lallana,4090,Center Attacking Midfield,14
Brighton & Hove Albion,Joël Veltman,8067,Center Attacking Midfield,34
Brighton & Hove Albion,Mahmoud Dahoud,8238,Left Defensive Midfield,8
Brighton & Hove Albion,Adam Webster,9601,Right Center Back,4
Brighton & Hove Albion,Igor Julio dos Santos de Paulo,9741,Left Back,3
Brighton & Hove Albion,João Pedro Junqueira de Jesus,25299,Center Forward,9
Brighton & Hove Albion,Jakub Moder,29480,,15
Brighton & Hove Albion,Jan Paul van Hecke,30691,Left Center Back,29
Brighton & Hove Albion,Anssumane Fati,30756,Center Forward,31
Brighton & Hove Albion,Billy Gilmour,31067,Right Defensive Midfield,11
Brighton & Hove Albion,Kaoru Mitoma,37211,Left Wing,22
Brighton & Hove Albion,Bart Verbruggen,37274,,1
Brighton & Hove Albion,Jason Steele,47553,Goalkeeper,23
Brighton & Hove Albion,Simon Adingra,105392,Left Wing,24
Brighton & Hove Albion,Benicio Baker-Boaitey,137622,,47
Brighton & Hove Albion,Jack Hinshelwood,155312,,41
Brighton & Hove Albion,Facundo Valentín Buonanotte,196954,Right Wing,40
Brighton & Hove Albion,Carlos Baleba,226169,Right Defensive Midfield,20
Brighton & Hove Albion,Mark O’Mahony,374448,,55
Manchester City,Ederson Santana de Moraes,3067,Goalkeeper,31
Manchester City,Bernardo Mota Veiga de Carvalho e Silva,3193,Left Center Midfield,20
Manchester City,Kyle Walker,3205,Right Back,2
Manchester City,Phil Foden,4354,Right Midfield,47
Manchester City,Kalvin Phillips,4706,,4
Manchester City,Scott Carson,4815,,33
Manchester City,Rúben Santos Gato Alves Dias,5206,Right Center Back,3
Manchester City,Mateo Kovačić,5456,Left Center Midfield,8
Manchester City,Manuel Obafemi Akanji,5549,Left Center Back,25
Manchester City,Rodrigo Hernández Cascante,6765,Center Defensive Midfield,16
Manchester City,Stefan Ortega Moreno,9194,,18
Manchester City,Jack Grealish,9638,Left Midfield,10
Manchester City,Erling Håland,23616,Center Forward,9
Manchester City,Jeremy Doku,23650,Left Midfield,11
Manchester City,Julián Álvarez,29560,Right Center Midfield,19
Manchester City,Joško Gvardiol,33018,Left Back,24
Manchester City,Matheus Luiz Nunes,40874,,27
Manchester City,Rico Lewis,48705,,82
Manchester City,Oscar Bobb,104825,,52
Chelsea,Raheem Sterling,3233,Left Wing,7
Chelsea,Thiago Emiliano da Silva,3295,Left Center Back,6
Chelsea,Axel Disasi,7439,Right Center Back,2
Chelsea,Reece James,9550,Right Back,24
Chelsea,Robert Lynch Sanchez,9843,Goalkeeper,1
Chelsea,Marc Cucurella Saseta,17620,Left Back,3
Chelsea,Benoît Badiashile Mukinayi,21368,,5
Chelsea,Conor Gallagher,29399,Center Attacking Midfield,23
Chelsea,Chukwunonso Madueke,31506,,11
Chelsea,Đorđe Petrović,32565,,28
Chelsea,Armando Broja,36885,Left Defensive Midfield,19
Chelsea,Moisés Isaac Caicedo Corozo,37726,Right Defensive Midfield,25
Chelsea,Enzo Fernandez,38718,Left Defensive Midfield,8
Chelsea,Ian Maatsen,39092,,29
Chelsea,Malo Gusto,39260,Right Back,27
Chelsea,Cole Palmer,39461,Right Wing,20
Chelsea,Mykhailo Mudryk,39483,Left Defensive Midfield,10
Chelsea,Lesley Chimuanya Ugochukwu,44738,Left Center Forward,16
Chelsea,Nicolas Jackson,50497,Center Forward,15
Chelsea,Alex Matos,235092,,52
Everton,Abdoulaye Doucouré,3292,Center Attacking Midfield,16
Everton,Idrissa Gana Gueye,3436,Left Defensive Midfield,27
Everton,Michael Keane,3438,,5
Everton,Jordan Pickford,3468,Goalkeeper,1
Everton,Dominic Calvert-Lewin,3470,Center Forward,9
Everton,Ashley Young,3612,Right Back,18
Everton,James Tarkowski,3628,Right Center Back,6
Everton,Ben Godfrey,4076,,22
Everton,Dwight McNeil,5111,Left Midfield,7
Everton,Jack Harrison,9616,Right Midfield,11
Everton,Arnaut Danjuma Groeneveld,16284,,10
Everton,Vitalii Mykolenko,20827,Left Back,19
Everton,James Garner,23625,Right Defensive Midfield,37
Everton,João Manuel Neves Virginia,29378,,12
Everton,Norberto Bercique Gomes Betuncal,30006,Center Forward,14
Everton,Jarrad Branthwaite,32762,Left Center Back,32
Everton,Nathan Patterson,37338,Right Back,2
Everton,Amadou Onana,48347,Left Defensive Midfield,8
Everton,Lewis Norman Dobbin,50505,,61
Everton,Youssef Ramalho Chermiti,149581,,28
Crystal Palace,Joel Ward,3443,Right Back,2
Crystal Palace,Jordan Ayew,3450,Right Wing,9
Crystal Palace,Jeffrey Schlupp,3520,Left Wing,15
Crystal Palace,Remi Matthews,4059,,31
Crystal Palace,Will Hughes,4588,Left Defensive Midfield,19
Crystal Palace,Nathaniel Edwin Clyne,4590,,17
Crystal Palace,Rob Holding,4591,,4
Crystal Palace,Jefferson Andrés Lerma Solís,5678,Right Defensive Midfield,8
Crystal Palace,Jean-Philippe Mateta,7403,Center Forward,14
Crystal Palace,Joachim Andersen,8247,Right Center Back,16
Crystal Palace,Eberechi Eze,9000,Center Attacking Midfield,10
Crystal Palace,Sam Johnstone,9458,Goalkeeper,1
Crystal Palace,Odsonne Édouard,10544,Center Forward,22
Crystal Palace,Cheick Oumar Doucoure,13851,,28
Crystal Palace,Michael Olise,24215,Left Wing,7
Crystal Palace,Marc Guehi,34526,Left Center Back,6
Crystal Palace,Naouirou Ahamada,39413,Right Defensive Midfield,29
Crystal Palace,Chris Richards,41266,,26
Crystal Palace,Tyrick Mitchell,41437,Left Back,3
Crystal Palace,Matheus França de Oliveira,114491,,11
Brentford,Mathias Jørgensen Jatta,3027,,13
Brentford,Ben Mee,3663,Left Center Back,16
Brentford,Ethan Pinnock,4610,Center Back,5
Brentford,Neal Maupay,4766,Left Center Forward,7
Brentford,Bryan Mbeumo,4935,Right Center Forward,19
Brentford,Saman Ghoddos,5240,Left Wing Back,14
Brentford,Christian Nørgaard,7097,Center Defensive Midfield,6
Brentford,Yoane Wissa,7294,Left Center Forward,11
Brentford,Thomas Strakosha,7789,,21
Brentford,Kristoffer Vassbakk Ajer,10532,Right Wing Back,20
Brentford,Shandon Baptiste,11403,,26
Brentford,Vitaly Janelt,12074,Left Center Midfield,27
Brentford,Mathias Jensen,18722,Right Center Midfield,8
Brentford,Mads Roerslev,24440,Left Wing Back,30
Brentford,Frank Onyeka,24467,Right Center Midfield,15
Brentford,Nathan Michael Collins,24824,Right Center Back,22
Brentford,Mark Flekken,25000,Goalkeeper,1
Brentford,Myles Peart-Harris,39497,,25
Brentford,Ehor Yarmolyuk,45803,Left Center Midfield,33
Brentford,Michael Olakigbe,133178,,37
Liverpool,Joël Andre Job Matip,3502,Right Center Back,32
Liverpool,Mohamed Salah,3531,Right Wing,11
Liverpool,Trent Alexander-Arnold,3664,Right Back,66
Liverpool,Virgil van Dijk,3669,Left Center Back,4
Liverpool,Alisson Ramsés Becker,5547,Goalkeeper,1
Liverpool,Konstantinos Tsimikas,8489,Left Back,21
Liverpool,Diogo José Teixeira da Silva,9929,Left Wing,20
Liverpool,Cody Mathès Gakpo,20750,Left Center Midfield,18
Liverpool,Dominik Szoboszlai,21209,Right Center Midfield,8
Liverpool,Wataru Endo,23721,Center Defensive Midfield,3
Liverpool,Harvey Elliott,24938,Left Center Midfield,19
Liverpool,Luis Fernando Díaz Marulanda,27158,Left Wing,7
Liverpool,Darwin Gabriel Núñez Ribeiro,32478,Center Forward,9
Liverpool,Caoimhin Kelleher,34959,,62
Liverpool,Jarell Quansah,40908,Right Back,78
Liverpool,Luke Chambers,51042,,44
Liverpool,James McConnell,133356,Right Center Midfield,53
Liverpool,Callum Scanlon,153394,,48
Liverpool,Ben Doak,188469,,50
Liverpool,Trey Nyoni,356483,,98
Crystal Palace,Joel Ward,3443,Right Back,2
Crystal Palace,Jordan Ayew,3450,Left Wing,9
Crystal Palace,Jeffrey Schlupp,3520,Left Wing,15
Crystal Palace,Remi Matthews,4059,,31
Crystal Palace,Will Hughes,4588,Right Defensive Midfield,19
Crystal Palace,Nathaniel Edwin Clyne,4590,,17
Crystal Palace,Rob Holding,4591,,4
Crystal Palace,Jefferson Andrés Lerma Solís,5678,Left Defensive Midfield,8
Crystal Palace,Jean-Philippe Mateta,7403,Center Forward,14
Crystal Palace,Joachim Andersen,8247,Right Center Back,16
Crystal Palace,Eberechi Eze,9000,Center Attacking Midfield,10
Crystal Palace,Sam Johnstone,9458,Goalkeeper,1
Crystal Palace,Odsonne Édouard,10544,Center Forward,22
Crystal Palace,Cheick Oumar Doucoure,13851,Right Defensive Midfield,28
Crystal Palace,Michael Olise,24215,Right Wing,7
Crystal Palace,Marc Guehi,34526,Left Center Back,6
Crystal Palace,Naouirou Ahamada,39413,Center Attacking Midfield,29
Crystal Palace,Chris Richards,41266,,26
Crystal Palace,Tyrick Mitchell,41437,Left Back,3
Crystal Palace,Matheus França de Oliveira,114491,,11
Luton Town,Andros Townsend,3297,Right Wing,30
Luton Town,Tom Lockyer,3839,Center Back,4
Luton Town,Amari'i Bell,4128,Left Wing Back,29
Luton Town,Carlton Morris,4220,Center Forward,9
Luton Town,Ross Barkley,4275,Right Defensive Midfield,6
Luton Town,Jordan Clark,9442,Left Defensive Midfield,18
Luton Town,Timothy Michael Krul,9467,,23
Luton Town,Pelly Ruddock Mpanzu,9674,Left Defensive Midfield,17
Luton Town,Elijah Adebayo,9827,Center Forward,11
Luton Town,Jacob Brown,12197,Right Wing Back,19
Luton Town,Chiedozie Ogbene,13306,Left Wing,7
Luton Town,Luke Berry,22175,,8
Luton Town,Gabriel Osho,22347,Left Center Back,2
Luton Town,Tahith Chong,23636,Right Wing,14
Luton Town,Thomas Kaminski,23741,Goalkeeper,24
Luton Town,Ryan Giles,29397,,26
Luton Town,Alfie Doughty,33074,Right Wing Back,45
Luton Town,Teden Mengi,43604,Right Center Back,15
Luton Town,Zack Nelson,332827,,43
Luton Town,Jayden Luker,359317,,47
Liverpool,Joe Gomez,3495,,2
Liverpool,Joël Andre Job Matip,3502,Right Center Back,32
Liverpool,Mohamed Salah,3531,Right Wing,11
Liverpool,Trent Alexander-Arnold,3664,Right Back,66
Liverpool,Virgil van Dijk,3669,Left Center Back,4
Liverpool,Alisson Ramsés Becker,5547,Goalkeeper,1
Liverpool,Konstantinos Tsimikas,8489,Left Back,21
Liverpool,Diogo José Teixeira da Silva,9929,Left Wing,20
Liverpool,Ibrahima Konaté,11135,,5
Liverpool,Cody Mathès Gakpo,20750,Right Center Midfield,18
Liverpool,Dominik Szoboszlai,21209,Right Center Midfield,8
Liverpool,Ryan Gravenberch,23230,Left Center Midfield,38
Liverpool,Wataru Endo,23721,Center Defensive Midfield,3
Liverpool,Harvey Elliott,24938,Center Forward,19
Liverpool,Luis Fernando Díaz Marulanda,27158,Left Wing,7
Liverpool,Alexis Mac Allister,27886,Center Defensive Midfield,10
Liverpool,Darwin Gabriel Núñez Ribeiro,32478,Center Forward,9
Liverpool,Curtis Jones,33231,Left Center Midfield,17
Liverpool,Caoimhin Kelleher,34959,,62
Liverpool,Jarell Quansah,40908,,78
Manchester City,Ederson Santana de Moraes,3067,Goalkeeper,31
Manchester City,Bernardo Mota Veiga de Carvalho e Silva,3193,Left Center Midfield,20
Manchester City,Kyle Walker,3205,Right Center Back,2
Manchester City,John Stones,3244,,5
Manchester City,Nathan Aké,3306,Left Center Back,6
Manchester City,Phil Foden,4354,Right Wing,47
Manchester City,Kalvin Phillips,4706,,4
Manchester City,Scott Carson,4815,,33
Manchester City,Rúben Santos Gato Alves Dias,5206,Center Back,3
Manchester City,Manuel Obafemi Akanji,5549,Left Defensive Midfield,25
Manchester City,Rodrigo Hernández Cascante,6765,Right Defensive Midfield,16
Manchester City,Stefan Ortega Moreno,9194,,18
Manchester City,Sergio Gómez Martín,22199,,21
Manchester City,Erling Håland,23616,Center Forward,9
Manchester City,Jeremy Doku,23650,Left Wing,11
Manchester City,Julián Álvarez,29560,Right Center Midfield,19
Manchester City,Joško Gvardiol,33018,,24
Manchester City,Rico Lewis,48705,,82
Manchester City,Oscar Bobb,104825,,52
Chelsea,Raheem Sterling,3233,Left Wing,7
Chelsea,Thiago Emiliano da Silva,3295,Right Center Back,6
Chelsea,Axel Disasi,7439,,2
Chelsea,Reece James,9550,Right Back,24
Chelsea,Robert Lynch Sanchez,9843,Goalkeeper,1
Chelsea,Marc Cucurella Saseta,17620,Left Back,3
Chelsea,Benoît Badiashile Mukinayi,21368,Left Center Back,5
Chelsea,Conor Gallagher,29399,Center Attacking Midfield,23
Chelsea,Chukwunonso Madueke,31506,Right Midfield,11
Chelsea,Đorđe Petrović,32565,,28
Chelsea,Armando Broja,36885,Center Forward,19
Chelsea,Moisés Isaac Caicedo Corozo,37726,Right Defensive Midfield,25
Chelsea,Enzo Fernandez,38718,Left Defensive Midfield,8
Chelsea,Levi Colwill,38992,Center Attacking Midfield,26
Chelsea,Ian Maatsen,39092,,29
Chelsea,Cole Palmer,39461,Right Wing,20
Chelsea,Mykhailo Mudryk,39483,Right Wing,10
Chelsea,Lesley Chimuanya Ugochukwu,44738,Right Defensive Midfield,16
Chelsea,Nicolas Jackson,50497,Center Forward,15
Chelsea,Alex Matos,235092,,52
Newcastle United,Matt Ritchie,3049,Center Forward,11
Newcastle United,Paul Dummett,3065,Right Center Back,3
Newcastle United,Jamaal Lascelles,3081,Right Center Back,6
Newcastle United,Mark Gillespie,3212,,29
Newcastle United,Kieran Trippier,3308,Right Back,2
Newcastle United,Nick Pope,3474,Goalkeeper,22
Newcastle United,Loris Karius,3630,,18
Newcastle United,Martin Dúbravka,3711,,1
Newcastle United,Fabian Lukas Schär,5537,Left Center Back,5
Newcastle United,Alexander Isak,8819,Center Forward,14
Newcastle United,Miguel Ángel Almirón Rejala,12603,Right Wing,24
Newcastle United,Joelinton Cassio Apolinário de Lira,13291,Left Center Midfield,7
Newcastle United,Bruno Guimarães Rodriguez Moura,25142,Center Defensive Midfield,39
Newcastle United,Anthony Gordon,28104,Left Wing,10
Newcastle United,Valentino Livramento,39241,Left Back,21
Newcastle United,Amadou Diallo,110771,Right Wing,49
Newcastle United,Michael Ndiweni,118416,Center Forward,55
Newcastle United,Lewis Miley,134048,Right Center Midfield,67
Newcastle United,Ben Parkinson,134050,,63
Newcastle United,Alex Murphy,406072,Left Wing,54
Brighton & Hove Albion,Lewis Dunk,3088,Left Center Back,5
Brighton & Hove Albion,Pascal Groß,3097,Right Defensive Midfield,13
Brighton & Hove Albion,Adam David Lallana,4090,Center Attacking Midfield,14
Brighton & Hove Albion,Joël Veltman,8067,Right Back,34
Brighton & Hove Albion,João Pedro Junqueira de Jesus,25299,Left Wing,9
Brighton & Hove Albion,Jakub Moder,29480,Center Forward,15
Brighton & Hove Albion,Jan Paul van Hecke,30691,Right Center Back,29
Brighton & Hove Albion,Anssumane Fati,30756,Left Wing,31
Brighton & Hove Albion,Billy Gilmour,31067,Left Defensive Midfield,11
Brighton & Hove Albion,Tariq Lamptey,33602,Left Back,2
Brighton & Hove Albion,Bart Verbruggen,37274,Goalkeeper,1
Brighton & Hove Albion,Jason Steele,47553,,23
Brighton & Hove Albion,Evan Ferguson,51156,Center Forward,28
Brighton & Hove Albion,Simon Adingra,105392,Right Wing,24
Brighton & Hove Albion,Benicio Baker-Boaitey,137622,,47
Brighton & Hove Albion,Benjamin Jackson,155304,,50
Brighton & Hove Albion,Joshua Duffus,155310,,56
Brighton & Hove Albion,Jack Hinshelwood,155312,Left Back,41
Brighton & Hove Albion,Facundo Valentín Buonanotte,196954,Center Attacking Midfield,40
Brighton & Hove Albion,Carlos Baleba,226169,Left Defensive Midfield,20
Nottingham Forest,Moussa Niakhate,3198,Right Center Back,19
Nottingham Forest,Serge Aurier,3481,,24
Nottingham Forest,Chris Wood,3505,Center Forward,11
Nottingham Forest,Cheikhou Kouyaté,3684,,8
Nottingham Forest,Ryan Yates,4239,Left Defensive Midfield,22
Nottingham Forest,Callum Hudson-Odoi,4274,Center Attacking Midfield,14
Nottingham Forest,Divock Okoth Origi,4747,Center Forward,27
Nottingham Forest,Harry Toffolo,6555,Left Back,15
Nottingham Forest,Orel Mangala,8950,Right Defensive Midfield,5
Nottingham Forest,Willy Boly,9933,,30
Nottingham Forest,Morgan Gibbs-White,9934,Right Wing,10
Nottingham Forest,Odisseas Vlachodimos,10332,Goalkeeper,23
Nottingham Forest,Temitayo Olufisayo Olaoluwa Aina,11492,Right Back,43
Nottingham Forest,Matthew Charles Turner,12352,,1
Nottingham Forest,Gonzalo Ariel Montiel,28263,,29
Nottingham Forest,Nicolás Martín Domínguez,28672,Left Defensive Midfield,16
Nottingham Forest,Neco Williams,34794,Right Back,7
Nottingham Forest,Danilo dos Santos de Oliveira,46451,Center Attacking Midfield,28
Nottingham Forest,Anthony Elanga,50991,Left Wing,21
Nottingham Forest,Murillo Santiago Costa dos Santos,271487,Left Center Back,40
AFC Bournemouth,Philip Billing,3331,Center Attacking Midfield,29
AFC Bournemouth,Dominic Solanke,3614,Center Forward,9
AFC Bournemouth,Lewis Cook,3615,Right Defensive Midfield,4
AFC Bournemouth,Kieffer Roberto Francisco Moore,3853,,21
AFC Bournemouth,Marcus Tavernier,4111,Left Wing,16
AFC Bournemouth,Joe Rothwell,4143,,8
AFC Bournemouth,David Brooks,4567,Left Wing,7
AFC Bournemouth,Chris Mepham,4767,,6
AFC Bournemouth,Adam Smith,6409,Right Back,15
AFC Bournemouth,Norberto Murara Neto,6590,Goalkeeper,1
AFC Bournemouth,Justin Kluivert,8063,Center Attacking Midfield,19
AFC Bournemouth,Antoine Semenyo,9286,Right Wing,24
AFC Bournemouth,Lloyd Kelly,9938,Left Back,5
AFC Bournemouth,Ryan Christie,12510,Left Defensive Midfield,10
AFC Bournemouth,Luis Fernando Sinisterra Lucumí,16184,Right Wing,17
AFC Bournemouth,Mark Travers,24937,,42
AFC Bournemouth,Marcos Senesi,27773,Left Center Back,25
AFC Bournemouth,Illia Zabarnyi,39136,Right Center Back,27
AFC Bournemouth,Milos Kerkez,89635,Left Back,3
AFC Bournemouth,Dango Aboubacar Faissal Ouattara,95042,,11
Sheffield United,Oliver McBurnie,3332,Right Center Forward,9
Sheffield United,Max Lowe,4226,,3
Sheffield United,John Fleck,4563,Left Defensive Midfield,4
Sheffield United,George Baldock,4571,Right Center Back,2
Sheffield United,Adam Davies,4584,,1
Sheffield United,Ben Osborn,4732,Left Wing Back,23
Sheffield United,Jack Robinson,10485,Center Back,19
Sheffield United,Oliver James Norwood,11013,Right Defensive Midfield,16
Sheffield United,Jayden Bogle,11896,Right Wing Back,20
Sheffield United,Auston Trusty,12359,Left Center Back,5
Sheffield United,Gustavo Hamer,15304,Left Attacking Midfield,8
Sheffield United,Wesley Foderingham,21018,Goalkeeper,18
Sheffield United,Anel Ahmedhodžić,27652,Right Center Back,15
Sheffield United,Vinicius de Souza Costa,32587,Left Defensive Midfield,21
Sheffield United,Anis Ben Slimane,35592,,25
Sheffield United,Luke Thomas,42747,Left Wing Back,14
Sheffield United,James McAtee,49667,Right Attacking Midfield,28
Sheffield United,Cameron Archer,50563,Center Forward,10
Sheffield United,Bénie Adama Traoré,107581,,11
Sheffield United,William Idamudia Daugaard Osula,121254,Right Midfield,32
Aston Villa,Youri Tielemans,2954,Center Attacking Midfield,8
Aston Villa,Diego Carlos Santos Silva,3366,Right Center Back,3
Aston Villa,Ezri Konsa Ngoyo,3822,Right Back,4
Aston Villa,Boubacar Kamara,4433,Right Defensive Midfield,44
Aston Villa,Matty Cash,4734,Right Midfield,2
Aston Villa,Ollie Watkins,4760,Left Center Forward,11
Aston Villa,Robin Olsen,5622,,25
Aston Villa,Leander Dendoncker,6331,,32
Aston Villa,Douglas Luiz Soares de Paulo,6574,Left Defensive Midfield,6
Aston Villa,Clément Lenglet,6826,,17
Aston Villa,Lucas Digne,6849,Left Back,12
Aston Villa,Pau Francisco Torres,6892,Left Center Back,14
Aston Villa,Damián Emiliano Martínez,6909,Goalkeeper,1
Aston Villa,Leon Bailey Butler,8214,Right Wing,31
Aston Villa,Moussa Diaby,8292,Right Center Forward,19
Aston Villa,John McGinn,9974,Left Midfield,7
Aston Villa,Alejandro Moreno Lopera,11538,,15
Aston Villa,Jacob Ramsey,23500,Left Wing,41
Aston Villa,Jhon Jáder Durán Palacio,30976,Center Forward,24
Aston Villa,Tim Iroegbunam,113387,,47
Tottenham Hotspur,Heung-Min Son,3083,Center Forward,7
Tottenham Hotspur,Ben Davies,3086,Left Center Back,33
Tottenham Hotspur,Giovani Lo Celso,3313,Left Defensive Midfield,18
Tottenham Hotspur,Pierre-Emile Højbjerg,3570,Right Defensive Midfield,5
Tottenham Hotspur,Fraser Forster,3970,,20
Tottenham Hotspur,Rodrigo Bentancur Colmán,5260,Right Defensive Midfield,30
Tottenham Hotspur,Eric Dier,10956,,15
Tottenham Hotspur,Pedro Antonio Porro Sauceda,11292,Right Back,23
Tottenham Hotspur,Oliver Skipp,22145,Right Center Midfield,4
Tottenham Hotspur,Bryan Gil Salvatierra,22418,Left Wing,11
Tottenham Hotspur,Dejan Kulusevski,22818,Center Attacking Midfield,21
Tottenham Hotspur,Emerson Aparecido Leite de Souza Junior,23522,Right Center Back,12
Tottenham Hotspur,Brennan Johnson,29377,Right Wing,22
Tottenham Hotspur,Guglielmo Vicario,31225,Goalkeeper,13
Tottenham Hotspur,Brandon Austin,48123,,40
Tottenham Hotspur,Iyenoma Destiny Udogie,48461,Left Back,38
Tottenham Hotspur,Alejo Véliz,112971,Left Center Midfield,36
Tottenham Hotspur,Alfie Dorrington,133198,,65
Tottenham Hotspur,Jamie Donley,133202,,63
Arsenal,Gabriel Fernando de Jesus,3202,Center Forward,9
Arsenal,Cédric Ricardo Alves Soares,3329,,17
Arsenal,Mohamed Naser Elsayed Elneny,3568,,25
Arsenal,Reiss Nelson,3571,,24
Arsenal,Oleksandr Zinchenko,3575,Left Back,35
Arsenal,Edward Nketiah,3737,Center Forward,14
Arsenal,Declan Rice,3943,Center Defensive Midfield,41
Arsenal,Gabriel dos Santos Magalhães,6406,Left Center Back,6
Arsenal,Jorge Luiz Frello Filho,7024,Right Center Midfield,20
Arsenal,Martin Ødegaard,8252,Right Center Midfield,8
Arsenal,Kai Havertz,8966,Left Center Midfield,29
Arsenal,Leandro Trossard,16559,Left Center Midfield,19
Arsenal,William Saliba,17592,Right Center Back,2
Arsenal,Bukayo Saka,22084,Right Wing,7
Arsenal,Aaron Ramsdale,22783,Goalkeeper,1
Arsenal,Ben White,22809,Right Wing,4
Arsenal,Takehiro Tomiyasu,23730,Right Back,18
Arsenal,Gabriel Teodoro Martinelli Silva,29976,Left Wing,11
Arsenal,Jakub Piotr Kiwior,44166,,15
Arsenal,Karl Jakob Hein,46809,,31
Brentford,Mathias Jørgensen Jatta,3027,Right Wing Back,13
Brentford,Ben Mee,3663,Left Center Back,16
Brentford,Charlie Goode,3825,,4
Brentford,Ethan Pinnock,4610,Center Back,5
Brentford,Neal Maupay,4766,Left Center Forward,7
Brentford,Bryan Mbeumo,4935,Right Center Forward,19
Brentford,Saman Ghoddos,5240,Right Wing Back,14
Brentford,Christian Nørgaard,7097,Center Defensive Midfield,6
Brentford,Yoane Wissa,7294,Left Center Forward,11
Brentford,Thomas Strakosha,7789,,21
Brentford,Kristoffer Vassbakk Ajer,10532,Right Center Back,20
Brentford,Shandon Baptiste,11403,Left Center Midfield,26
Brentford,Vitaly Janelt,12074,Left Wing Back,27
Brentford,Frank Onyeka,24467,Right Center Midfield,15
Brentford,Mark Flekken,25000,Goalkeeper,1
Brentford,Keane Lewis-Potter,32928,Right Center Midfield,23
Brentford,Myles Peart-Harris,39497,,25
Brentford,Ehor Yarmolyuk,45803,Left Center Midfield,33
Brentford,Ethan Craig Brierley,47309,,38
Brentford,Michael Olakigbe,133178,,37
West Ham United,Aaron Cresswell,3062,,3
West Ham United,Gnaly Maxwell Cornet,3162,,17
West Ham United,Łukasz Fabiański,3262,,1
West Ham United,James Ward-Prowse,3328,Left Defensive Midfield,7
West Ham United,Alphonse Areola,3379,Goalkeeper,23
West Ham United,Kurt Happy Zouma,3456,Right Center Back,4
West Ham United,Daniel William John Ings,3654,Center Forward,18
West Ham United,Angelo Obinze Ogbonna,3843,,21
West Ham United,Emerson Palmieri dos Santos,4355,Left Back,33
West Ham United,Konstantinos Mavropanos,4781,,15
West Ham United,Tomáš Souček,4870,Center Attacking Midfield,28
West Ham United,Edson Omar Álvarez Velázquez,5567,Right Defensive Midfield,19
West Ham United,Pablo Fornals Malla,6764,,8
West Ham United,Mohamed Saïd Benrahma,7212,Right Defensive Midfield,22
West Ham United,Thilo Kehrer,8511,,24
West Ham United,Nayef Aguerd,12149,Left Center Back,27
West Ham United,Vladimír Coufal,16570,Right Back,5
West Ham United,Mohammed Kudus,17033,Right Wing,14
West Ham United,Lucas Tolentino Coelho de Lima,22600,Left Wing,10
West Ham United,Divin Mubama,141121,Center Forward,45
Burnley,Nathan Redmond,3286,,15
Burnley,Michael Obafemi,3624,,45
Burnley,Charles James Taylor,3627,Left Back,3
Burnley,Jay Rodriguez,3685,Right Center Forward,9
Burnley,Johann Berg Guðmunds­son,3720,Right Midfield,7
Burnley,Connor Roberts,4774,,14
Burnley,Josh Cullen,4837,Right Midfield,24
Burnley,Jacob Bruun Larsen,8961,,34
Burnley,Joshua Brownhill,9607,Left Defensive Midfield,8
Burnley,Lawrence Vigouroux,9813,,29
Burnley,Louis Jordan Beyer,12322,Left Center Back,5
Burnley,Sander Berge,16553,Right Defensive Midfield,16
Burnley,Dara Joseph O'Shea,18753,Right Center Back,2
Burnley,Victor Alexander da Silva,24016,Right Back,22
Burnley,Hjalmar Ekdal,41208,,18
Burnley,James Trafford,42298,Goalkeeper,1
Burnley,Mohamed Zeki Amdouni,48335,Left Center Forward,25
Burnley,Aaron Ramsey,122567,Left Center Forward,21
Burnley,Anass Zaroury,131037,Left Midfield,19
Burnley,Luca Koleosho,256682,Left Midfield,30
Manchester United,Marcus Rashford,3318,Right Wing,10
Manchester United,Harry Maguire,3336,Right Center Back,5
Manchester United,Luke Shaw,3382,Left Back,23
Manchester United,Scott McTominay,3620,Right Center Midfield,39
Manchester United,Aaron Wan-Bissaka,3690,Left Back,29
Manchester United,Victor Nilsson Lindelöf,3702,Left Center Back,2
Manchester United,Bruno Miguel Borges Fernandes,5204,Left Center Midfield,8
Manchester United,Sofyan Amrabat,5234,Center Defensive Midfield,4
Manchester United,Raphaël Varane,5485,,19
Manchester United,Donny van de Beek,8062,,34
Manchester United,André Onana,8064,Goalkeeper,24
Manchester United,José Diogo Dalot Teixeira,16028,Right Back,20
Manchester United,Sergio Reguilón Rodríguez,18620,,15
Manchester United,Anthony Martial,20039,Center Forward,9
Manchester United,Altay Bayındır,30442,,1
Manchester United,Facundo Pellistri Rebollo,36288,Left Wing,28
Manchester United,Joe Hugill,50985,,52
Manchester United,Hannibal Mejbri,50988,Center Forward,46
Manchester United,Alejandro Garnacho Ferreyra,52129,Left Wing,17
Manchester United,Kobbie Mainoo,99174,Center Defensive Midfield,37
Everton,Abdoulaye Doucouré,3292,Center Attacking Midfield,16
Everton,Idrissa Gana Gueye,3436,Left Defensive Midfield,27
Everton,Michael Keane,3438,,5
Everton,Jordan Pickford,3468,Goalkeeper,1
Everton,Dominic Calvert-Lewin,3470,Center Forward,9
Everton,Ashley Young,3612,Right Back,18
Everton,James Tarkowski,3628,Right Center Back,6
Everton,Ben Godfrey,4076,,22
Everton,Séamus Coleman,4589,,23
Everton,Dwight McNeil,5111,Left Midfield,7
Everton,Jack Harrison,9616,Right Midfield,11
Everton,Arnaut Danjuma Groeneveld,16284,Left Midfield,10
Everton,Vitalii Mykolenko,20827,Left Back,19
Everton,James Garner,23625,Right Defensive Midfield,37
Everton,João Manuel Neves Virginia,29378,,12
Everton,Jarrad Branthwaite,32762,Left Center Back,32
Everton,Nathan Patterson,37338,Right Back,2
Everton,Mackenzie Hunt,49671,,58
Everton,Lewis Norman Dobbin,50505,Center Attacking Midfield,61
Everton,Youssef Ramalho Chermiti,149581,Center Forward,28
Wolverhampton Wanderers,Mario Lemina,3951,Left Defensive Midfield,5
Wolverhampton Wanderers,Daniel Bentley,4773,,25
Wolverhampton Wanderers,Hee-Chan Hwang,5620,Right Center Forward,11
Wolverhampton Wanderers,Nélson Cabral Semedo,6374,Right Back,22
Wolverhampton Wanderers,Pablo Sarabia García,6720,,21
Wolverhampton Wanderers,Jonathan Castro Otto,6802,,19
Wolverhampton Wanderers,Matt Doherty,9925,Left Midfield,2
Wolverhampton Wanderers,Rayan Aït Nouri,12111,Left Midfield,3
Wolverhampton Wanderers,Matheus Santos Carneiro da Cunha,12425,Left Center Forward,12
Wolverhampton Wanderers,Sasa Kalajdzic,18762,Right Midfield,18
Wolverhampton Wanderers,José Pedro Malheiro de Sá,18866,Goalkeeper,1
Wolverhampton Wanderers,Jean-Ricner Bellegarde,19718,Right Midfield,27
Wolverhampton Wanderers,Maximilian William Kilman,24940,Left Center Back,23
Wolverhampton Wanderers,Fábio Daniel Soares Silva,30088,,9
Wolverhampton Wanderers,Thomas Doyle,34789,Left Center Forward,20
Wolverhampton Wanderers,Santiago Ignacio Bueno Sciutto,41138,Right Center Back,4
Wolverhampton Wanderers,João Victor Gomes da Silva,48720,Right Defensive Midfield,8
Wolverhampton Wanderers,Tote António Gomes,48941,Left Back,24
Wolverhampton Wanderers,Boubacar Traore,58878,,6
Wolverhampton Wanderers,Hugo Bueno,82220,,17
Fulham,Willian Borges da Silva,3472,Left Wing,20
Fulham,Alex Iwobi,3647,Right Wing,22
Fulham,Fodé Ballo Touré,3675,,12
Fulham,Kenny Tete,3798,,2
Fulham,Marek Rodák,4152,,1
Fulham,Antonee Robinson,4614,Left Back,33
Fulham,Raúl Alonso Jiménez Rodríguez,5568,Center Forward,7
Fulham,Saša Lukić,6687,Center Attacking Midfield,28
Fulham,Andreas Hoelgebaum Pereira,6846,Center Attacking Midfield,18
Fulham,Timothy Castagne,6989,Right Back,21
Fulham,Harry Wilson,9540,Center Attacking Midfield,8
Fulham,Oluwatosin Adarabioyo,9650,Left Wing,4
Fulham,Bobby Armani De Cordova-Reid,9923,,14
Fulham,Tom Cairney,10284,Left Defensive Midfield,10
Fulham,Harrison Reed,11936,Right Defensive Midfield,6
Fulham,Carlos Vinícius Alves Morais,13639,Center Forward,30
Fulham,Bernd Leno,15581,Goalkeeper,17
Fulham,Tim Ream,18242,Left Center Back,13
Fulham,Calvin Bassey Ughelumba,43779,Right Center Back,3
Fulham,Luke Harris,139815,,38
Manchester United,Marcus Rashford,3318,Right Wing,10
Manchester United,Harry Maguire,3336,Right Center Back,5
Manchester United,Luke Shaw,3382,Left Center Back,23
Manchester United,Scott McTominay,3620,Right Defensive Midfield,39
Manchester United,Aaron Wan-Bissaka,3690,Right Back,29
Manchester United,Victor Nilsson Lindelöf,3702,,2
Manchester United,Bruno Miguel Borges Fernandes,5204,Center Attacking Midfield,8
Manchester United,Sofyan Amrabat,5234,Left Defensive Midfield,4
Manchester United,Raphaël Varane,5485,,19
Manchester United,Donny van de Beek,8062,,34
Manchester United,André Onana,8064,Goalkeeper,24
Manchester United,José Diogo Dalot Teixeira,16028,Left Back,20
Manchester United,Sergio Reguilón Rodríguez,18620,Right Back,15
Manchester United,Anthony Martial,20039,Center Forward,9
Manchester United,Antony Matheus dos Santos,25363,Right Wing,21
Manchester United,Altay Bayındır,30442,,1
Manchester United,Facundo Pellistri Rebollo,36288,,28
Manchester United,Rasmus Winther Højlund,51672,Center Forward,11
Manchester United,Alejandro Garnacho Ferreyra,52129,Left Wing,17
Manchester United,Kobbie Mainoo,99174,Left Defensive Midfield,37
Newcastle United,Matt Ritchie,3049,Left Wing,11
Newcastle United,Paul Dummett,3065,,3
Newcastle United,Jamaal Lascelles,3081,Right Center Back,6
Newcastle United,Kieran Trippier,3308,Right Back,2
Newcastle United,Nick Pope,3474,Goalkeeper,22
Newcastle United,Loris Karius,3630,,18
Newcastle United,Martin Dúbravka,3711,Goalkeeper,1
Newcastle United,Fabian Lukas Schär,5537,Left Center Back,5
Newcastle United,Emil Krafth,6358,,17
Newcastle United,Alexander Isak,8819,Center Forward,14
Newcastle United,Miguel Ángel Almirón Rejala,12603,Right Wing,24
Newcastle United,Joelinton Cassio Apolinário de Lira,13291,Left Center Midfield,7
Newcastle United,Bruno Guimarães Rodriguez Moura,25142,Center Defensive Midfield,39
Newcastle United,Anthony Gordon,28104,Left Wing,10
Newcastle United,Valentino Livramento,39241,Left Back,21
Newcastle United,Amadou Diallo,110771,,49
Newcastle United,Lewis Miley,134048,Right Center Midfield,67
Newcastle United,Ben Parkinson,134050,,63
Newcastle United,Lewis Hall,134092,,20
Newcastle United,Alex Murphy,406072,,54
Everton,Abdoulaye Doucouré,3292,Center Attacking Midfield,16
Everton,Idrissa Gana Gueye,3436,Left Defensive Midfield,27
Everton,Michael Keane,3438,,5
Everton,Jordan Pickford,3468,Goalkeeper,1
Everton,Ashley Young,3612,Right Back,18
Everton,James Tarkowski,3628,Right Center Back,6
Everton,Ben Godfrey,4076,,22
Everton,Séamus Coleman,4589,,23
Everton,Dwight McNeil,5111,Left Midfield,7
Everton,Jack Harrison,9616,Right Midfield,11
Everton,Arnaut Danjuma Groeneveld,16284,,10
Everton,Vitalii Mykolenko,20827,Left Back,19
Everton,James Garner,23625,Right Defensive Midfield,37
Everton,João Manuel Neves Virginia,29378,,12
Everton,Norberto Bercique Gomes Betuncal,30006,Center Forward,14
Everton,Jarrad Branthwaite,32762,Left Center Back,32
Everton,Nathan Patterson,37338,,2
Everton,Mackenzie Hunt,49671,,58
Everton,Lewis Norman Dobbin,50505,,61
Everton,Youssef Ramalho Chermiti,149581,Center Forward,28
Nottingham Forest,Ibrahim Sangaré,3017,Right Center Midfield,6
Nottingham Forest,Moussa Niakhate,3198,,19
Nottingham Forest,Serge Aurier,3481,Right Back,24
Nottingham Forest,Chris Wood,3505,Center Forward,11
Nottingham Forest,Cheikhou Kouyaté,3684,,8
Nottingham Forest,Ryan Yates,4239,Left Center Midfield,22
Nottingham Forest,Callum Hudson-Odoi,4274,Right Center Midfield,14
Nottingham Forest,Divock Okoth Origi,4747,Left Back,27
Nottingham Forest,Harry Toffolo,6555,Left Back,15
Nottingham Forest,Orel Mangala,8950,Center Defensive Midfield,5
Nottingham Forest,Willy Boly,9933,Right Center Back,30
Nottingham Forest,Morgan Gibbs-White,9934,Right Wing,10
Nottingham Forest,Odisseas Vlachodimos,10332,Goalkeeper,23
Nottingham Forest,Felipe Augusto de Almeida Monteiro,11167,Right Center Back,18
Nottingham Forest,Temitayo Olufisayo Olaoluwa Aina,11492,,43
Nottingham Forest,Matthew Charles Turner,12352,,1
Nottingham Forest,Nicolás Martín Domínguez,28672,,16
Nottingham Forest,Neco Williams,34794,,7
Nottingham Forest,Anthony Elanga,50991,Left Wing,21
Nottingham Forest,Murillo Santiago Costa dos Santos,271487,Left Center Back,40
Crystal Palace,James Tomkins,3316,,5
Crystal Palace,Joel Ward,3443,Right Back,2
Crystal Palace,Jordan Ayew,3450,Left Midfield,9
Crystal Palace,Jaïro Riedewald,3591,Left Wing,44
Crystal Palace,Remi Matthews,4059,,31
Crystal Palace,Will Hughes,4588,Left Center Midfield,19
Crystal Palace,Nathaniel Edwin Clyne,4590,,17
Crystal Palace,Jefferson Andrés Lerma Solís,5678,Right Center Midfield,8
Crystal Palace,Jean-Philippe Mateta,7403,Center Forward,14
Crystal Palace,Joachim Andersen,8247,Right Center Back,16
Crystal Palace,Sam Johnstone,9458,Goalkeeper,1
Crystal Palace,Odsonne Édouard,10544,Center Forward,22
Crystal Palace,Michael Olise,24215,Right Midfield,7
Crystal Palace,Marc Guehi,34526,Left Center Back,6
Crystal Palace,Naouirou Ahamada,39413,,29
Crystal Palace,Chris Richards,41266,Center Defensive Midfield,26
Crystal Palace,Tyrick Mitchell,41437,Left Back,3
Crystal Palace,Matheus França de Oliveira,114491,,11
Crystal Palace,Joseph Whitworth,134840,,41
Crystal Palace,Malcolm Ebiowei,141397,,23
West Ham United,Aaron Cresswell,3062,,3
West Ham United,Gnaly Maxwell Cornet,3162,,17
West Ham United,Łukasz Fabiański,3262,,1
West Ham United,James Ward-Prowse,3328,Left Defensive Midfield,7
West Ham United,Alphonse Areola,3379,Goalkeeper,23
West Ham United,Daniel William John Ings,3654,,18
West Ham United,Angelo Obinze Ogbonna,3843,,21
West Ham United,Emerson Palmieri dos Santos,4355,Left Back,33
West Ham United,Konstantinos Mavropanos,4781,Right Center Back,15
West Ham United,Tomáš Souček,4870,Center Attacking Midfield,28
West Ham United,Edson Omar Álvarez Velázquez,5567,Right Defensive Midfield,19
West Ham United,Pablo Fornals Malla,6764,Left Wing,8
West Ham United,Mohamed Saïd Benrahma,7212,,22
West Ham United,Thilo Kehrer,8511,,24
West Ham United,Jarrod Bowen,9640,Center Forward,20
West Ham United,Nayef Aguerd,12149,Left Center Back,27
West Ham United,Vladimír Coufal,16570,Right Back,5
West Ham United,Mohammed Kudus,17033,Right Wing,14
West Ham United,Lucas Tolentino Coelho de Lima,22600,Left Wing,10
West Ham United,Divin Mubama,141121,,45
Luton Town,Andros Townsend,3297,Left Wing,30
Luton Town,Tom Lockyer,3839,Center Back,4
Luton Town,Amari'i Bell,4128,Left Wing Back,29
Luton Town,Carlton Morris,4220,Center Forward,9
Luton Town,Ross Barkley,4275,Left Defensive Midfield,6
Luton Town,Jordan Clark,9442,Right Defensive Midfield,18
Luton Town,Timothy Michael Krul,9467,,23
Luton Town,Pelly Ruddock Mpanzu,9674,Right Defensive Midfield,17
Luton Town,Elijah Adebayo,9827,Center Forward,11
Luton Town,Jacob Brown,12197,Right Wing Back,19
Luton Town,Chiedozie Ogbene,13306,Left Wing,7
Luton Town,Luke Berry,22175,,8
Luton Town,Gabriel Osho,22347,Left Center Back,2
Luton Town,Tahith Chong,23636,Right Wing,14
Luton Town,Thomas Kaminski,23741,Goalkeeper,24
Luton Town,Ryan Giles,29397,Right Center Back,26
Luton Town,Issa Kabore,35471,Right Wing Back,12
Luton Town,Teden Mengi,43604,Right Center Back,15
Luton Town,Zack Nelson,332827,,43
Luton Town,Joseph Nathan Johnson,393324,,38
Brentford,Mathias Jørgensen Jatta,3027,,13
Brentford,Ben Mee,3663,Left Center Back,16
Brentford,Charlie Goode,3825,,4
Brentford,Ethan Pinnock,4610,Right Center Back,5
Brentford,Neal Maupay,4766,Center Forward,7
Brentford,Bryan Mbeumo,4935,Right Wing,19
Brentford,Saman Ghoddos,5240,Right Back,14
Brentford,Christian Nørgaard,7097,Center Defensive Midfield,6
Brentford,Yoane Wissa,7294,Left Wing,11
Brentford,Thomas Strakosha,7789,,21
Brentford,Shandon Baptiste,11403,Left Center Midfield,26
Brentford,Vitaly Janelt,12074,Left Back,27
Brentford,Mads Roerslev,24440,Right Back,30
Brentford,Frank Onyeka,24467,Right Center Midfield,15
Brentford,Mark Flekken,25000,Goalkeeper,1
Brentford,Keane Lewis-Potter,32928,Right Wing,23
Brentford,Myles Peart-Harris,39497,Left Wing,25
Brentford,Ehor Yarmolyuk,45803,Left Center Midfield,33
Brentford,Michael Olakigbe,133178,,37
Brentford,Vincent Angelini,141756,,41
Wolverhampton Wanderers,Craig Dawson,3523,Center Back,15
Wolverhampton Wanderers,Daniel Bentley,4773,Goalkeeper,25
Wolverhampton Wanderers,Hee-Chan Hwang,5620,Left Center Forward,11
Wolverhampton Wanderers,Nélson Cabral Semedo,6374,Right Wing Back,22
Wolverhampton Wanderers,Pablo Sarabia García,6720,Left Center Midfield,21
Wolverhampton Wanderers,Matt Doherty,9925,Left Wing Back,2
Wolverhampton Wanderers,Matheus Santos Carneiro da Cunha,12425,Right Center Forward,12
Wolverhampton Wanderers,Sasa Kalajdzic,18762,Left Defensive Midfield,18
Wolverhampton Wanderers,José Pedro Malheiro de Sá,18866,Goalkeeper,1
Wolverhampton Wanderers,Jean-Ricner Bellegarde,19718,Left Center Midfield,27
Wolverhampton Wanderers,Maximilian William Kilman,24940,Right Center Back,23
Wolverhampton Wanderers,Fábio Daniel Soares Silva,30088,,9
Wolverhampton Wanderers,Thomas Doyle,34789,Center Defensive Midfield,20
Wolverhampton Wanderers,Santiago Ignacio Bueno Sciutto,41138,,4
Wolverhampton Wanderers,Tote António Gomes,48941,Left Center Back,24
Wolverhampton Wanderers,Boubacar Traore,58878,Right Center Midfield,6
Wolverhampton Wanderers,Justin Hubner,61198,,67
Wolverhampton Wanderers,Hugo Bueno,82220,Left Wing Back,17
Wolverhampton Wanderers,Matthew Whittingham,134105,,65
Wolverhampton Wanderers,Tawanda Chirewa,142702,,62
Arsenal,Gabriel Fernando de Jesus,3202,Center Forward,9
Arsenal,Cédric Ricardo Alves Soares,3329,,17
Arsenal,Mohamed Naser Elsayed Elneny,3568,,25
Arsenal,Reiss Nelson,3571,,24
Arsenal,Oleksandr Zinchenko,3575,Left Back,35
Arsenal,Edward Nketiah,3737,Center Forward,14
Arsenal,Declan Rice,3943,Center Defensive Midfield,41
Arsenal,David Raya Martin,4127,Goalkeeper,22
Arsenal,Gabriel dos Santos Magalhães,6406,Left Center Back,6
Arsenal,Jorge Luiz Frello Filho,7024,Right Center Midfield,20
Arsenal,Martin Ødegaard,8252,Right Center Midfield,8
Arsenal,Kai Havertz,8966,Left Wing,29
Arsenal,Leandro Trossard,16559,Left Center Midfield,19
Arsenal,William Saliba,17592,Right Center Back,2
Arsenal,Bukayo Saka,22084,Right Wing,7
Arsenal,Aaron Ramsdale,22783,,1
Arsenal,Ben White,22809,Right Back,4
Arsenal,Takehiro Tomiyasu,23730,Right Back,18
Arsenal,Gabriel Teodoro Martinelli Silva,29976,Left Wing,11
Arsenal,Jakub Piotr Kiwior,44166,Right Wing,15
Aston Villa,Youri Tielemans,2954,Right Defensive Midfield,8
Aston Villa,Diego Carlos Santos Silva,3366,Right Center Back,3
Aston Villa,Ezri Konsa Ngoyo,3822,Right Back,4
Aston Villa,Matty Cash,4734,Right Back,2
Aston Villa,Ollie Watkins,4760,Left Center Forward,11
Aston Villa,Robin Olsen,5622,,25
Aston Villa,Leander Dendoncker,6331,,32
Aston Villa,Douglas Luiz Soares de Paulo,6574,Left Defensive Midfield,6
Aston Villa,Clément Lenglet,6826,,17
Aston Villa,Lucas Digne,6849,Left Back,12
Aston Villa,Pau Francisco Torres,6892,Left Center Back,14
Aston Villa,Damián Emiliano Martínez,6909,Goalkeeper,1
Aston Villa,Leon Bailey Butler,8214,Right Midfield,31
Aston Villa,Moussa Diaby,8292,Right Midfield,19
Aston Villa,John McGinn,9974,Left Midfield,7
Aston Villa,Alejandro Moreno Lopera,11538,Left Back,15
Aston Villa,Nicolò Zaniolo,16062,Right Center Forward,22
Aston Villa,Jacob Ramsey,23500,Left Midfield,41
Aston Villa,Jhon Jáder Durán Palacio,30976,Right Center Forward,24
Aston Villa,Tim Iroegbunam,113387,,47
AFC Bournemouth,Philip Billing,3331,Left Center Forward,29
AFC Bournemouth,Dominic Solanke,3614,Right Center Forward,9
AFC Bournemouth,Lewis Cook,3615,Left Defensive Midfield,4
AFC Bournemouth,Kieffer Roberto Francisco Moore,3853,,21
AFC Bournemouth,Marcus Tavernier,4111,Right Midfield,16
AFC Bournemouth,Joe Rothwell,4143,,8
AFC Bournemouth,David Brooks,4567,,7
AFC Bournemouth,Chris Mepham,4767,Left Back,6
AFC Bournemouth,Adam Smith,6409,Right Back,15
AFC Bournemouth,Norberto Murara Neto,6590,Goalkeeper,1
AFC Bournemouth,Justin Kluivert,8063,Left Center Forward,19
AFC Bournemouth,Antoine Semenyo,9286,Left Midfield,24
AFC Bournemouth,Hamed Junior Traorè,12495,,22
AFC Bournemouth,Ryan Christie,12510,Right Defensive Midfield,10
AFC Bournemouth,Luis Fernando Sinisterra Lucumí,16184,Left Midfield,17
AFC Bournemouth,Mark Travers,24937,,42
AFC Bournemouth,Marcos Senesi,27773,Left Center Back,25
AFC Bournemouth,Illia Zabarnyi,39136,Right Center Back,27
AFC Bournemouth,Milos Kerkez,89635,Left Back,3
AFC Bournemouth,Dango Aboubacar Faissal Ouattara,95042,Right Midfield,11
Sheffield United,Oliver McBurnie,3332,Right Center Forward,9
Sheffield United,Max Lowe,4226,,3
Sheffield United,John Fleck,4563,Left Center Midfield,4
Sheffield United,George Baldock,4571,Right Wing Back,2
Sheffield United,Adam Davies,4584,,1
Sheffield United,Jack Robinson,10485,Center Back,19
Sheffield United,Oliver James Norwood,11013,Center Defensive Midfield,16
Sheffield United,Jayden Bogle,11896,Right Wing Back,20
Sheffield United,Auston Trusty,12359,Left Center Back,5
Sheffield United,Gustavo Hamer,15304,Right Center Midfield,8
Sheffield United,Wesley Foderingham,21018,Goalkeeper,18
Sheffield United,Anel Ahmedhodžić,27652,Right Center Back,15
Sheffield United,Vinicius de Souza Costa,32587,,21
Sheffield United,Yasser Larouci,34793,,27
Sheffield United,Anis Ben Slimane,35592,,25
Sheffield United,Luke Thomas,42747,Left Wing Back,14
Sheffield United,James McAtee,49667,Left Midfield,28
Sheffield United,Cameron Archer,50563,Left Center Forward,10
Sheffield United,Bénie Adama Traoré,107581,Right Midfield,11
Sheffield United,William Idamudia Daugaard Osula,121254,Center Forward,32
Burnley,Nathan Redmond,3286,Left Center Forward,15
Burnley,Michael Obafemi,3624,Right Center Forward,45
Burnley,Charles James Taylor,3627,Left Back,3
Burnley,Jay Rodriguez,3685,Right Center Forward,9
Burnley,Johann Berg Guðmunds­son,3720,Right Midfield,7
Burnley,Jacob Bruun Larsen,8961,Right Midfield,34
Burnley,Joshua Brownhill,9607,Left Defensive Midfield,8
Burnley,Lawrence Vigouroux,9813,,29
Burnley,Louis Jordan Beyer,12322,Left Center Back,5
Burnley,Sander Berge,16553,Right Defensive Midfield,16
Burnley,Dara Joseph O'Shea,18753,Right Center Back,2
Burnley,Han-Noah Massengo,21199,,42
Burnley,Mike Trésor Ndayishimiye,21889,Left Midfield,31
Burnley,Victor Alexander da Silva,24016,Right Back,22
Burnley,Hjalmar Ekdal,41208,Right Center Back,18
Burnley,James Trafford,42298,Goalkeeper,1
Burnley,Mohamed Zeki Amdouni,48335,Left Center Forward,25
Burnley,Aaron Ramsey,122567,,21
Burnley,Wilson Odobert,151924,,47
Burnley,Luca Koleosho,256682,Left Midfield,30
Brighton & Hove Albion,Pascal Groß,3097,Right Defensive Midfield,13
Brighton & Hove Albion,James Philip Milner,3473,Left Back,6
Brighton & Hove Albion,Adam David Lallana,4090,Center Attacking Midfield,14
Brighton & Hove Albion,Joël Veltman,8067,Right Back,34
Brighton & Hove Albion,Igor Julio dos Santos de Paulo,9741,Left Center Back,3
Brighton & Hove Albion,João Pedro Junqueira de Jesus,25299,Left Center Forward,9
Brighton & Hove Albion,Jakub Moder,29480,,15
Brighton & Hove Albion,Jan Paul van Hecke,30691,Right Center Back,29
Brighton & Hove Albion,Billy Gilmour,31067,Left Defensive Midfield,11
Brighton & Hove Albion,Kaoru Mitoma,37211,Right Wing,22
Brighton & Hove Albion,Bart Verbruggen,37274,,1
Brighton & Hove Albion,Jason Steele,47553,Goalkeeper,23
Brighton & Hove Albion,Evan Ferguson,51156,Center Forward,28
Brighton & Hove Albion,Simon Adingra,105392,Left Wing,24
Brighton & Hove Albion,Benicio Baker-Boaitey,137622,Right Defensive Midfield,47
Brighton & Hove Albion,Jack Hinshelwood,155312,Left Back,41
Brighton & Hove Albion,Leigh Robert Kavanagh,155313,,52
Brighton & Hove Albion,Facundo Valentín Buonanotte,196954,Right Wing,40
Brighton & Hove Albion,Carlos Baleba,226169,Right Defensive Midfield,20
Brighton & Hove Albion,Mark O’Mahony,374448,,55
Chelsea,Raheem Sterling,3233,Right Wing,7
Chelsea,Thiago Emiliano da Silva,3295,Right Center Back,6
Chelsea,Axel Disasi,7439,Right Back,2
Chelsea,Robert Lynch Sanchez,9843,Goalkeeper,1
Chelsea,Benoît Badiashile Mukinayi,21368,Left Center Back,5
Chelsea,Conor Gallagher,29399,Center Attacking Midfield,23
Chelsea,Chukwunonso Madueke,31506,,11
Chelsea,Đorđe Petrović,32565,,28
Chelsea,Armando Broja,36885,Center Forward,19
Chelsea,Moisés Isaac Caicedo Corozo,37726,Right Defensive Midfield,25
Chelsea,Enzo Fernandez,38718,Left Center Midfield,8
Chelsea,Levi Colwill,38992,Left Back,26
Chelsea,Ian Maatsen,39092,Right Wing Back,29
Chelsea,Cole Palmer,39461,Right Midfield,20
Chelsea,Mykhailo Mudryk,39483,Left Wing,10
Chelsea,Nicolas Jackson,50497,Center Forward,15
Chelsea,Lucas Carl Edvard Bergström,52170,,47
Chelsea,Alfie Gilchrist,109640,,42
Chelsea,Alex Matos,235092,,52
Chelsea,Deivid Washington de Souza Eugênio,271873,,36
Fulham,Willian Borges da Silva,3472,Center Attacking Midfield,20
Fulham,Alex Iwobi,3647,Left Wing,22
Fulham,Fodé Ballo Touré,3675,,12
Fulham,Kenny Tete,3798,Right Back,2
Fulham,Marek Rodák,4152,,1
Fulham,Antonee Robinson,4614,Left Back,33
Fulham,Raúl Alonso Jiménez Rodríguez,5568,Center Forward,7
Fulham,Saša Lukić,6687,,28
Fulham,Andreas Hoelgebaum Pereira,6846,Center Attacking Midfield,18
Fulham,Timothy Castagne,6989,Right Back,21
Fulham,Harry Wilson,9540,Right Wing,8
Fulham,Oluwatosin Adarabioyo,9650,,4
Fulham,Bobby Armani De Cordova-Reid,9923,Right Wing,14
Fulham,Tom Cairney,10284,Right Wing,10
Fulham,Harrison Reed,11936,Right Defensive Midfield,6
Fulham,João Maria Lobo Alves Palhinha Gonçalves,12169,Left Defensive Midfield,26
Fulham,Carlos Vinícius Alves Morais,13639,Right Center Forward,30
Fulham,Bernd Leno,15581,Goalkeeper,17
Fulham,Tim Ream,18242,Left Center Back,13
Fulham,Calvin Bassey Ughelumba,43779,Right Center Back,3
Liverpool,Joe Gomez,3495,Right Back,2
Liverpool,Joël Andre Job Matip,3502,Right Center Back,32
Liverpool,Mohamed Salah,3531,Right Wing,11
Liverpool,Adrián San Miguel del Castillo,3623,,13
Liverpool,Trent Alexander-Arnold,3664,Right Back,66
Liverpool,Virgil van Dijk,3669,Left Center Back,4
Liverpool,Konstantinos Tsimikas,8489,Left Back,21
Liverpool,Ibrahima Konaté,11135,Right Center Back,5
Liverpool,Cody Mathès Gakpo,20750,Right Center Midfield,18
Liverpool,Dominik Szoboszlai,21209,Right Center Midfield,8
Liverpool,Ryan Gravenberch,23230,Left Center Midfield,38
Liverpool,Wataru Endo,23721,Left Defensive Midfield,3
Liverpool,Harvey Elliott,24938,,19
Liverpool,Luis Fernando Díaz Marulanda,27158,Left Wing,7
Liverpool,Alexis Mac Allister,27886,Center Defensive Midfield,10
Liverpool,Darwin Gabriel Núñez Ribeiro,32478,Center Forward,9
Liverpool,Curtis Jones,33231,,17
Liverpool,Caoimhin Kelleher,34959,Goalkeeper,62
Liverpool,Jarell Quansah,40908,,78
Liverpool,Ben Doak,188469,,50
Tottenham Hotspur,Heung-Min Son,3083,Center Forward,7
Tottenham Hotspur,Ben Davies,3086,Left Center Back,33
Tottenham Hotspur,Richarlison de Andrade,3280,Center Forward,9
Tottenham Hotspur,Giovani Lo Celso,3313,Left Defensive Midfield,18
Tottenham Hotspur,Pierre-Emile Højbjerg,3570,Right Defensive Midfield,5
Tottenham Hotspur,Fraser Forster,3970,,20
Tottenham Hotspur,Yves Bissouma,4385,Right Defensive Midfield,8
Tottenham Hotspur,Pedro Antonio Porro Sauceda,11292,Right Back,23
Tottenham Hotspur,Oliver Skipp,22145,Center Attacking Midfield,4
Tottenham Hotspur,Bryan Gil Salvatierra,22418,Left Wing,11
Tottenham Hotspur,Dejan Kulusevski,22818,Center Attacking Midfield,21
Tottenham Hotspur,Emerson Aparecido Leite de Souza Junior,23522,Right Center Back,12
Tottenham Hotspur,Brennan Johnson,29377,Right Wing,22
Tottenham Hotspur,Guglielmo Vicario,31225,Goalkeeper,13
Tottenham Hotspur,Brandon Austin,48123,,40
Tottenham Hotspur,Iyenoma Destiny Udogie,48461,Left Back,38
Tottenham Hotspur,Alejo Véliz,112971,,36
Tottenham Hotspur,Alfie Dorrington,133198,,65
Tottenham Hotspur,Jamie Donley,133202,Left Wing,63
Tottenham Hotspur,Yago de Santiago,133774,,58
Manchester City,Ederson Santana de Moraes,3067,Goalkeeper,31
Manchester City,Bernardo Mota Veiga de Carvalho e Silva,3193,Right Center Midfield,20
Manchester City,Kyle Walker,3205,Right Center Back,2
Manchester City,John Stones,3244,,5
Manchester City,Nathan Aké,3306,Left Center Back,6
Manchester City,Phil Foden,4354,Right Wing,47
Manchester City,Kalvin Phillips,4706,,4
Manchester City,Rúben Santos Gato Alves Dias,5206,Center Back,3
Manchester City,Mateo Kovačić,5456,Left Center Midfield,8
Manchester City,Manuel Obafemi Akanji,5549,Right Defensive Midfield,25
Manchester City,Rodrigo Hernández Cascante,6765,Left Defensive Midfield,16
Manchester City,Stefan Ortega Moreno,9194,,18
Manchester City,Jack Grealish,9638,Left Wing,10
Manchester City,Sergio Gómez Martín,22199,,21
Manchester City,Erling Håland,23616,Center Forward,9
Manchester City,Jeremy Doku,23650,Left Wing,11
Manchester City,Julián Álvarez,29560,Left Center Midfield,19
Manchester City,Joško Gvardiol,33018,Left Center Back,24
Manchester City,Rico Lewis,48705,Right Wing,82
Manchester City,Oscar Bobb,104825,,52
West Ham United,Aaron Cresswell,3062,,3
West Ham United,Łukasz Fabiański,3262,Goalkeeper,1
West Ham United,James Ward-Prowse,3328,Center Defensive Midfield,7
West Ham United,Kurt Happy Zouma,3456,Right Center Back,4
West Ham United,Daniel William John Ings,3654,,18
West Ham United,Angelo Obinze Ogbonna,3843,,21
West Ham United,Emerson Palmieri dos Santos,4355,Left Back,33
West Ham United,Konstantinos Mavropanos,4781,,15
West Ham United,Tomáš Souček,4870,Right Center Midfield,28
West Ham United,Edson Omar Álvarez Velázquez,5567,Left Center Midfield,19
West Ham United,Pablo Fornals Malla,6764,Right Wing,8
West Ham United,Mohamed Saïd Benrahma,7212,,22
West Ham United,Thilo Kehrer,8511,,24
West Ham United,Jarrod Bowen,9640,Right Wing,20
West Ham United,Nayef Aguerd,12149,Left Center Back,27
West Ham United,Vladimír Coufal,16570,Right Back,5
West Ham United,Mohammed Kudus,17033,Center Forward,14
West Ham United,Lucas Tolentino Coelho de Lima,22600,Left Wing,10
West Ham United,Joseph Anang,44682,,49
West Ham United,Divin Mubama,141121,,45
Tottenham Hotspur,Heung-Min Son,3083,Center Forward,7
Tottenham Hotspur,Ben Davies,3086,Left Center Back,33
Tottenham Hotspur,Richarlison de Andrade,3280,Right Defensive Midfield,9
Tottenham Hotspur,Giovani Lo Celso,3313,Center Attacking Midfield,18
Tottenham Hotspur,Pierre-Emile Højbjerg,3570,Right Defensive Midfield,5
Tottenham Hotspur,Fraser Forster,3970,,20
Tottenham Hotspur,Yves Bissouma,4385,Left Defensive Midfield,8
Tottenham Hotspur,Pedro Antonio Porro Sauceda,11292,Right Back,23
Tottenham Hotspur,Cristian Gabriel Romero,20572,Right Center Back,17
Tottenham Hotspur,Oliver Skipp,22145,Center Attacking Midfield,4
Tottenham Hotspur,Bryan Gil Salvatierra,22418,Left Midfield,11
Tottenham Hotspur,Dejan Kulusevski,22818,Right Wing,21
Tottenham Hotspur,Emerson Aparecido Leite de Souza Junior,23522,,12
Tottenham Hotspur,Brennan Johnson,29377,Left Wing,22
Tottenham Hotspur,Guglielmo Vicario,31225,Goalkeeper,13
Tottenham Hotspur,Iyenoma Destiny Udogie,48461,Left Back,38
Tottenham Hotspur,Pape Matar Sarr,50498,Left Defensive Midfield,29
Tottenham Hotspur,Alejo Véliz,112971,Left Center Forward,36
Tottenham Hotspur,Alfie Dorrington,133198,,65
Tottenham Hotspur,Jamie Donley,133202,,63
AFC Bournemouth,Philip Billing,3331,Center Attacking Midfield,29
AFC Bournemouth,Dominic Solanke,3614,Center Forward,9
AFC Bournemouth,Lewis Cook,3615,Right Defensive Midfield,4
AFC Bournemouth,Kieffer Roberto Francisco Moore,3853,Center Forward,21
AFC Bournemouth,Marcus Tavernier,4111,Right Wing,16
AFC Bournemouth,Joe Rothwell,4143,,8
AFC Bournemouth,David Brooks,4567,,7
AFC Bournemouth,Chris Mepham,4767,,6
AFC Bournemouth,Adam Smith,6409,Right Back,15
AFC Bournemouth,Norberto Murara Neto,6590,Goalkeeper,1
AFC Bournemouth,Justin Kluivert,8063,Center Attacking Midfield,19
AFC Bournemouth,Antoine Semenyo,9286,Right Wing,24
AFC Bournemouth,Ryan Christie,12510,Left Defensive Midfield,10
AFC Bournemouth,Luis Fernando Sinisterra Lucumí,16184,Left Wing,17
AFC Bournemouth,Mark Travers,24937,,42
AFC Bournemouth,Marcos Senesi,27773,Left Center Back,25
AFC Bournemouth,Illia Zabarnyi,39136,Right Center Back,27
AFC Bournemouth,Gavin Kilkenny,44845,,26
AFC Bournemouth,Milos Kerkez,89635,Left Back,3
AFC Bournemouth,Dango Aboubacar Faissal Ouattara,95042,Right Wing,11
Crystal Palace,James Tomkins,3316,,5
Crystal Palace,Joel Ward,3443,Right Back,2
Crystal Palace,Jordan Ayew,3450,Left Wing,9
Crystal Palace,Jeffrey Schlupp,3520,Center Attacking Midfield,15
Crystal Palace,Jaïro Riedewald,3591,,44
Crystal Palace,Remi Matthews,4059,,31
Crystal Palace,Will Hughes,4588,Center Attacking Midfield,19
Crystal Palace,Nathaniel Edwin Clyne,4590,Left Back,17
Crystal Palace,Jefferson Andrés Lerma Solís,5678,Left Defensive Midfield,8
Crystal Palace,Jean-Philippe Mateta,7403,Left Defensive Midfield,14
Crystal Palace,Joachim Andersen,8247,Right Center Back,16
Crystal Palace,Sam Johnstone,9458,Goalkeeper,1
Crystal Palace,Odsonne Édouard,10544,Center Forward,22
Crystal Palace,Michael Olise,24215,Right Wing,7
Crystal Palace,Marc Guehi,34526,Left Center Back,6
Crystal Palace,Naouirou Ahamada,39413,Right Back,29
Crystal Palace,Chris Richards,41266,Right Defensive Midfield,26
Crystal Palace,Tyrick Mitchell,41437,Left Back,3
Crystal Palace,Matheus França de Oliveira,114491,,11
Crystal Palace,Malcolm Ebiowei,141397,,23
Burnley,Nathan Redmond,3286,Left Center Back,15
Burnley,Charles James Taylor,3627,Left Back,3
Burnley,Jay Rodriguez,3685,Right Center Forward,9
Burnley,Johann Berg Guðmunds­son,3720,Right Midfield,7
Burnley,Jacob Bruun Larsen,8961,Right Midfield,34
Burnley,Joshua Brownhill,9607,Left Defensive Midfield,8
Burnley,Arijanet Murić,16234,,49
Burnley,Sander Berge,16553,Right Defensive Midfield,16
Burnley,Dara Joseph O'Shea,18753,Right Center Back,2
Burnley,Mike Trésor Ndayishimiye,21889,Left Midfield,31
Burnley,Hannes Delcroix,22219,,44
Burnley,Victor Alexander da Silva,24016,Right Back,22
Burnley,Hjalmar Ekdal,41208,Left Center Back,18
Burnley,James Trafford,42298,Goalkeeper,1
Burnley,Mohamed Zeki Amdouni,48335,Left Center Forward,25
Burnley,Aaron Ramsey,122567,,21
Burnley,Anass Zaroury,131037,,19
Burnley,Ameen Al Dakhil,131049,,28
Burnley,Wilson Odobert,151924,Right Defensive Midfield,47
Burnley,Luca Koleosho,256682,Left Midfield,30
Wolverhampton Wanderers,Craig Dawson,3523,Center Back,15
Wolverhampton Wanderers,Mario Lemina,3951,Right Defensive Midfield,5
Wolverhampton Wanderers,Daniel Bentley,4773,Goalkeeper,25
Wolverhampton Wanderers,Hee-Chan Hwang,5620,Right Wing,11
Wolverhampton Wanderers,Nélson Cabral Semedo,6374,Right Wing Back,22
Wolverhampton Wanderers,Pablo Sarabia García,6720,Left Wing,21
Wolverhampton Wanderers,Matt Doherty,9925,Left Wing Back,2
Wolverhampton Wanderers,Thomas King,10020,,40
Wolverhampton Wanderers,Matheus Santos Carneiro da Cunha,12425,Center Forward,12
Wolverhampton Wanderers,Sasa Kalajdzic,18762,,18
Wolverhampton Wanderers,Jean-Ricner Bellegarde,19718,Right Wing,27
Wolverhampton Wanderers,Maximilian William Kilman,24940,Right Center Back,23
Wolverhampton Wanderers,Fábio Daniel Soares Silva,30088,,9
Wolverhampton Wanderers,Thomas Doyle,34789,,20
Wolverhampton Wanderers,Santiago Ignacio Bueno Sciutto,41138,,4
Wolverhampton Wanderers,João Victor Gomes da Silva,48720,Left Defensive Midfield,8
Wolverhampton Wanderers,Tote António Gomes,48941,Left Center Back,24
Wolverhampton Wanderers,Boubacar Traore,58878,Left Wing,6
Wolverhampton Wanderers,Hugo Bueno,82220,Left Wing Back,17
Wolverhampton Wanderers,Tawanda Chirewa,142702,,62
Manchester City,Ederson Santana de Moraes,3067,Goalkeeper,31
Manchester City,Bernardo Mota Veiga de Carvalho e Silva,3193,Right Wing Back,20
Manchester City,Kyle Walker,3205,Right Center Back,2
Manchester City,John Stones,3244,Right Defensive Midfield,5
Manchester City,Nathan Aké,3306,,6
Manchester City,Phil Foden,4354,Left Wing Back,47
Manchester City,Kalvin Phillips,4706,,4
Manchester City,Scott Carson,4815,,33
Manchester City,Rúben Santos Gato Alves Dias,5206,Center Back,3
Manchester City,Mateo Kovačić,5456,Left Attacking Midfield,8
Manchester City,Manuel Obafemi Akanji,5549,Left Defensive Midfield,25
Manchester City,Stefan Ortega Moreno,9194,,18
Manchester City,Sergio Gómez Martín,22199,,21
Manchester City,Erling Håland,23616,Center Forward,9
Manchester City,Julián Álvarez,29560,Left Attacking Midfield,19
Manchester City,Joško Gvardiol,33018,Left Center Back,24
Manchester City,Matheus Luiz Nunes,40874,Right Attacking Midfield,27
Manchester City,Rico Lewis,48705,Right Attacking Midfield,82
Manchester City,Oscar Bobb,104825,Left Wing Back,52
Aston Villa,Youri Tielemans,2954,Center Attacking Midfield,8
Aston Villa,Diego Carlos Santos Silva,3366,Right Center Back,3
Aston Villa,Ezri Konsa Ngoyo,3822,Right Back,4
Aston Villa,Boubacar Kamara,4433,Right Defensive Midfield,44
Aston Villa,Matty Cash,4734,,2
Aston Villa,Ollie Watkins,4760,Center Forward,11
Aston Villa,Leander Dendoncker,6331,,32
Aston Villa,Douglas Luiz Soares de Paulo,6574,Left Defensive Midfield,6
Aston Villa,Clément Lenglet,6826,,17
Aston Villa,Lucas Digne,6849,Left Back,12
Aston Villa,Pau Francisco Torres,6892,Left Center Back,14
Aston Villa,Damián Emiliano Martínez,6909,Goalkeeper,1
Aston Villa,Leon Bailey Butler,8214,Right Midfield,31
Aston Villa,Moussa Diaby,8292,Right Midfield,19
Aston Villa,John McGinn,9974,Left Midfield,7
Aston Villa,Alejandro Moreno Lopera,11538,Left Back,15
Aston Villa,Nicolò Zaniolo,16062,,22
Aston Villa,Jacob Ramsey,23500,Center Attacking Midfield,41
Aston Villa,Jhon Jáder Durán Palacio,30976,Center Forward,24
Aston Villa,Filip Marschall,122566,,42
Brentford,Mathias Jørgensen Jatta,3027,,13
Brentford,Ben Mee,3663,Left Center Back,16
Brentford,Charlie Goode,3825,,4
Brentford,Ethan Pinnock,4610,Right Center Back,5
Brentford,Neal Maupay,4766,Left Center Forward,7
Brentford,Bryan Mbeumo,4935,Right Center Forward,19
Brentford,Saman Ghoddos,5240,Left Back,14
Brentford,Yoane Wissa,7294,Right Center Forward,11
Brentford,Thomas Strakosha,7789,,21
Brentford,Shandon Baptiste,11403,Left Midfield,26
Brentford,Vitaly Janelt,12074,Left Defensive Midfield,27
Brentford,Mads Roerslev,24440,Right Back,30
Brentford,Mikkel Damsgaard,24443,Right Defensive Midfield,24
Brentford,Frank Onyeka,24467,Right Midfield,15
Brentford,Mark Flekken,25000,Goalkeeper,1
Brentford,Keane Lewis-Potter,32928,Left Midfield,23
Brentford,Myles Peart-Harris,39497,Right Midfield,25
Brentford,Ehor Yarmolyuk,45803,Right Defensive Midfield,33
Brentford,Valintino Adedokun,49388,,42
Brentford,Michael Olakigbe,133178,,37
Brighton & Hove Albion,Pascal Groß,3097,Left Back,13
Brighton & Hove Albion,James Philip Milner,3473,Center Attacking Midfield,6
Brighton & Hove Albion,Joël Veltman,8067,Right Back,34
Brighton & Hove Albion,Igor Julio dos Santos de Paulo,9741,Left Center Back,3
Brighton & Hove Albion,João Pedro Junqueira de Jesus,25299,Center Forward,9
Brighton & Hove Albion,Jakub Moder,29480,Right Defensive Midfield,15
Brighton & Hove Albion,Jan Paul van Hecke,30691,Right Center Back,29
Brighton & Hove Albion,Billy Gilmour,31067,Left Defensive Midfield,11
Brighton & Hove Albion,Kaoru Mitoma,37211,Left Wing,22
Brighton & Hove Albion,Bart Verbruggen,37274,,1
Brighton & Hove Albion,Jason Steele,47553,Goalkeeper,23
Brighton & Hove Albion,Evan Ferguson,51156,Center Forward,28
Brighton & Hove Albion,Simon Adingra,105392,Right Wing,24
Brighton & Hove Albion,Luca Barrington,134102,,53
Brighton & Hove Albion,Benicio Baker-Boaitey,137622,Right Wing,47
Brighton & Hove Albion,Jack Hinshelwood,155312,Right Back,41
Brighton & Hove Albion,Leigh Robert Kavanagh,155313,,52
Brighton & Hove Albion,Facundo Valentín Buonanotte,196954,Center Attacking Midfield,40
Brighton & Hove Albion,Carlos Baleba,226169,Right Defensive Midfield,20
Brighton & Hove Albion,Mark O’Mahony,374448,,55
Newcastle United,Matt Ritchie,3049,Right Center Midfield,11
Newcastle United,Paul Dummett,3065,,3
Newcastle United,Jamaal Lascelles,3081,Right Center Back,6
Newcastle United,Mark Gillespie,3212,,29
Newcastle United,Kieran Trippier,3308,Right Back,2
Newcastle United,Loris Karius,3630,,18
Newcastle United,Martin Dúbravka,3711,Goalkeeper,1
Newcastle United,Fabian Lukas Schär,5537,Left Center Back,5
Newcastle United,Emil Krafth,6358,Right Center Back,17
Newcastle United,Alexander Isak,8819,Center Forward,14
Newcastle United,Miguel Ángel Almirón Rejala,12603,Right Wing,24
Newcastle United,Joelinton Cassio Apolinário de Lira,13291,Left Center Midfield,7
Newcastle United,Bruno Guimarães Rodriguez Moura,25142,Center Defensive Midfield,39
Newcastle United,Anthony Gordon,28104,Left Wing,10
Newcastle United,Valentino Livramento,39241,Left Back,21
Newcastle United,Amadou Diallo,110771,,49
Newcastle United,Lewis Miley,134048,Right Center Midfield,67
Newcastle United,Ben Parkinson,134050,,63
Newcastle United,Lewis Hall,134092,,20
Newcastle United,Alex Murphy,406072,,54
Everton,Abdoulaye Doucouré,3292,Right Defensive Midfield,16
Everton,Idrissa Gana Gueye,3436,Left Defensive Midfield,27
Everton,Michael Keane,3438,,5
Everton,Jordan Pickford,3468,Goalkeeper,1
Everton,Dominic Calvert-Lewin,3470,Center Forward,9
Everton,Ashley Young,3612,Right Midfield,18
Everton,James Tarkowski,3628,Right Center Back,6
Everton,Ben Godfrey,4076,,22
Everton,Séamus Coleman,4589,Right Back,23
Everton,Dwight McNeil,5111,Left Midfield,7
Everton,Jack Harrison,9616,Center Attacking Midfield,11
Everton,Arnaut Danjuma Groeneveld,16284,,10
Everton,Vitalii Mykolenko,20827,Left Back,19
Everton,João Manuel Neves Virginia,29378,,12
Everton,Norberto Bercique Gomes Betuncal,30006,Center Forward,14
Everton,Jarrad Branthwaite,32762,Left Center Back,32
Everton,Nathan Patterson,37338,Right Back,2
Everton,Mackenzie Hunt,49671,,58
Everton,Lewis Norman Dobbin,50505,,61
Everton,Youssef Ramalho Chermiti,149581,,28
Nottingham Forest,Ibrahim Sangaré,3017,Left Defensive Midfield,6
Nottingham Forest,Moussa Niakhate,3198,Right Center Back,19
Nottingham Forest,Chris Wood,3505,Center Forward,11
Nottingham Forest,Cheikhou Kouyaté,3684,,8
Nottingham Forest,Ryan Yates,4239,Right Defensive Midfield,22
Nottingham Forest,Callum Hudson-Odoi,4274,Right Wing,14
Nottingham Forest,Divock Okoth Origi,4747,Center Forward,27
Nottingham Forest,Harry Toffolo,6555,Left Back,15
Nottingham Forest,Orel Mangala,8950,Right Defensive Midfield,5
Nottingham Forest,Morgan Gibbs-White,9934,Center Attacking Midfield,10
Nottingham Forest,Odisseas Vlachodimos,10332,Goalkeeper,23
Nottingham Forest,Felipe Augusto de Almeida Monteiro,11167,Right Center Back,18
Nottingham Forest,Temitayo Olufisayo Olaoluwa Aina,11492,Right Back,43
Nottingham Forest,Matthew Charles Turner,12352,,1
Nottingham Forest,Nicolás Martín Domínguez,28672,Center Attacking Midfield,16
Nottingham Forest,Neco Williams,34794,,7
Nottingham Forest,Danilo dos Santos de Oliveira,46451,Right Wing,28
Nottingham Forest,Anthony Elanga,50991,Left Wing,21
Nottingham Forest,Andrew Omobamidele,58467,,32
Nottingham Forest,Murillo Santiago Costa dos Santos,271487,Left Center Back,40
Fulham,Willian Borges da Silva,3472,Left Wing,20
Fulham,Alex Iwobi,3647,Right Wing,22
Fulham,Fodé Ballo Touré,3675,Left Back,12
Fulham,Kenny Tete,3798,,2
Fulham,Marek Rodák,4152,,1
Fulham,Antonee Robinson,4614,Left Back,33
Fulham,Raúl Alonso Jiménez Rodríguez,5568,Center Forward,7
Fulham,Saša Lukić,6687,Right Defensive Midfield,28
Fulham,Andreas Hoelgebaum Pereira,6846,Center Attacking Midfield,18
Fulham,Timothy Castagne,6989,Right Back,21
Fulham,Harry Wilson,9540,Left Wing,8
Fulham,Oluwatosin Adarabioyo,9650,Right Center Back,4
Fulham,Bobby Armani De Cordova-Reid,9923,Left Wing,14
Fulham,Tom Cairney,10284,Left Defensive Midfield,10
Fulham,Harrison Reed,11936,,6
Fulham,João Maria Lobo Alves Palhinha Gonçalves,12169,Right Defensive Midfield,26
Fulham,Carlos Vinícius Alves Morais,13639,Center Forward,30
Fulham,Bernd Leno,15581,Goalkeeper,17
Fulham,Tim Ream,18242,,13
Fulham,Calvin Bassey Ughelumba,43779,Left Center Back,3
Arsenal,Gabriel Fernando de Jesus,3202,Center Forward,9
Arsenal,Cédric Ricardo Alves Soares,3329,,17
Arsenal,Mohamed Naser Elsayed Elneny,3568,,25
Arsenal,Reiss Nelson,3571,,24
Arsenal,Oleksandr Zinchenko,3575,Left Back,35
Arsenal,Edward Nketiah,3737,,14
Arsenal,Declan Rice,3943,Center Defensive Midfield,41
Arsenal,David Raya Martin,4127,Goalkeeper,22
Arsenal,Gabriel dos Santos Magalhães,6406,Left Center Back,6
Arsenal,Jorge Luiz Frello Filho,7024,,20
Arsenal,Martin Ødegaard,8252,Right Center Midfield,8
Arsenal,Kai Havertz,8966,Left Center Midfield,29
Arsenal,Leandro Trossard,16559,Left Wing,19
Arsenal,William Saliba,17592,Right Center Back,2
Arsenal,Bukayo Saka,22084,Right Wing,7
Arsenal,Aaron Ramsdale,22783,,1
Arsenal,Ben White,22809,Right Back,4
Arsenal,Gabriel Teodoro Martinelli Silva,29976,Left Wing,11
Arsenal,Jakub Piotr Kiwior,44166,Left Back,15
Arsenal,Reuell Walters,207078,,76
Luton Town,Andros Townsend,3297,Right Attacking Midfield,30
Luton Town,Amari'i Bell,4128,Left Center Back,29
Luton Town,Carlton Morris,4220,Center Forward,9
Luton Town,Ross Barkley,4275,Left Defensive Midfield,6
Luton Town,Jordan Clark,9442,Right Defensive Midfield,18
Luton Town,Timothy Michael Krul,9467,,23
Luton Town,Pelly Ruddock Mpanzu,9674,Right Defensive Midfield,17
Luton Town,Elijah Adebayo,9827,Center Forward,11
Luton Town,Jacob Brown,12197,Left Attacking Midfield,19
Luton Town,Chiedozie Ogbene,13306,Right Attacking Midfield,7
Luton Town,Luke Berry,22175,,8
Luton Town,Gabriel Osho,22347,Center Back,2
Luton Town,Tahith Chong,23636,Left Attacking Midfield,14
Luton Town,Thomas Kaminski,23741,Goalkeeper,24
Luton Town,Ryan Giles,29397,Left Wing Back,26
Luton Town,Alfie Doughty,33074,Left Wing Back,45
Luton Town,Issa Kabore,35471,Right Wing Back,12
Luton Town,Teden Mengi,43604,Right Center Back,15
Luton Town,Zack Nelson,332827,,43
Luton Town,Joseph Nathan Johnson,393324,,38
Liverpool,Joe Gomez,3495,Left Back,2
Liverpool,Mohamed Salah,3531,Right Wing,11
Liverpool,Adrián San Miguel del Castillo,3623,,13
Liverpool,Trent Alexander-Arnold,3664,Right Back,66
Liverpool,Virgil van Dijk,3669,Left Center Back,4
Liverpool,Konstantinos Tsimikas,8489,,21
Liverpool,Ibrahima Konaté,11135,Right Center Back,5
Liverpool,Cody Mathès Gakpo,20750,Center Forward,18
Liverpool,Dominik Szoboszlai,21209,Right Center Midfield,8
Liverpool,Ryan Gravenberch,23230,Right Center Midfield,38
Liverpool,Wataru Endo,23721,Center Defensive Midfield,3
Liverpool,Harvey Elliott,24938,Right Wing,19
Liverpool,Luis Fernando Díaz Marulanda,27158,Left Wing,7
Liverpool,Alexis Mac Allister,27886,Left Center Midfield,10
Liverpool,Darwin Gabriel Núñez Ribeiro,32478,Left Wing,9
Liverpool,Curtis Jones,33231,Left Center Midfield,17
Liverpool,Caoimhin Kelleher,34959,Goalkeeper,62
Liverpool,Conor Bradley,40209,,84
Liverpool,Jarell Quansah,40908,,78
Liverpool,Marcelo de Araújo Pitaluga Filho,41723,,45
Sheffield United,Max Lowe,4226,Left Back,3
Sheffield United,John Fleck,4563,Left Wing Back,4
Sheffield United,Adam Davies,4584,,1
Sheffield United,Jack Robinson,10485,Center Back,19
Sheffield United,Oliver James Norwood,11013,Right Defensive Midfield,16
Sheffield United,Jayden Bogle,11896,Right Wing Back,20
Sheffield United,Auston Trusty,12359,Left Center Back,5
Sheffield United,Gustavo Hamer,15304,Right Defensive Midfield,8
Sheffield United,Wesley Foderingham,21018,Goalkeeper,18
Sheffield United,Anel Ahmedhodžić,27652,Right Center Back,15
Sheffield United,Vinicius de Souza Costa,32587,Left Defensive Midfield,21
Sheffield United,Yasser Larouci,34793,,27
Sheffield United,Anis Ben Slimane,35592,,25
Sheffield United,Luke Thomas,42747,,14
Sheffield United,James McAtee,49667,Right Attacking Midfield,28
Sheffield United,Cameron Archer,50563,Left Attacking Midfield,10
Sheffield United,Bénie Adama Traoré,107581,Center Forward,11
Sheffield United,Femi Seriki,119821,,38
Sheffield United,William Idamudia Daugaard Osula,121254,Center Forward,32
Sheffield United,Andre Brooks,153124,Left Wing Back,35
Chelsea,Raheem Sterling,3233,Right Wing,7
Chelsea,Thiago Emiliano da Silva,3295,Left Center Back,6
Chelsea,Axel Disasi,7439,Right Center Back,2
Chelsea,Reece James,9550,Right Back,24
Chelsea,Robert Lynch Sanchez,9843,Goalkeeper,1
Chelsea,Marc Cucurella Saseta,17620,Right Back,3
Chelsea,Benoît Badiashile Mukinayi,21368,,5
Chelsea,Đorđe Petrović,32565,,28
Chelsea,Armando Broja,36885,Left Wing,19
Chelsea,Moisés Isaac Caicedo Corozo,37726,Right Defensive Midfield,25
Chelsea,Enzo Fernandez,38718,Left Defensive Midfield,8
Chelsea,Levi Colwill,38992,Left Back,26
Chelsea,Ian Maatsen,39092,,29
Chelsea,Cole Palmer,39461,Center Attacking Midfield,20
Chelsea,Mykhailo Mudryk,39483,Left Wing,10
Chelsea,Nicolas Jackson,50497,Center Forward,15
Chelsea,Alfie Gilchrist,109640,,42
Chelsea,Leo Castledine,134090,,54
Chelsea,Alex Matos,235092,,52
Chelsea,Deivid Washington de Souza Eugênio,271873,,36
Manchester United,Marcus Rashford,3318,Center Forward,10
Manchester United,Harry Maguire,3336,Right Center Back,5
Manchester United,Luke Shaw,3382,Left Back,23
Manchester United,Scott McTominay,3620,Right Defensive Midfield,39
Manchester United,Aaron Wan-Bissaka,3690,,29
Manchester United,Victor Nilsson Lindelöf,3702,Left Center Back,2
Manchester United,Bruno Miguel Borges Fernandes,5204,Center Attacking Midfield,8
Manchester United,Sofyan Amrabat,5234,Left Defensive Midfield,4
Manchester United,Donny van de Beek,8062,,34
Manchester United,André Onana,8064,Goalkeeper,24
Manchester United,Jonathan Grant Evans,11012,Left Center Back,35
Manchester United,José Diogo Dalot Teixeira,16028,Right Back,20
Manchester United,Sergio Reguilón Rodríguez,18620,Left Back,15
Manchester United,Anthony Martial,20039,,9
Manchester United,Antony Matheus dos Santos,25363,Right Wing,21
Manchester United,Altay Bayındır,30442,,1
Manchester United,Facundo Pellistri Rebollo,36288,,28
Manchester United,Rasmus Winther Højlund,51672,Center Forward,11
Manchester United,Alejandro Garnacho Ferreyra,52129,Left Wing,17
Manchester United,Kobbie Mainoo,99174,,37
Brentford,Mathias Jørgensen Jatta,3027,,13
Brentford,Ben Mee,3663,Left Center Back,16
Brentford,Charlie Goode,3825,,4
Brentford,Ethan Pinnock,4610,Right Center Back,5
Brentford,Neal Maupay,4766,Center Forward,7
Brentford,Saman Ghoddos,5240,Right Back,14
Brentford,Christian Nørgaard,7097,Center Defensive Midfield,6
Brentford,Yoane Wissa,7294,Left Wing,11
Brentford,Thomas Strakosha,7789,,21
Brentford,Shandon Baptiste,11403,Left Center Midfield,26
Brentford,Vitaly Janelt,12074,Left Back,27
Brentford,Mads Roerslev,24440,,30
Brentford,Mikkel Damsgaard,24443,Left Center Midfield,24
Brentford,Frank Onyeka,24467,Right Center Midfield,15
Brentford,Mark Flekken,25000,Goalkeeper,1
Brentford,Keane Lewis-Potter,32928,Right Wing,23
Brentford,Myles Peart-Harris,39497,,25
Brentford,Ehor Yarmolyuk,45803,Right Center Midfield,33
Brentford,Valintino Adedokun,49388,,42
Brentford,Michael Olakigbe,133178,Right Wing,37
Sheffield United,Max Lowe,4226,Left Center Midfield,3
Sheffield United,Adam Davies,4584,,1
Sheffield United,Jack Robinson,10485,Left Center Back,19
Sheffield United,Jayden Bogle,11896,Right Back,20
Sheffield United,Auston Trusty,12359,Left Back,5
Sheffield United,Gustavo Hamer,15304,Right Center Midfield,8
Sheffield United,Wesley Foderingham,21018,Goalkeeper,18
Sheffield United,Anel Ahmedhodžić,27652,Right Center Back,15
Sheffield United,Vinicius de Souza Costa,32587,Center Defensive Midfield,21
Sheffield United,Yasser Larouci,34793,,27
Sheffield United,Anis Ben Slimane,35592,Center Forward,25
Sheffield United,Luke Thomas,42747,,14
Sheffield United,James McAtee,49667,Right Midfield,28
Sheffield United,Cameron Archer,50563,Left Midfield,10
Sheffield United,Bénie Adama Traoré,107581,,11
Sheffield United,Femi Seriki,119821,,38
Sheffield United,William Idamudia Daugaard Osula,121254,Center Forward,32
Sheffield United,Sydie Peck,140747,Center Attacking Midfield,42
Sheffield United,Andre Brooks,153124,Left Center Midfield,35
Sheffield United,Ryan One,282924,,26
Arsenal,Gabriel Fernando de Jesus,3202,Center Forward,9
Arsenal,Cédric Ricardo Alves Soares,3329,,17
Arsenal,Mohamed Naser Elsayed Elneny,3568,,25
Arsenal,Reiss Nelson,3571,Left Wing Back,24
Arsenal,Oleksandr Zinchenko,3575,Left Back,35
Arsenal,Edward Nketiah,3737,Center Forward,14
Arsenal,Declan Rice,3943,Center Defensive Midfield,41
Arsenal,David Raya Martin,4127,Goalkeeper,22
Arsenal,Gabriel dos Santos Magalhães,6406,Left Center Back,6
Arsenal,Jorge Luiz Frello Filho,7024,,20
Arsenal,Martin Ødegaard,8252,Right Center Midfield,8
Arsenal,Kai Havertz,8966,Left Center Midfield,29
Arsenal,Leandro Trossard,16559,Left Wing,19
Arsenal,William Saliba,17592,Right Center Back,2
Arsenal,Bukayo Saka,22084,Right Wing,7
Arsenal,Aaron Ramsdale,22783,,1
Arsenal,Ben White,22809,Right Back,4
Arsenal,Gabriel Teodoro Martinelli Silva,29976,Left Wing,11
Arsenal,Jakub Piotr Kiwior,44166,,15
Arsenal,Reuell Walters,207078,,76
Aston Villa,Youri Tielemans,2954,Center Attacking Midfield,8
Aston Villa,Diego Carlos Santos Silva,3366,Right Center Back,3
Aston Villa,Ezri Konsa Ngoyo,3822,Right Back,4
Aston Villa,Boubacar Kamara,4433,Right Defensive Midfield,44
Aston Villa,Matty Cash,4734,Right Back,2
Aston Villa,Ollie Watkins,4760,Center Forward,11
Aston Villa,Leander Dendoncker,6331,Right Defensive Midfield,32
Aston Villa,Douglas Luiz Soares de Paulo,6574,Left Defensive Midfield,6
Aston Villa,Clément Lenglet,6826,,17
Aston Villa,Lucas Digne,6849,Left Back,12
Aston Villa,Pau Francisco Torres,6892,Left Center Back,14
Aston Villa,Damián Emiliano Martínez,6909,Goalkeeper,1
Aston Villa,Leon Bailey Butler,8214,Right Midfield,31
Aston Villa,Moussa Diaby,8292,Center Attacking Midfield,19
Aston Villa,John McGinn,9974,Left Midfield,7
Aston Villa,Alejandro Moreno Lopera,11538,Left Back,15
Aston Villa,Nicolò Zaniolo,16062,,22
Aston Villa,Jacob Ramsey,23500,Left Midfield,41
Aston Villa,Jhon Jáder Durán Palacio,30976,,24
Aston Villa,Filip Marschall,122566,,42
Burnley,Nathan Redmond,3286,Right Center Forward,15
Burnley,Charles James Taylor,3627,Left Back,3
Burnley,Jay Rodriguez,3685,Right Center Forward,9
Burnley,Johann Berg Guðmunds­son,3720,Right Midfield,7
Burnley,Connor Roberts,4774,Right Midfield,14
Burnley,Jacob Bruun Larsen,8961,,34
Burnley,Joshua Brownhill,9607,Left Defensive Midfield,8
Burnley,Louis Jordan Beyer,12322,Left Center Back,5
Burnley,Arijanet Murić,16234,,49
Burnley,Sander Berge,16553,Right Defensive Midfield,16
Burnley,Dara Joseph O'Shea,18753,Right Center Back,2
Burnley,Han-Noah Massengo,21199,,42
Burnley,Mike Trésor Ndayishimiye,21889,Left Midfield,31
Burnley,Victor Alexander da Silva,24016,Right Back,22
Burnley,Hjalmar Ekdal,41208,Center Back,18
Burnley,James Trafford,42298,Goalkeeper,1
Burnley,Mohamed Zeki Amdouni,48335,Left Center Forward,25
Burnley,Aaron Ramsey,122567,Right Midfield,21
Burnley,Anass Zaroury,131037,,19
Burnley,Wilson Odobert,151924,Left Midfield,47
Brighton & Hove Albion,Lewis Dunk,3088,Left Center Back,5
Brighton & Hove Albion,Pascal Groß,3097,Right Back,13
Brighton & Hove Albion,James Philip Milner,3473,Left Back,6
Brighton & Hove Albion,Adam David Lallana,4090,Center Attacking Midfield,14
Brighton & Hove Albion,Mahmoud Dahoud,8238,Left Defensive Midfield,8
Brighton & Hove Albion,Igor Julio dos Santos de Paulo,9741,Right Defensive Midfield,3
Brighton & Hove Albion,João Pedro Junqueira de Jesus,25299,Left Wing,9
Brighton & Hove Albion,Jakub Moder,29480,,15
Brighton & Hove Albion,Jan Paul van Hecke,30691,Right Center Back,29
Brighton & Hove Albion,Billy Gilmour,31067,Left Defensive Midfield,11
Brighton & Hove Albion,Kaoru Mitoma,37211,Left Wing,22
Brighton & Hove Albion,Bart Verbruggen,37274,Goalkeeper,1
Brighton & Hove Albion,Jason Steele,47553,,23
Brighton & Hove Albion,Evan Ferguson,51156,Center Forward,28
Brighton & Hove Albion,Simon Adingra,105392,Right Wing,24
Brighton & Hove Albion,Benicio Baker-Boaitey,137622,,47
Brighton & Hove Albion,Jack Hinshelwood,155312,Right Back,41
Brighton & Hove Albion,Facundo Valentín Buonanotte,196954,Left Center Back,40
Brighton & Hove Albion,Carlos Baleba,226169,Right Defensive Midfield,20
Brighton & Hove Albion,Mark O’Mahony,374448,,55
Liverpool,Joe Gomez,3495,Right Back,2
Liverpool,Mohamed Salah,3531,Right Wing,11
Liverpool,Trent Alexander-Arnold,3664,Right Back,66
Liverpool,Virgil van Dijk,3669,Left Center Back,4
Liverpool,Alisson Ramsés Becker,5547,Goalkeeper,1
Liverpool,Konstantinos Tsimikas,8489,Left Back,21
Liverpool,Ibrahima Konaté,11135,Right Center Back,5
Liverpool,Cody Mathès Gakpo,20750,Left Center Midfield,18
Liverpool,Dominik Szoboszlai,21209,Right Center Midfield,8
Liverpool,Ryan Gravenberch,23230,Left Center Midfield,38
Liverpool,Wataru Endo,23721,Center Defensive Midfield,3
Liverpool,Harvey Elliott,24938,Center Forward,19
Liverpool,Luis Fernando Díaz Marulanda,27158,Left Wing,7
Liverpool,Darwin Gabriel Núñez Ribeiro,32478,Center Forward,9
Liverpool,Curtis Jones,33231,Left Center Midfield,17
Liverpool,Caoimhin Kelleher,34959,,62
Liverpool,Conor Bradley,40209,,84
Liverpool,Jarell Quansah,40908,Right Center Back,78
Liverpool,James McConnell,133356,,53
Liverpool,Ben Doak,188469,,50
Crystal Palace,James Tomkins,3316,,5
Crystal Palace,Joel Ward,3443,Right Back,2
Crystal Palace,Jordan Ayew,3450,Right Wing,9
Crystal Palace,Jeffrey Schlupp,3520,Left Wing,15
Crystal Palace,Jaïro Riedewald,3591,,44
Crystal Palace,Remi Matthews,4059,Goalkeeper,31
Crystal Palace,Will Hughes,4588,Right Center Midfield,19
Crystal Palace,Nathaniel Edwin Clyne,4590,Left Back,17
Crystal Palace,Jefferson Andrés Lerma Solís,5678,Left Center Midfield,8
Crystal Palace,Jean-Philippe Mateta,7403,Center Forward,14
Crystal Palace,Joachim Andersen,8247,Right Center Back,16
Crystal Palace,Sam Johnstone,9458,Goalkeeper,1
Crystal Palace,Odsonne Édouard,10544,Center Forward,22
Crystal Palace,Michael Olise,24215,Right Wing,7
Crystal Palace,Marc Guehi,34526,Left Center Back,6
Crystal Palace,Naouirou Ahamada,39413,Left Midfield,29
Crystal Palace,Chris Richards,41266,Center Defensive Midfield,26
Crystal Palace,Matheus França de Oliveira,114491,,11
Crystal Palace,David Ozoh,138813,Right Defensive Midfield,52
Crystal Palace,Malcolm Ebiowei,141397,,23
Chelsea,Raheem Sterling,3233,Center Attacking Midfield,7
Chelsea,Thiago Emiliano da Silva,3295,,6
Chelsea,Axel Disasi,7439,Right Center Back,2
Chelsea,Reece James,9550,Right Back,24
Chelsea,Robert Lynch Sanchez,9843,Goalkeeper,1
Chelsea,Marc Cucurella Saseta,17620,Left Back,3
Chelsea,Benoît Badiashile Mukinayi,21368,Left Center Back,5
Chelsea,Conor Gallagher,29399,Right Defensive Midfield,23
Chelsea,Đorđe Petrović,32565,Goalkeeper,28
Chelsea,Armando Broja,36885,Center Forward,19
Chelsea,Moisés Isaac Caicedo Corozo,37726,Left Defensive Midfield,25
Chelsea,Enzo Fernandez,38718,Center Attacking Midfield,8
Chelsea,Levi Colwill,38992,Right Back,26
Chelsea,Ian Maatsen,39092,Right Back,29
Chelsea,Cole Palmer,39461,Right Wing,20
Chelsea,Mykhailo Mudryk,39483,Left Wing,10
Chelsea,Nicolas Jackson,50497,Center Forward,15
Chelsea,Alfie Gilchrist,109640,,42
Chelsea,Leo Castledine,134090,,54
Chelsea,Alex Matos,235092,,52
Everton,Abdoulaye Doucouré,3292,Center Attacking Midfield,16
Everton,Idrissa Gana Gueye,3436,Right Defensive Midfield,27
Everton,Jordan Pickford,3468,Goalkeeper,1
Everton,Dominic Calvert-Lewin,3470,Center Forward,9
Everton,Ashley Young,3612,Right Back,18
Everton,James Tarkowski,3628,Right Center Back,6
Everton,Ben Godfrey,4076,,22
Everton,Dwight McNeil,5111,Left Midfield,7
Everton,Jack Harrison,9616,Right Midfield,11
Everton,Arnaut Danjuma Groeneveld,16284,,10
Everton,Vitalii Mykolenko,20827,Left Back,19
Everton,James Garner,23625,Left Defensive Midfield,37
Everton,João Manuel Neves Virginia,29378,,12
Everton,Norberto Bercique Gomes Betuncal,30006,Center Forward,14
Everton,Jarrad Branthwaite,32762,Left Center Back,32
Everton,Nathan Patterson,37338,Right Back,2
Everton,Amadou Onana,48347,Right Defensive Midfield,8
Everton,Mackenzie Hunt,49671,,58
Everton,Lewis Norman Dobbin,50505,Right Midfield,61
Everton,Youssef Ramalho Chermiti,149581,,28
West Ham United,Aaron Cresswell,3062,Left Back,3
West Ham United,Gnaly Maxwell Cornet,3162,,17
West Ham United,Łukasz Fabiański,3262,Goalkeeper,1
West Ham United,James Ward-Prowse,3328,Left Defensive Midfield,7
West Ham United,Kurt Happy Zouma,3456,Right Center Back,4
West Ham United,Daniel William John Ings,3654,,18
West Ham United,Angelo Obinze Ogbonna,3843,Center Back,21
West Ham United,Emerson Palmieri dos Santos,4355,Left Wing Back,33
West Ham United,Konstantinos Mavropanos,4781,Right Center Back,15
West Ham United,Tomáš Souček,4870,Right Defensive Midfield,28
West Ham United,Pablo Fornals Malla,6764,Left Midfield,8
West Ham United,Mohamed Saïd Benrahma,7212,Center Attacking Midfield,22
West Ham United,Thilo Kehrer,8511,,24
West Ham United,Jarrod Bowen,9640,Center Forward,20
West Ham United,Nayef Aguerd,12149,Left Center Back,27
West Ham United,Vladimír Coufal,16570,Right Back,5
West Ham United,Mohammed Kudus,17033,Right Midfield,14
West Ham United,Lucas Tolentino Coelho de Lima,22600,Center Attacking Midfield,10
West Ham United,Joseph Anang,44682,,49
West Ham United,Divin Mubama,141121,Left Center Forward,45
Fulham,Willian Borges da Silva,3472,Left Wing,20
Fulham,Alex Iwobi,3647,Right Wing,22
Fulham,Fodé Ballo Touré,3675,Left Back,12
Fulham,Kenny Tete,3798,,2
Fulham,Marek Rodák,4152,,1
Fulham,Antonee Robinson,4614,Left Back,33
Fulham,Raúl Alonso Jiménez Rodríguez,5568,Center Forward,7
Fulham,Saša Lukić,6687,,28
Fulham,Andreas Hoelgebaum Pereira,6846,Center Attacking Midfield,18
Fulham,Timothy Castagne,6989,Right Back,21
Fulham,Harry Wilson,9540,Right Wing,8
Fulham,Oluwatosin Adarabioyo,9650,Right Center Back,4
Fulham,Bobby Armani De Cordova-Reid,9923,Left Wing,14
Fulham,Tom Cairney,10284,Left Defensive Midfield,10
Fulham,Harrison Reed,11936,Right Defensive Midfield,6
Fulham,João Maria Lobo Alves Palhinha Gonçalves,12169,Right Defensive Midfield,26
Fulham,Carlos Vinícius Alves Morais,13639,Center Forward,30
Fulham,Bernd Leno,15581,Goalkeeper,17
Fulham,Calvin Bassey Ughelumba,43779,Left Center Back,3
Fulham,Rodrigo Muniz Carvalho,49049,,19
Manchester City,Ederson Santana de Moraes,3067,Goalkeeper,31
Manchester City,Bernardo Mota Veiga de Carvalho e Silva,3193,Right Wing,20
Manchester City,Kyle Walker,3205,Right Back,2
Manchester City,John Stones,3244,Left Back,5
Manchester City,Nathan Aké,3306,Left Center Back,6
Manchester City,Phil Foden,4354,Center Attacking Midfield,47
Manchester City,Kalvin Phillips,4706,,4
Manchester City,Scott Carson,4815,,33
Manchester City,Rúben Santos Gato Alves Dias,5206,Right Center Back,3
Manchester City,Mateo Kovačić,5456,Left Defensive Midfield,8
Manchester City,Manuel Obafemi Akanji,5549,Center Attacking Midfield,25
Manchester City,Rodrigo Hernández Cascante,6765,Right Defensive Midfield,16
Manchester City,Stefan Ortega Moreno,9194,,18
Manchester City,Jack Grealish,9638,Left Wing,10
Manchester City,Sergio Gómez Martín,22199,,21
Manchester City,Julián Álvarez,29560,Center Forward,19
Manchester City,Joško Gvardiol,33018,Left Back,24
Manchester City,Matheus Luiz Nunes,40874,Left Defensive Midfield,27
Manchester City,Rico Lewis,48705,,82
Manchester City,Oscar Bobb,104825,,52
Luton Town,Andros Townsend,3297,Right Wing,30
Luton Town,Tom Lockyer,3839,Center Back,4
Luton Town,Amari'i Bell,4128,Left Center Back,29
Luton Town,Carlton Morris,4220,Right Wing,9
Luton Town,Ross Barkley,4275,Left Defensive Midfield,6
Luton Town,Jordan Clark,9442,Center Back,18
Luton Town,Timothy Michael Krul,9467,,23
Luton Town,Pelly Ruddock Mpanzu,9674,,17
Luton Town,Elijah Adebayo,9827,Center Forward,11
Luton Town,Jacob Brown,12197,Left Wing,19
Luton Town,Marvelous Nakamba,18739,Right Defensive Midfield,13
Luton Town,Albert-Mboyo Sambi Lokonga,21304,Right Defensive Midfield,28
Luton Town,Luke Berry,22175,,8
Luton Town,Tahith Chong,23636,Left Wing Back,14
Luton Town,Thomas Kaminski,23741,Goalkeeper,24
Luton Town,Mads Juel Andersen,24332,,5
Luton Town,Ryan Giles,29397,Left Wing Back,26
Luton Town,Alfie Doughty,33074,Right Wing Back,45
Luton Town,Teden Mengi,43604,Right Center Back,15
Luton Town,Joseph Nathan Johnson,393324,,38
AFC Bournemouth,Philip Billing,3331,Right Wing,29
AFC Bournemouth,Dominic Solanke,3614,Center Forward,9
AFC Bournemouth,Lewis Cook,3615,Right Defensive Midfield,4
AFC Bournemouth,Kieffer Roberto Francisco Moore,3853,,21
AFC Bournemouth,Marcus Tavernier,4111,Left Wing,16
AFC Bournemouth,Joe Rothwell,4143,Right Defensive Midfield,8
AFC Bournemouth,David Brooks,4567,,7
AFC Bournemouth,Chris Mepham,4767,,6
AFC Bournemouth,Adam Smith,6409,Right Back,15
AFC Bournemouth,Norberto Murara Neto,6590,Goalkeeper,1
AFC Bournemouth,Justin Kluivert,8063,Center Attacking Midfield,19
AFC Bournemouth,Antoine Semenyo,9286,Right Wing,24
AFC Bournemouth,Ryan Christie,12510,Left Defensive Midfield,10
AFC Bournemouth,Luis Fernando Sinisterra Lucumí,16184,Right Wing,17
AFC Bournemouth,Mark Travers,24937,,42
AFC Bournemouth,Marcos Senesi,27773,Left Center Back,25
AFC Bournemouth,Illia Zabarnyi,39136,Right Center Back,27
AFC Bournemouth,Gavin Kilkenny,44845,,26
AFC Bournemouth,Milos Kerkez,89635,Left Back,3
AFC Bournemouth,Dango Aboubacar Faissal Ouattara,95042,Left Wing,11
Manchester United,Marcus Rashford,3318,Left Wing,10
Manchester United,Harry Maguire,3336,Right Center Back,5
Manchester United,Luke Shaw,3382,Left Center Back,23
Manchester United,Scott McTominay,3620,Right Center Midfield,39
Manchester United,Aaron Wan-Bissaka,3690,,29
Manchester United,Bruno Miguel Borges Fernandes,5204,Left Center Midfield,8
Manchester United,Sofyan Amrabat,5234,Center Defensive Midfield,4
Manchester United,Raphaël Varane,5485,,19
Manchester United,Donny van de Beek,8062,,34
Manchester United,André Onana,8064,Goalkeeper,24
Manchester United,Jonathan Grant Evans,11012,Left Center Back,35
Manchester United,José Diogo Dalot Teixeira,16028,Right Back,20
Manchester United,Sergio Reguilón Rodríguez,18620,Left Back,15
Manchester United,Anthony Martial,20039,Center Forward,9
Manchester United,Antony Matheus dos Santos,25363,Right Wing,21
Manchester United,Altay Bayındır,30442,,1
Manchester United,Facundo Pellistri Rebollo,36288,Right Wing,28
Manchester United,Rasmus Winther Højlund,51672,Center Forward,11
Manchester United,Alejandro Garnacho Ferreyra,52129,Left Wing,17
Manchester United,Kobbie Mainoo,99174,,37
Newcastle United,Matt Ritchie,3049,Right Wing,11
Newcastle United,Paul Dummett,3065,,3
Newcastle United,Jamaal Lascelles,3081,Right Center Back,6
Newcastle United,Mark Gillespie,3212,,29
Newcastle United,Kieran Trippier,3308,Right Back,2
Newcastle United,Callum Wilson,3616,Left Wing,9
Newcastle United,Loris Karius,3630,,18
Newcastle United,Martin Dúbravka,3711,Goalkeeper,1
Newcastle United,Sean Longstaff,4031,Right Wing,36
Newcastle United,Fabian Lukas Schär,5537,Left Center Back,5
Newcastle United,Emil Krafth,6358,Right Back,17
Newcastle United,Alexander Isak,8819,Center Forward,14
Newcastle United,Miguel Ángel Almirón Rejala,12603,Right Wing,24
Newcastle United,Joelinton Cassio Apolinário de Lira,13291,Left Center Midfield,7
Newcastle United,Bruno Guimarães Rodriguez Moura,25142,Center Defensive Midfield,39
Newcastle United,Anthony Gordon,28104,Left Wing,10
Newcastle United,Valentino Livramento,39241,Left Back,21
Newcastle United,Lewis Miley,134048,Right Center Midfield,67
Newcastle United,Lewis Hall,134092,Left Back,20
Newcastle United,Alex Murphy,406072,,54
Tottenham Hotspur,Heung-Min Son,3083,Left Wing,7
Tottenham Hotspur,Ben Davies,3086,Left Center Back,33
Tottenham Hotspur,Richarlison de Andrade,3280,Center Forward,9
Tottenham Hotspur,Giovani Lo Celso,3313,Center Forward,18
Tottenham Hotspur,Pierre-Emile Højbjerg,3570,Right Defensive Midfield,5
Tottenham Hotspur,Fraser Forster,3970,,20
Tottenham Hotspur,Yves Bissouma,4385,Left Defensive Midfield,8
Tottenham Hotspur,Pedro Antonio Porro Sauceda,11292,Right Back,23
Tottenham Hotspur,Cristian Gabriel Romero,20572,Right Center Back,17
Tottenham Hotspur,Oliver Skipp,22145,Right Wing,4
Tottenham Hotspur,Bryan Gil Salvatierra,22418,Left Defensive Midfield,11
Tottenham Hotspur,Dejan Kulusevski,22818,Center Attacking Midfield,21
Tottenham Hotspur,Emerson Aparecido Leite de Souza Junior,23522,,12
Tottenham Hotspur,Brennan Johnson,29377,Right Wing,22
Tottenham Hotspur,Guglielmo Vicario,31225,Goalkeeper,13
Tottenham Hotspur,Iyenoma Destiny Udogie,48461,Left Back,38
Tottenham Hotspur,Pape Matar Sarr,50498,Right Defensive Midfield,29
Tottenham Hotspur,Alejo Véliz,112971,,36
Tottenham Hotspur,Alfie Dorrington,133198,,65
Tottenham Hotspur,Jamie Donley,133202,Center Forward,63
Nottingham Forest,Ibrahim Sangaré,3017,,6
Nottingham Forest,Moussa Niakhate,3198,Left Center Back,19
Nottingham Forest,Chris Wood,3505,Right Center Forward,11
Nottingham Forest,Cheikhou Kouyaté,3684,Left Center Midfield,8
Nottingham Forest,Ryan Yates,4239,Right Center Midfield,22
Nottingham Forest,Callum Hudson-Odoi,4274,,14
Nottingham Forest,Divock Okoth Origi,4747,,27
Nottingham Forest,Harry Toffolo,6555,Left Wing Back,15
Nottingham Forest,Orel Mangala,8950,Center Defensive Midfield,5
Nottingham Forest,Willy Boly,9933,Right Center Back,30
Nottingham Forest,Morgan Gibbs-White,9934,Left Center Forward,10
Nottingham Forest,Odisseas Vlachodimos,10332,,23
Nottingham Forest,Felipe Augusto de Almeida Monteiro,11167,Center Back,18
Nottingham Forest,Temitayo Olufisayo Olaoluwa Aina,11492,,43
Nottingham Forest,Matthew Charles Turner,12352,Goalkeeper,1
Nottingham Forest,Nicolás Martín Domínguez,28672,,16
Nottingham Forest,Neco Williams,34794,Right Wing Back,7
Nottingham Forest,Danilo dos Santos de Oliveira,46451,Left Center Midfield,28
Nottingham Forest,Anthony Elanga,50991,Right Center Forward,21
Nottingham Forest,Murillo Santiago Costa dos Santos,271487,Center Back,40
Wolverhampton Wanderers,Craig Dawson,3523,Center Back,15
Wolverhampton Wanderers,Mario Lemina,3951,Right Defensive Midfield,5
Wolverhampton Wanderers,Daniel Bentley,4773,,25
Wolverhampton Wanderers,Hee-Chan Hwang,5620,Center Forward,11
Wolverhampton Wanderers,Nélson Cabral Semedo,6374,Right Wing Back,22
Wolverhampton Wanderers,Pablo Sarabia García,6720,Right Wing,21
Wolverhampton Wanderers,Matt Doherty,9925,Left Wing Back,2
Wolverhampton Wanderers,Matheus Santos Carneiro da Cunha,12425,Left Wing,12
Wolverhampton Wanderers,Sasa Kalajdzic,18762,Right Wing,18
Wolverhampton Wanderers,José Pedro Malheiro de Sá,18866,Goalkeeper,1
Wolverhampton Wanderers,Jean-Ricner Bellegarde,19718,Right Wing,27
Wolverhampton Wanderers,Maximilian William Kilman,24940,Right Center Back,23
Wolverhampton Wanderers,Fábio Daniel Soares Silva,30088,,9
Wolverhampton Wanderers,Thomas Doyle,34789,,20
Wolverhampton Wanderers,Santiago Ignacio Bueno Sciutto,41138,,4
Wolverhampton Wanderers,João Victor Gomes da Silva,48720,Left Defensive Midfield,8
Wolverhampton Wanderers,Tote António Gomes,48941,Left Center Back,24
Wolverhampton Wanderers,Boubacar Traore,58878,Right Defensive Midfield,6
Wolverhampton Wanderers,Hugo Bueno,82220,Left Wing Back,17
Wolverhampton Wanderers,Tawanda Chirewa,142702,,62
Fulham,Willian Borges da Silva,3472,,20
Fulham,Alex Iwobi,3647,Left Wing,22
Fulham,Fodé Ballo Touré,3675,,12
Fulham,Kenny Tete,3798,Left Midfield,2
Fulham,Marek Rodák,4152,,1
Fulham,Issa Diop,4349,Left Center Back,31
Fulham,Antonee Robinson,4614,Left Back,33
Fulham,Raúl Alonso Jiménez Rodríguez,5568,Center Forward,7
Fulham,Saša Lukić,6687,Left Defensive Midfield,28
Fulham,Andreas Hoelgebaum Pereira,6846,Center Attacking Midfield,18
Fulham,Timothy Castagne,6989,Right Back,21
Fulham,Harry Wilson,9540,Right Wing,8
Fulham,Oluwatosin Adarabioyo,9650,Right Center Back,4
Fulham,Bobby Armani De Cordova-Reid,9923,Left Midfield,14
Fulham,Tom Cairney,10284,Left Defensive Midfield,10
Fulham,Harrison Reed,11936,Right Defensive Midfield,6
Fulham,João Maria Lobo Alves Palhinha Gonçalves,12169,Right Defensive Midfield,26
Fulham,Carlos Vinícius Alves Morais,13639,,30
Fulham,Bernd Leno,15581,Goalkeeper,17
Fulham,Rodrigo Muniz Carvalho,49049,Right Back,19
Newcastle United,Matt Ritchie,3049,Left Back,11
Newcastle United,Paul Dummett,3065,,3
Newcastle United,Jamaal Lascelles,3081,Right Center Back,6
Newcastle United,Mark Gillespie,3212,,29
Newcastle United,Callum Wilson,3616,Center Forward,9
Newcastle United,Loris Karius,3630,,18
Newcastle United,Martin Dúbravka,3711,Goalkeeper,1
Newcastle United,Dan Burn,3864,Left Back,33
Newcastle United,Sean Longstaff,4031,Right Center Midfield,36
Newcastle United,Fabian Lukas Schär,5537,Left Center Back,5
Newcastle United,Emil Krafth,6358,Left Center Back,17
Newcastle United,Miguel Ángel Almirón Rejala,12603,Right Wing,24
Newcastle United,Joelinton Cassio Apolinário de Lira,13291,Left Center Midfield,7
Newcastle United,Sven Botman,21551,Left Center Back,4
Newcastle United,Bruno Guimarães Rodriguez Moura,25142,Center Defensive Midfield,39
Newcastle United,Anthony Gordon,28104,Left Wing,10
Newcastle United,Valentino Livramento,39241,Right Back,21
Newcastle United,Lewis Miley,134048,Left Center Midfield,67
Newcastle United,Lewis Hall,134092,Left Wing,20
Newcastle United,Alex Murphy,406072,,54
Tottenham Hotspur,Heung-Min Son,3083,Left Wing,7
Tottenham Hotspur,Ben Davies,3086,Left Center Back,33
Tottenham Hotspur,Richarlison de Andrade,3280,Center Forward,9
Tottenham Hotspur,Pierre-Emile Højbjerg,3570,Center Forward,5
Tottenham Hotspur,Fraser Forster,3970,,20
Tottenham Hotspur,Yves Bissouma,4385,Left Defensive Midfield,8
Tottenham Hotspur,Eric Dier,10956,,15
Tottenham Hotspur,Pedro Antonio Porro Sauceda,11292,Right Back,23
Tottenham Hotspur,Cristian Gabriel Romero,20572,Right Center Back,17
Tottenham Hotspur,Oliver Skipp,22145,Right Wing,4
Tottenham Hotspur,Bryan Gil Salvatierra,22418,,11
Tottenham Hotspur,Dejan Kulusevski,22818,Center Attacking Midfield,21
Tottenham Hotspur,Emerson Aparecido Leite de Souza Junior,23522,Left Center Forward,12
Tottenham Hotspur,Brennan Johnson,29377,Right Wing,22
Tottenham Hotspur,Guglielmo Vicario,31225,Goalkeeper,13
Tottenham Hotspur,Iyenoma Destiny Udogie,48461,Left Back,38
Tottenham Hotspur,Pape Matar Sarr,50498,Right Defensive Midfield,29
Tottenham Hotspur,Alejo Véliz,112971,Center Forward,36
Tottenham Hotspur,Alfie Dorrington,133198,,65
Tottenham Hotspur,Jamie Donley,133202,,63
Nottingham Forest,Moussa Niakhate,3198,Left Center Back,19
Nottingham Forest,Chris Wood,3505,Right Center Forward,11
Nottingham Forest,Cheikhou Kouyaté,3684,Left Center Midfield,8
Nottingham Forest,Ryan Yates,4239,Right Center Midfield,22
Nottingham Forest,Callum Hudson-Odoi,4274,Right Wing,14
Nottingham Forest,Divock Okoth Origi,4747,,27
Nottingham Forest,Harry Toffolo,6555,Left Wing Back,15
Nottingham Forest,Orel Mangala,8950,Center Defensive Midfield,5
Nottingham Forest,Willy Boly,9933,Right Center Back,30
Nottingham Forest,Morgan Gibbs-White,9934,Right Center Forward,10
Nottingham Forest,Odisseas Vlachodimos,10332,,23
Nottingham Forest,Temitayo Olufisayo Olaoluwa Aina,11492,,43
Nottingham Forest,Matthew Charles Turner,12352,Goalkeeper,1
Nottingham Forest,Gonzalo Ariel Montiel,28263,,29
Nottingham Forest,Nicolás Martín Domínguez,28672,,16
Nottingham Forest,Neco Williams,34794,Right Wing Back,7
Nottingham Forest,Danilo dos Santos de Oliveira,46451,Left Center Midfield,28
Nottingham Forest,Anthony Elanga,50991,Left Center Forward,21
Nottingham Forest,Andrew Omobamidele,58467,,32
Nottingham Forest,Murillo Santiago Costa dos Santos,271487,Center Back,40
Crystal Palace,James Tomkins,3316,,5
Crystal Palace,Joel Ward,3443,Right Center Back,2
Crystal Palace,Jeffrey Schlupp,3520,Left Wing,15
Crystal Palace,Jaïro Riedewald,3591,Left Defensive Midfield,44
Crystal Palace,Remi Matthews,4059,,31
Crystal Palace,Dean Henderson,4073,Goalkeeper,30
Crystal Palace,Nathaniel Edwin Clyne,4590,Right Wing Back,17
Crystal Palace,Jean-Philippe Mateta,7403,Center Forward,14
Crystal Palace,Joachim Andersen,8247,Center Back,16
Crystal Palace,Eberechi Eze,9000,Right Wing Back,10
Crystal Palace,Michael Olise,24215,Right Wing,7
Crystal Palace,Marc Guehi,34526,Left Center Back,6
Crystal Palace,Naouirou Ahamada,39413,Left Defensive Midfield,29
Crystal Palace,Chris Richards,41266,Right Defensive Midfield,26
Crystal Palace,Tyrick Mitchell,41437,Left Wing Back,3
Crystal Palace,Matheus França de Oliveira,114491,Left Wing,11
Crystal Palace,Tayo Adaramola,138807,,45
Crystal Palace,David Ozoh,138813,Right Center Back,52
Crystal Palace,Ademola Ola-Adebomi,138815,,53
Crystal Palace,Malcolm Ebiowei,141397,,23
Manchester City,Ederson Santana de Moraes,3067,Goalkeeper,31
Manchester City,Bernardo Mota Veiga de Carvalho e Silva,3193,Right Wing,20
Manchester City,Kyle Walker,3205,Right Back,2
Manchester City,John Stones,3244,Right Defensive Midfield,5
Manchester City,Nathan Aké,3306,Left Center Back,6
Manchester City,Phil Foden,4354,Center Attacking Midfield,47
Manchester City,Kalvin Phillips,4706,,4
Manchester City,Rúben Santos Gato Alves Dias,5206,Right Center Back,3
Manchester City,Mateo Kovačić,5456,,8
Manchester City,Manuel Obafemi Akanji,5549,,25
Manchester City,Rodrigo Hernández Cascante,6765,Left Defensive Midfield,16
Manchester City,Stefan Ortega Moreno,9194,,18
Manchester City,Jack Grealish,9638,Left Wing,10
Manchester City,Sergio Gómez Martín,22199,,21
Manchester City,Julián Álvarez,29560,Center Forward,19
Manchester City,Joško Gvardiol,33018,Left Back,24
Manchester City,Matheus Luiz Nunes,40874,,27
Manchester City,Rico Lewis,48705,Right Defensive Midfield,82
Manchester City,Oscar Bobb,104825,,52
Manchester City,Mahamadou Susoho,134106,,76
Manchester United,Marcus Rashford,3318,Left Wing,10
Manchester United,Luke Shaw,3382,Left Back,23
Manchester United,Scott McTominay,3620,Center Attacking Midfield,39
Manchester United,Aaron Wan-Bissaka,3690,,29
Manchester United,Sofyan Amrabat,5234,Left Defensive Midfield,4
Manchester United,Raphaël Varane,5485,Left Center Back,19
Manchester United,Donny van de Beek,8062,,34
Manchester United,André Onana,8064,Goalkeeper,24
Manchester United,Jonathan Grant Evans,11012,Right Center Back,35
Manchester United,José Diogo Dalot Teixeira,16028,Right Back,20
Manchester United,Sergio Reguilón Rodríguez,18620,,15
Manchester United,Antony Matheus dos Santos,25363,Right Wing,21
Manchester United,Altay Bayındır,30442,,1
Manchester United,Facundo Pellistri Rebollo,36288,Right Wing,28
Manchester United,Hannibal Mejbri,50988,Right Defensive Midfield,46
Manchester United,Rasmus Winther Højlund,51672,Center Forward,11
Manchester United,Alejandro Garnacho Ferreyra,52129,Left Wing,17
Manchester United,Daniel Gore,99173,,44
Manchester United,Kobbie Mainoo,99174,Right Defensive Midfield,37
Manchester United,Willy Kambwala Ndengushi,144086,,53
Liverpool,Joe Gomez,3495,Right Center Midfield,2
Liverpool,Mohamed Salah,3531,Right Wing,11
Liverpool,Adrián San Miguel del Castillo,3623,,13
Liverpool,Trent Alexander-Arnold,3664,Right Back,66
Liverpool,Virgil van Dijk,3669,Left Center Back,4
Liverpool,Alisson Ramsés Becker,5547,Goalkeeper,1
Liverpool,Konstantinos Tsimikas,8489,Left Back,21
Liverpool,Ibrahima Konaté,11135,Right Center Back,5
Liverpool,Cody Mathès Gakpo,20750,Left Center Midfield,18
Liverpool,Dominik Szoboszlai,21209,Right Center Midfield,8
Liverpool,Ryan Gravenberch,23230,Left Center Midfield,38
Liverpool,Wataru Endo,23721,Center Defensive Midfield,3
Liverpool,Harvey Elliott,24938,Center Forward,19
Liverpool,Luis Fernando Díaz Marulanda,27158,Left Wing,7
Liverpool,Darwin Gabriel Núñez Ribeiro,32478,Center Forward,9
Liverpool,Curtis Jones,33231,Left Wing,17
Liverpool,Caoimhin Kelleher,34959,,62
Liverpool,Conor Bradley,40209,,84
Liverpool,Jarell Quansah,40908,,78
Liverpool,James McConnell,133356,,53
Sheffield United,Oliver McBurnie,3332,Center Forward,9
Sheffield United,Max Lowe,4226,Left Back,3
Sheffield United,George Baldock,4571,,2
Sheffield United,Adam Davies,4584,,1
Sheffield United,Ben Osborn,4732,,23
Sheffield United,Oliver James Norwood,11013,Center Attacking Midfield,16
Sheffield United,Jayden Bogle,11896,Right Back,20
Sheffield United,Auston Trusty,12359,Left Center Back,5
Sheffield United,Gustavo Hamer,15304,Right Center Midfield,8
Sheffield United,Wesley Foderingham,21018,Goalkeeper,18
Sheffield United,Anel Ahmedhodžić,27652,Right Center Back,15
Sheffield United,Vinicius de Souza Costa,32587,Center Defensive Midfield,21
Sheffield United,Yasser Larouci,34793,,27
Sheffield United,Anis Ben Slimane,35592,Left Midfield,25
Sheffield United,Luke Thomas,42747,,14
Sheffield United,James McAtee,49667,Right Midfield,28
Sheffield United,Cameron Archer,50563,Left Midfield,10
Sheffield United,Bénie Adama Traoré,107581,,11
Sheffield United,William Idamudia Daugaard Osula,121254,Left Center Midfield,32
Sheffield United,Andre Brooks,153124,Left Center Midfield,35
Chelsea,Christopher Nkunku,3025,,18
Chelsea,Raheem Sterling,3233,Right Wing,7
Chelsea,Thiago Emiliano da Silva,3295,Right Center Back,6
Chelsea,Axel Disasi,7439,Right Back,2
Chelsea,Marcus Bettinelli,12258,,13
Chelsea,Benoît Badiashile Mukinayi,21368,Left Center Back,5
Chelsea,Conor Gallagher,29399,Left Defensive Midfield,23
Chelsea,Đorđe Petrović,32565,Goalkeeper,28
Chelsea,Armando Broja,36885,Left Wing,19
Chelsea,Moisés Isaac Caicedo Corozo,37726,Right Defensive Midfield,25
Chelsea,Enzo Fernandez,38718,Left Wing,8
Chelsea,Levi Colwill,38992,Left Back,26
Chelsea,Ian Maatsen,39092,Right Wing,29
Chelsea,Malo Gusto,39260,Left Wing,27
Chelsea,Cole Palmer,39461,Center Attacking Midfield,20
Chelsea,Mykhailo Mudryk,39483,Left Wing,10
Chelsea,Nicolas Jackson,50497,Center Forward,15
Chelsea,Lucas Carl Edvard Bergström,52170,,47
Chelsea,Alfie Gilchrist,109640,,42
Chelsea,Alex Matos,235092,,52
Everton,Abdoulaye Doucouré,3292,Right Defensive Midfield,16
Everton,Michael Keane,3438,Center Back,5
Everton,Jordan Pickford,3468,Goalkeeper,1
Everton,Dominic Calvert-Lewin,3470,Center Forward,9
Everton,James Tarkowski,3628,Left Center Back,6
Everton,Ben Godfrey,4076,Right Center Back,22
Everton,Dwight McNeil,5111,Left Wing Back,7
Everton,Jack Harrison,9616,Right Wing,11
Everton,Arnaut Danjuma Groeneveld,16284,,10
Everton,Andrew Michael Lonergan,23512,,31
Everton,James Garner,23625,Left Wing,37
Everton,João Manuel Neves Virginia,29378,,12
Everton,Norberto Bercique Gomes Betuncal,30006,Center Forward,14
Everton,Nathan Patterson,37338,Right Wing Back,2
Everton,Amadou Onana,48347,Left Defensive Midfield,8
Everton,Elijah Campbell,49664,,73
Everton,Mackenzie Hunt,49671,,58
Everton,Lewis Norman Dobbin,50505,Right Wing,61
Everton,Jenson Metcalfe,77722,,86
Everton,Youssef Ramalho Chermiti,149581,,28
Burnley,Nathan Redmond,3286,Left Back,15
Burnley,Michael Obafemi,3624,,45
Burnley,Jay Rodriguez,3685,Right Center Forward,9
Burnley,Connor Roberts,4774,,14
Burnley,Josh Cullen,4837,,24
Burnley,Jacob Bruun Larsen,8961,Right Midfield,34
Burnley,Joshua Brownhill,9607,Left Defensive Midfield,8
Burnley,Louis Jordan Beyer,12322,Left Center Back,5
Burnley,Arijanet Murić,16234,,49
Burnley,Sander Berge,16553,Right Defensive Midfield,16
Burnley,Dara Joseph O'Shea,18753,Right Center Back,2
Burnley,Mike Trésor Ndayishimiye,21889,Left Midfield,31
Burnley,Hannes Delcroix,22219,Left Back,44
Burnley,Manuel Benson Hedilazio,23897,Right Midfield,10
Burnley,Victor Alexander da Silva,24016,Right Back,22
Burnley,Lyle Foster,29840,Left Center Forward,17
Burnley,James Trafford,42298,Goalkeeper,1
Burnley,Mohamed Zeki Amdouni,48335,Left Center Forward,25
Burnley,Ameen Al Dakhil,131049,Left Back,28
Burnley,Wilson Odobert,151924,Left Midfield,47
Aston Villa,Diego Carlos Santos Silva,3366,Center Back,3
Aston Villa,Calum Chambers,3713,,16
Aston Villa,Ezri Konsa Ngoyo,3822,Right Center Back,4
Aston Villa,Boubacar Kamara,4433,Center Defensive Midfield,44
Aston Villa,Matty Cash,4734,Right Wing Back,2
Aston Villa,Ollie Watkins,4760,Left Center Forward,11
Aston Villa,Leander Dendoncker,6331,Center Defensive Midfield,32
Aston Villa,Clément Lenglet,6826,,17
Aston Villa,Pau Francisco Torres,6892,Left Center Back,14
Aston Villa,Damián Emiliano Martínez,6909,Goalkeeper,1
Aston Villa,Leon Bailey Butler,8214,Right Wing Back,31
Aston Villa,Moussa Diaby,8292,Right Center Forward,19
Aston Villa,John McGinn,9974,Right Center Midfield,7
Aston Villa,Alejandro Moreno Lopera,11538,Left Wing Back,15
Aston Villa,Nicolò Zaniolo,16062,Left Center Back,22
Aston Villa,Jacob Ramsey,23500,Left Center Midfield,41
Aston Villa,Jhon Jáder Durán Palacio,30976,Right Center Forward,24
Aston Villa,Tim Iroegbunam,113387,,47
Aston Villa,Filip Marschall,122566,,42
Aston Villa,Sam Proctor,347039,,78
Brentford,Mathias Jørgensen Jatta,3027,Right Center Back,13
Brentford,Ben Mee,3663,Left Center Back,16
Brentford,Charlie Goode,3825,,4
Brentford,Ethan Pinnock,4610,Center Back,5
Brentford,Neal Maupay,4766,Right Center Forward,7
Brentford,Saman Ghoddos,5240,Left Wing Back,14
Brentford,Christian Nørgaard,7097,Center Defensive Midfield,6
Brentford,Yoane Wissa,7294,Left Center Forward,11
Brentford,Thomas Strakosha,7789,,21
Brentford,Shandon Baptiste,11403,,26
Brentford,Vitaly Janelt,12074,Left Center Midfield,27
Brentford,Mads Roerslev,24440,Right Wing Back,30
Brentford,Mikkel Damsgaard,24443,Right Center Midfield,24
Brentford,Frank Onyeka,24467,Right Center Midfield,15
Brentford,Nathan Michael Collins,24824,Left Center Midfield,22
Brentford,Mark Flekken,25000,Goalkeeper,1
Brentford,Keane Lewis-Potter,32928,Right Center Forward,23
Brentford,Myles Peart-Harris,39497,,25
Brentford,Ehor Yarmolyuk,45803,Left Center Midfield,33
Brentford,Michael Olakigbe,133178,Right Wing Back,37
Brighton & Hove Albion,Lewis Dunk,3088,Left Center Back,5
Brighton & Hove Albion,Pascal Groß,3097,Right Defensive Midfield,13
Brighton & Hove Albion,James Philip Milner,3473,Left Back,6
Brighton & Hove Albion,Daniel Nii Tackie Mensah Welbeck,3569,Right Wing,18
Brighton & Hove Albion,Adam David Lallana,4090,Center Attacking Midfield,14
Brighton & Hove Albion,Joël Veltman,8067,Right Back,34
Brighton & Hove Albion,Mahmoud Dahoud,8238,,8
Brighton & Hove Albion,Igor Julio dos Santos de Paulo,9741,Left Back,3
Brighton & Hove Albion,João Pedro Junqueira de Jesus,25299,Center Forward,9
Brighton & Hove Albion,Jakub Moder,29480,,15
Brighton & Hove Albion,Jan Paul van Hecke,30691,Right Center Back,29
Brighton & Hove Albion,Billy Gilmour,31067,Left Defensive Midfield,11
Brighton & Hove Albion,Kaoru Mitoma,37211,Left Wing,22
Brighton & Hove Albion,Bart Verbruggen,37274,Goalkeeper,1
Brighton & Hove Albion,Jason Steele,47553,,23
Brighton & Hove Albion,Evan Ferguson,51156,Center Forward,28
Brighton & Hove Albion,Simon Adingra,105392,Right Wing,24
Brighton & Hove Albion,Jack Hinshelwood,155312,Right Back,41
Brighton & Hove Albion,Facundo Valentín Buonanotte,196954,Center Attacking Midfield,40
Brighton & Hove Albion,Carlos Baleba,226169,,20
Arsenal,Gabriel Fernando de Jesus,3202,Center Forward,9
Arsenal,Cédric Ricardo Alves Soares,3329,,17
Arsenal,Reiss Nelson,3571,Right Wing,24
Arsenal,Oleksandr Zinchenko,3575,Left Back,35
Arsenal,Edward Nketiah,3737,Center Forward,14
Arsenal,Declan Rice,3943,Center Defensive Midfield,41
Arsenal,David Raya Martin,4127,Goalkeeper,22
Arsenal,Gabriel dos Santos Magalhães,6406,Left Center Back,6
Arsenal,Martin Ødegaard,8252,Right Center Midfield,8
Arsenal,Kai Havertz,8966,Left Center Midfield,29
Arsenal,Leandro Trossard,16559,Left Wing,19
Arsenal,Emile Smith Rowe,16591,Left Center Midfield,10
Arsenal,William Saliba,17592,Right Center Back,2
Arsenal,Bukayo Saka,22084,Right Wing,7
Arsenal,Aaron Ramsdale,22783,,1
Arsenal,Ben White,22809,Right Back,4
Arsenal,Gabriel Teodoro Martinelli Silva,29976,Left Wing,11
Arsenal,Jakub Piotr Kiwior,44166,Left Back,15
Arsenal,Myles Anthony Lewis-Skelly,161880,,59
Arsenal,Reuell Walters,207078,,76
Wolverhampton Wanderers,Craig Dawson,3523,Center Back,15
Wolverhampton Wanderers,Mario Lemina,3951,Left Defensive Midfield,5
Wolverhampton Wanderers,Daniel Bentley,4773,Goalkeeper,25
Wolverhampton Wanderers,Hee-Chan Hwang,5620,Right Attacking Midfield,11
Wolverhampton Wanderers,Nélson Cabral Semedo,6374,Right Wing Back,22
Wolverhampton Wanderers,Pablo Sarabia García,6720,Left Attacking Midfield,21
Wolverhampton Wanderers,Matt Doherty,9925,Right Wing Back,2
Wolverhampton Wanderers,Thomas King,10020,,40
Wolverhampton Wanderers,Rayan Aït Nouri,12111,Left Center Back,3
Wolverhampton Wanderers,Matheus Santos Carneiro da Cunha,12425,Center Forward,12
Wolverhampton Wanderers,Sasa Kalajdzic,18762,,18
Wolverhampton Wanderers,Jean-Ricner Bellegarde,19718,Left Wing Back,27
Wolverhampton Wanderers,Maximilian William Kilman,24940,Right Center Back,23
Wolverhampton Wanderers,Fábio Daniel Soares Silva,30088,,9
Wolverhampton Wanderers,Thomas Doyle,34789,Left Defensive Midfield,20
Wolverhampton Wanderers,Santiago Ignacio Bueno Sciutto,41138,,4
Wolverhampton Wanderers,João Victor Gomes da Silva,48720,Right Defensive Midfield,8
Wolverhampton Wanderers,Tote António Gomes,48941,Left Center Back,24
Wolverhampton Wanderers,Boubacar Traore,58878,,6
Wolverhampton Wanderers,Hugo Bueno,82220,,17
West Ham United,Aaron Cresswell,3062,,3
West Ham United,Łukasz Fabiański,3262,Goalkeeper,1
West Ham United,James Ward-Prowse,3328,Center Attacking Midfield,7
West Ham United,Alphonse Areola,3379,,23
West Ham United,Kurt Happy Zouma,3456,Right Center Back,4
West Ham United,Daniel William John Ings,3654,Center Attacking Midfield,18
West Ham United,Angelo Obinze Ogbonna,3843,,21
West Ham United,Emerson Palmieri dos Santos,4355,Left Back,33
West Ham United,Konstantinos Mavropanos,4781,,15
West Ham United,Tomáš Souček,4870,Right Defensive Midfield,28
West Ham United,Edson Omar Álvarez Velázquez,5567,Left Defensive Midfield,19
West Ham United,Pablo Fornals Malla,6764,Left Defensive Midfield,8
West Ham United,Mohamed Saïd Benrahma,7212,,22
West Ham United,Thilo Kehrer,8511,Right Back,24
West Ham United,Jarrod Bowen,9640,Center Forward,20
West Ham United,Nayef Aguerd,12149,Left Center Back,27
West Ham United,Vladimír Coufal,16570,Right Back,5
West Ham United,Mohammed Kudus,17033,Right Wing,14
West Ham United,Lucas Tolentino Coelho de Lima,22600,Left Wing,10
West Ham United,Divin Mubama,141121,Center Forward,45
Manchester United,Christian Dannemann Eriksen,3043,Left Wing,14
Manchester United,Marcus Rashford,3318,Center Forward,10
Manchester United,Luke Shaw,3382,Left Back,23
Manchester United,Scott McTominay,3620,Right Defensive Midfield,39
Manchester United,Aaron Wan-Bissaka,3690,Right Back,29
Manchester United,Bruno Miguel Borges Fernandes,5204,Center Attacking Midfield,8
Manchester United,Sofyan Amrabat,5234,,4
Manchester United,Donny van de Beek,8062,,34
Manchester United,André Onana,8064,Goalkeeper,24
Manchester United,Jonathan Grant Evans,11012,Left Center Back,35
Manchester United,Sergio Reguilón Rodríguez,18620,Right Center Back,15
Manchester United,Antony Matheus dos Santos,25363,Right Wing,21
Manchester United,Altay Bayındır,30442,,1
Manchester United,Facundo Pellistri Rebollo,36288,Right Wing,28
Manchester United,Hannibal Mejbri,50988,,46
Manchester United,Rasmus Winther Højlund,51672,Center Forward,11
Manchester United,Rhys Bennett,52119,,66
Manchester United,Alejandro Garnacho Ferreyra,52129,Left Wing,17
Manchester United,Kobbie Mainoo,99174,Left Defensive Midfield,37
Manchester United,Willy Kambwala Ndengushi,144086,Right Center Back,53
West Ham United,Aaron Cresswell,3062,,3
West Ham United,Łukasz Fabiański,3262,,1
West Ham United,James Ward-Prowse,3328,Center Attacking Midfield,7
West Ham United,Alphonse Areola,3379,Goalkeeper,23
West Ham United,Kurt Happy Zouma,3456,Left Center Back,4
West Ham United,Daniel William John Ings,3654,,18
West Ham United,Angelo Obinze Ogbonna,3843,,21
West Ham United,Emerson Palmieri dos Santos,4355,Left Back,33
West Ham United,Konstantinos Mavropanos,4781,Right Center Back,15
West Ham United,Tomáš Souček,4870,Left Defensive Midfield,28
West Ham United,Edson Omar Álvarez Velázquez,5567,Right Defensive Midfield,19
West Ham United,Pablo Fornals Malla,6764,Right Wing,8
West Ham United,Mohamed Saïd Benrahma,7212,,22
West Ham United,Thilo Kehrer,8511,,24
West Ham United,Jarrod Bowen,9640,Center Forward,20
West Ham United,Vladimír Coufal,16570,Right Back,5
West Ham United,Mohammed Kudus,17033,Right Wing,14
West Ham United,Lucas Tolentino Coelho de Lima,22600,Left Wing,10
West Ham United,Benjamin Johnson,23626,Right Wing,2
West Ham United,Divin Mubama,141121,,45
Chelsea,Christopher Nkunku,3025,Left Center Midfield,18
Chelsea,Raheem Sterling,3233,Left Midfield,7
Chelsea,Thiago Emiliano da Silva,3295,Left Center Back,6
Chelsea,Axel Disasi,7439,Right Center Back,2
Chelsea,Marcus Bettinelli,12258,,13
Chelsea,Benoît Badiashile Mukinayi,21368,Right Back,5
Chelsea,Conor Gallagher,29399,Left Defensive Midfield,23
Chelsea,Chukwunonso Madueke,31506,Right Midfield,11
Chelsea,Đorđe Petrović,32565,Goalkeeper,28
Chelsea,Armando Broja,36885,Right Center Forward,19
Chelsea,Levi Colwill,38992,Left Back,26
Chelsea,Ian Maatsen,39092,Left Back,29
Chelsea,Malo Gusto,39260,Right Back,27
Chelsea,Cole Palmer,39461,Right Midfield,20
Chelsea,Mykhailo Mudryk,39483,Left Midfield,10
Chelsea,Lesley Chimuanya Ugochukwu,44738,Right Defensive Midfield,16
Chelsea,Roméo Lavia,48710,,45
Chelsea,Nicolas Jackson,50497,Left Center Forward,15
Chelsea,Lucas Carl Edvard Bergström,52170,,47
Chelsea,Alex Matos,235092,,52
Wolverhampton Wanderers,Craig Dawson,3523,Center Back,15
Wolverhampton Wanderers,Mario Lemina,3951,Left Defensive Midfield,5
Wolverhampton Wanderers,Daniel Bentley,4773,,25
Wolverhampton Wanderers,Hee-Chan Hwang,5620,Center Forward,11
Wolverhampton Wanderers,Nélson Cabral Semedo,6374,Right Wing Back,22
Wolverhampton Wanderers,Pablo Sarabia García,6720,Right Attacking Midfield,21
Wolverhampton Wanderers,Matt Doherty,9925,Left Attacking Midfield,2
Wolverhampton Wanderers,Rayan Aït Nouri,12111,Left Wing Back,3
Wolverhampton Wanderers,Matheus Santos Carneiro da Cunha,12425,Left Attacking Midfield,12
Wolverhampton Wanderers,Sasa Kalajdzic,18762,,18
Wolverhampton Wanderers,José Pedro Malheiro de Sá,18866,Goalkeeper,1
Wolverhampton Wanderers,Maximilian William Kilman,24940,Right Center Back,23
Wolverhampton Wanderers,Thomas Doyle,34789,Right Attacking Midfield,20
Wolverhampton Wanderers,Santiago Ignacio Bueno Sciutto,41138,Center Back,4
Wolverhampton Wanderers,João Victor Gomes da Silva,48720,Right Defensive Midfield,8
Wolverhampton Wanderers,Tote António Gomes,48941,Left Center Back,24
Wolverhampton Wanderers,Owen Hesketh,61201,,79
Wolverhampton Wanderers,Hugo Bueno,82220,Left Wing Back,17
Wolverhampton Wanderers,Ty Barnett,133451,,45
Wolverhampton Wanderers,Tawanda Chirewa,142702,,62
Sheffield United,Oliver McBurnie,3332,Center Forward,9
Sheffield United,Max Lowe,4226,Left Wing Back,3
Sheffield United,John Fleck,4563,,4
Sheffield United,George Baldock,4571,Right Center Back,2
Sheffield United,Adam Davies,4584,,1
Sheffield United,Ben Osborn,4732,,23
Sheffield United,Jack Robinson,10485,Center Back,19
Sheffield United,Oliver James Norwood,11013,Right Defensive Midfield,16
Sheffield United,Jayden Bogle,11896,Right Wing Back,20
Sheffield United,Auston Trusty,12359,Left Center Back,5
Sheffield United,Gustavo Hamer,15304,Left Wing,8
Sheffield United,Wesley Foderingham,21018,Goalkeeper,18
Sheffield United,Vinicius de Souza Costa,32587,Left Defensive Midfield,21
Sheffield United,Yasser Larouci,34793,Left Wing Back,27
Sheffield United,Anis Ben Slimane,35592,Right Wing,25
Sheffield United,Luke Thomas,42747,,14
Sheffield United,James McAtee,49667,Right Wing,28
Sheffield United,Cameron Archer,50563,Center Forward,10
Sheffield United,Bénie Adama Traoré,107581,,11
Sheffield United,Andre Brooks,153124,Left Wing,35
Aston Villa,Diego Carlos Santos Silva,3366,,3
Aston Villa,Calum Chambers,3713,,16
Aston Villa,Ezri Konsa Ngoyo,3822,Right Center Back,4
Aston Villa,Matty Cash,4734,Right Back,2
Aston Villa,Ollie Watkins,4760,Center Forward,11
Aston Villa,Leander Dendoncker,6331,,32
Aston Villa,Douglas Luiz Soares de Paulo,6574,Left Defensive Midfield,6
Aston Villa,Clément Lenglet,6826,Left Center Back,17
Aston Villa,Lucas Digne,6849,Left Back,12
Aston Villa,Damián Emiliano Martínez,6909,Goalkeeper,1
Aston Villa,Leon Bailey Butler,8214,Right Midfield,31
Aston Villa,Moussa Diaby,8292,Center Attacking Midfield,19
Aston Villa,John McGinn,9974,Right Defensive Midfield,7
Aston Villa,Alejandro Moreno Lopera,11538,Left Back,15
Aston Villa,Nicolò Zaniolo,16062,Right Midfield,22
Aston Villa,Jacob Ramsey,23500,Left Midfield,41
Aston Villa,Jhon Jáder Durán Palacio,30976,Center Attacking Midfield,24
Aston Villa,Tim Iroegbunam,113387,,47
Aston Villa,Filip Marschall,122566,,42
Aston Villa,Tommi O'Reilly,122572,,58
Brighton & Hove Albion,Lewis Dunk,3088,Left Center Back,5
Brighton & Hove Albion,Pascal Groß,3097,Center Attacking Midfield,13
Brighton & Hove Albion,James Philip Milner,3473,,6
Brighton & Hove Albion,Daniel Nii Tackie Mensah Welbeck,3569,Center Forward,18
Brighton & Hove Albion,Adam David Lallana,4090,Right Back,14
Brighton & Hove Albion,Mahmoud Dahoud,8238,,8
Brighton & Hove Albion,Igor Julio dos Santos de Paulo,9741,Left Back,3
Brighton & Hove Albion,João Pedro Junqueira de Jesus,25299,Center Forward,9
Brighton & Hove Albion,Jakub Moder,29480,Left Wing,15
Brighton & Hove Albion,Jan Paul van Hecke,30691,Right Center Back,29
Brighton & Hove Albion,Billy Gilmour,31067,Left Defensive Midfield,11
Brighton & Hove Albion,Kaoru Mitoma,37211,Left Wing,22
Brighton & Hove Albion,Bart Verbruggen,37274,Goalkeeper,1
Brighton & Hove Albion,Jason Steele,47553,,23
Brighton & Hove Albion,Evan Ferguson,51156,,28
Brighton & Hove Albion,Simon Adingra,105392,Right Wing,24
Brighton & Hove Albion,Jack Hinshelwood,155312,Right Back,41
Brighton & Hove Albion,Leigh Robert Kavanagh,155313,,52
Brighton & Hove Albion,Facundo Valentín Buonanotte,196954,Right Wing,40
Brighton & Hove Albion,Carlos Baleba,226169,Right Defensive Midfield,20
Crystal Palace,James Tomkins,3316,,5
Crystal Palace,Jordan Ayew,3450,Left Wing,9
Crystal Palace,Jeffrey Schlupp,3520,,15
Crystal Palace,Jaïro Riedewald,3591,,44
Crystal Palace,Remi Matthews,4059,,31
Crystal Palace,Dean Henderson,4073,Goalkeeper,30
Crystal Palace,Will Hughes,4588,Left Center Midfield,19
Crystal Palace,Nathaniel Edwin Clyne,4590,Right Back,17
Crystal Palace,Jefferson Andrés Lerma Solís,5678,Right Center Midfield,8
Crystal Palace,Jean-Philippe Mateta,7403,Center Forward,14
Crystal Palace,Joachim Andersen,8247,Right Center Back,16
Crystal Palace,Eberechi Eze,9000,Left Wing,10
Crystal Palace,Michael Olise,24215,Right Wing,7
Crystal Palace,Marc Guehi,34526,Left Center Back,6
Crystal Palace,Naouirou Ahamada,39413,,29
Crystal Palace,Chris Richards,41266,Center Defensive Midfield,26
Crystal Palace,Tyrick Mitchell,41437,Left Back,3
Crystal Palace,Matheus França de Oliveira,114491,,11
Crystal Palace,David Ozoh,138813,Right Center Midfield,52
Crystal Palace,Malcolm Ebiowei,141397,,23
Burnley,Nathan Redmond,3286,Left Center Forward,15
Burnley,Michael Obafemi,3624,,45
Burnley,Charles James Taylor,3627,Left Back,3
Burnley,Jay Rodriguez,3685,Right Center Forward,9
Burnley,Connor Roberts,4774,Right Midfield,14
Burnley,Josh Cullen,4837,,24
Burnley,Jacob Bruun Larsen,8961,Right Midfield,34
Burnley,Joshua Brownhill,9607,Left Defensive Midfield,8
Burnley,Louis Jordan Beyer,12322,Left Center Back,5
Burnley,Arijanet Murić,16234,,49
Burnley,Sander Berge,16553,Right Defensive Midfield,16
Burnley,Dara Joseph O'Shea,18753,Right Center Back,2
Burnley,Mike Trésor Ndayishimiye,21889,Left Midfield,31
Burnley,Hannes Delcroix,22219,Left Midfield,44
Burnley,Victor Alexander da Silva,24016,Right Back,22
Burnley,Lyle Foster,29840,Right Center Forward,17
Burnley,James Trafford,42298,Goalkeeper,1
Burnley,Mohamed Zeki Amdouni,48335,Left Center Forward,25
Burnley,Anass Zaroury,131037,,19
Burnley,Wilson Odobert,151924,Left Midfield,47
Fulham,Alex Iwobi,3647,Left Wing,22
Fulham,Fodé Ballo Touré,3675,Left Back,12
Fulham,Kenny Tete,3798,,2
Fulham,Marek Rodák,4152,,1
Fulham,Issa Diop,4349,,31
Fulham,Antonee Robinson,4614,Left Back,33
Fulham,Saša Lukić,6687,,28
Fulham,Andreas Hoelgebaum Pereira,6846,Center Attacking Midfield,18
Fulham,Timothy Castagne,6989,Right Back,21
Fulham,Harry Wilson,9540,Right Wing,8
Fulham,Oluwatosin Adarabioyo,9650,Right Center Back,4
Fulham,Bobby Armani De Cordova-Reid,9923,Center Attacking Midfield,14
Fulham,Tom Cairney,10284,Left Defensive Midfield,10
Fulham,Harrison Reed,11936,Right Defensive Midfield,6
Fulham,João Maria Lobo Alves Palhinha Gonçalves,12169,Right Defensive Midfield,26
Fulham,Carlos Vinícius Alves Morais,13639,Center Forward,30
Fulham,Bernd Leno,15581,Goalkeeper,17
Fulham,Calvin Bassey Ughelumba,43779,Left Center Back,3
Fulham,Rodrigo Muniz Carvalho,49049,Center Forward,19
Fulham,Luke Harris,139815,,38
Arsenal,Gabriel Fernando de Jesus,3202,Center Forward,9
Arsenal,Cédric Ricardo Alves Soares,3329,,17
Arsenal,Mohamed Naser Elsayed Elneny,3568,,25
Arsenal,Reiss Nelson,3571,,24
Arsenal,Oleksandr Zinchenko,3575,Left Back,35
Arsenal,Edward Nketiah,3737,Center Forward,14
Arsenal,Declan Rice,3943,Center Defensive Midfield,41
Arsenal,David Raya Martin,4127,Goalkeeper,22
Arsenal,Gabriel dos Santos Magalhães,6406,Left Center Back,6
Arsenal,Jorge Luiz Frello Filho,7024,,20
Arsenal,Martin Ødegaard,8252,Right Center Midfield,8
Arsenal,Kai Havertz,8966,Left Center Midfield,29
Arsenal,Leandro Trossard,16559,Left Wing,19
Arsenal,Emile Smith Rowe,16591,,10
Arsenal,William Saliba,17592,Right Center Back,2
Arsenal,Bukayo Saka,22084,Right Wing,7
Arsenal,Aaron Ramsdale,22783,,1
Arsenal,Ben White,22809,Right Back,4
Arsenal,Gabriel Teodoro Martinelli Silva,29976,Left Wing,11
Arsenal,Jakub Piotr Kiwior,44166,,15
Liverpool,Joe Gomez,3495,Left Back,2
Liverpool,Mohamed Salah,3531,Right Wing,11
Liverpool,Trent Alexander-Arnold,3664,Right Back,66
Liverpool,Virgil van Dijk,3669,Left Center Back,4
Liverpool,Alisson Ramsés Becker,5547,Goalkeeper,1
Liverpool,Konstantinos Tsimikas,8489,Left Back,21
Liverpool,Ibrahima Konaté,11135,Right Center Back,5
Liverpool,Cody Mathès Gakpo,20750,Center Forward,18
Liverpool,Dominik Szoboszlai,21209,Right Center Midfield,8
Liverpool,Ryan Gravenberch,23230,Left Center Midfield,38
Liverpool,Wataru Endo,23721,Center Defensive Midfield,3
Liverpool,Harvey Elliott,24938,Right Wing,19
Liverpool,Luis Fernando Díaz Marulanda,27158,Left Wing,7
Liverpool,Darwin Gabriel Núñez Ribeiro,32478,Center Forward,9
Liverpool,Curtis Jones,33231,Left Center Midfield,17
Liverpool,Caoimhin Kelleher,34959,,62
Liverpool,Conor Bradley,40209,,84
Liverpool,Jarell Quansah,40908,,78
Liverpool,James McConnell,133356,,53
Liverpool,Bobby Clark,136677,,42
Newcastle United,Matt Ritchie,3049,,11
Newcastle United,Paul Dummett,3065,,3
Newcastle United,Jamaal Lascelles,3081,Right Center Back,6
Newcastle United,Kieran Trippier,3308,Right Back,2
Newcastle United,Callum Wilson,3616,Center Forward,9
Newcastle United,Loris Karius,3630,,18
Newcastle United,Martin Dúbravka,3711,Goalkeeper,1
Newcastle United,Dan Burn,3864,Left Back,33
Newcastle United,Sean Longstaff,4031,Right Center Midfield,36
Newcastle United,Fabian Lukas Schär,5537,Left Center Back,5
Newcastle United,Emil Krafth,6358,,17
Newcastle United,Alexander Isak,8819,Left Center Midfield,14
Newcastle United,Miguel Ángel Almirón Rejala,12603,Right Wing,24
Newcastle United,Sven Botman,21551,Right Center Back,4
Newcastle United,Bruno Guimarães Rodriguez Moura,25142,Center Defensive Midfield,39
Newcastle United,Anthony Gordon,28104,Left Wing,10
Newcastle United,Valentino Livramento,39241,Left Wing,21
Newcastle United,Lewis Miley,134048,Left Center Midfield,67
Newcastle United,Lewis Hall,134092,Left Back,20
Newcastle United,Alex Murphy,406072,,54
Luton Town,Andros Townsend,3297,Right Attacking Midfield,30
Luton Town,Amari'i Bell,4128,Left Center Back,29
Luton Town,Carlton Morris,4220,Center Forward,9
Luton Town,Ross Barkley,4275,Left Defensive Midfield,6
Luton Town,Jordan Clark,9442,,18
Luton Town,Timothy Michael Krul,9467,,23
Luton Town,Pelly Ruddock Mpanzu,9674,Right Defensive Midfield,17
Luton Town,Elijah Adebayo,9827,Center Forward,11
Luton Town,Jacob Brown,12197,Left Attacking Midfield,19
Luton Town,Chiedozie Ogbene,13306,Right Attacking Midfield,7
Luton Town,Cauley Woodrow,21090,,10
Luton Town,Albert-Mboyo Sambi Lokonga,21304,Right Defensive Midfield,28
Luton Town,Gabriel Osho,22347,Center Back,2
Luton Town,Tahith Chong,23636,,14
Luton Town,Thomas Kaminski,23741,Goalkeeper,24
Luton Town,Mads Juel Andersen,24332,Left Center Back,5
Luton Town,Ryan Giles,29397,Left Wing Back,26
Luton Town,Alfie Doughty,33074,Left Wing Back,45
Luton Town,Issa Kabore,35471,Right Wing Back,12
Luton Town,Teden Mengi,43604,Right Center Back,15
Brentford,Mathias Jørgensen Jatta,3027,Right Center Back,13
Brentford,Ben Mee,3663,Left Center Back,16
Brentford,Ivan Toney,3834,Left Center Forward,17
Brentford,Neal Maupay,4766,Right Center Forward,7
Brentford,Saman Ghoddos,5240,Right Wing Back,14
Brentford,Christian Nørgaard,7097,Center Defensive Midfield,6
Brentford,Yoane Wissa,7294,Right Center Forward,11
Brentford,Thomas Strakosha,7789,,21
Brentford,Kristoffer Vassbakk Ajer,10532,Center Back,20
Brentford,Shandon Baptiste,11403,,26
Brentford,Vitaly Janelt,12074,Left Center Midfield,27
Brentford,Sergio Reguilón Rodríguez,18620,Left Wing Back,12
Brentford,Mathias Jensen,18722,Left Center Midfield,8
Brentford,Mads Roerslev,24440,Right Wing Back,30
Brentford,Mikkel Damsgaard,24443,Right Center Midfield,24
Brentford,Frank Onyeka,24467,Right Center Midfield,15
Brentford,Nathan Michael Collins,24824,,22
Brentford,Mark Flekken,25000,Goalkeeper,1
Brentford,Keane Lewis-Potter,32928,Left Wing Back,23
Brentford,Ehor Yarmolyuk,45803,,33
Manchester City,Ederson Santana de Moraes,3067,Goalkeeper,31
Manchester City,Kevin De Bruyne,3089,,17
Manchester City,Bernardo Mota Veiga de Carvalho e Silva,3193,Left Defensive Midfield,20
Manchester City,Kyle Walker,3205,Right Back,2
Manchester City,John Stones,3244,Right Center Back,5
Manchester City,Nathan Aké,3306,,6
Manchester City,Phil Foden,4354,Right Wing,47
Manchester City,Scott Carson,4815,,33
Manchester City,Rúben Santos Gato Alves Dias,5206,Left Center Back,3
Manchester City,Mateo Kovačić,5456,Center Attacking Midfield,8
Manchester City,Manuel Obafemi Akanji,5549,Left Back,25
Manchester City,Rodrigo Hernández Cascante,6765,Right Defensive Midfield,16
Manchester City,Stefan Ortega Moreno,9194,,18
Manchester City,Sergio Gómez Martín,22199,,21
Manchester City,Erling Håland,23616,Center Forward,9
Manchester City,Jeremy Doku,23650,Left Wing,11
Manchester City,Julián Álvarez,29560,Center Attacking Midfield,19
Manchester City,Matheus Luiz Nunes,40874,,27
Manchester City,Rico Lewis,48705,,82
Manchester City,Oscar Bobb,104825,Left Wing,52
AFC Bournemouth,Philip Billing,3331,Center Attacking Midfield,29
AFC Bournemouth,Dominic Solanke,3614,Center Forward,9
AFC Bournemouth,Lewis Cook,3615,Right Defensive Midfield,4
AFC Bournemouth,Kieffer Roberto Francisco Moore,3853,Left Back,21
AFC Bournemouth,Marcus Tavernier,4111,Left Wing,16
AFC Bournemouth,Joe Rothwell,4143,Left Defensive Midfield,8
AFC Bournemouth,David Brooks,4567,Center Attacking Midfield,7
AFC Bournemouth,Chris Mepham,4767,,6
AFC Bournemouth,Adam Smith,6409,Right Back,15
AFC Bournemouth,Norberto Murara Neto,6590,Goalkeeper,1
AFC Bournemouth,Justin Kluivert,8063,,19
AFC Bournemouth,Antoine Semenyo,9286,Right Wing,24
AFC Bournemouth,Ryan Christie,12510,Left Defensive Midfield,10
AFC Bournemouth,Luis Fernando Sinisterra Lucumí,16184,Right Wing,17
AFC Bournemouth,Mark Travers,24937,,42
AFC Bournemouth,Marcos Senesi,27773,Left Center Back,25
AFC Bournemouth,Illia Zabarnyi,39136,Right Center Back,27
AFC Bournemouth,Alex Scott,91951,Right Defensive Midfield,14
AFC Bournemouth,Dango Aboubacar Faissal Ouattara,95042,Left Back,11
AFC Bournemouth,Ben Greenwood,224550,,43
Nottingham Forest,Moussa Niakhate,3198,Right Center Back,19
Nottingham Forest,Chris Wood,3505,Center Forward,11
Nottingham Forest,Cheikhou Kouyaté,3684,,8
Nottingham Forest,Ryan Yates,4239,Right Defensive Midfield,22
Nottingham Forest,Callum Hudson-Odoi,4274,Left Midfield,14
Nottingham Forest,Divock Okoth Origi,4747,Right Wing,27
Nottingham Forest,Harry Toffolo,6555,Left Back,15
Nottingham Forest,Orel Mangala,8950,Left Defensive Midfield,5
Nottingham Forest,Willy Boly,9933,Left Center Back,30
Nottingham Forest,Morgan Gibbs-White,9934,Center Attacking Midfield,10
Nottingham Forest,Odisseas Vlachodimos,10332,,23
Nottingham Forest,Temitayo Olufisayo Olaoluwa Aina,11492,Left Back,43
Nottingham Forest,Matthew Charles Turner,12352,Goalkeeper,1
Nottingham Forest,Gonzalo Ariel Montiel,28263,,29
Nottingham Forest,Nicolás Martín Domínguez,28672,,16
Nottingham Forest,Nuno Albertino Varela Tavares,30040,,3
Nottingham Forest,Neco Williams,34794,Right Back,7
Nottingham Forest,Danilo dos Santos de Oliveira,46451,Left Defensive Midfield,28
Nottingham Forest,Anthony Elanga,50991,Left Wing,21
Nottingham Forest,Murillo Santiago Costa dos Santos,271487,Right Center Back,40
Everton,Idrissa Gana Gueye,3436,Right Defensive Midfield,27
Everton,Michael Keane,3438,,5
Everton,Jordan Pickford,3468,Goalkeeper,1
Everton,Dominic Calvert-Lewin,3470,Center Forward,9
Everton,James Tarkowski,3628,Right Center Back,6
Everton,Ben Godfrey,4076,,22
Everton,Dwight McNeil,5111,Left Wing,7
Everton,Jack Harrison,9616,Right Wing,11
Everton,André Filipe Tavares Gomes,10802,Right Defensive Midfield,21
Everton,Arnaut Danjuma Groeneveld,16284,Right Wing,10
Everton,Vitalii Mykolenko,20827,Left Back,19
Everton,Andrew Michael Lonergan,23512,,31
Everton,James Garner,23625,Center Attacking Midfield,37
Everton,João Manuel Neves Virginia,29378,,12
Everton,Norberto Bercique Gomes Betuncal,30006,Left Defensive Midfield,14
Everton,Jarrad Branthwaite,32762,Left Center Back,32
Everton,Nathan Patterson,37338,Right Back,2
Everton,Amadou Onana,48347,Left Defensive Midfield,8
Everton,Mackenzie Hunt,49671,,58
Everton,Youssef Ramalho Chermiti,149581,,28
Tottenham Hotspur,Heung-Min Son,3083,Left Wing,7
Tottenham Hotspur,Ben Davies,3086,Left Center Back,33
Tottenham Hotspur,Richarlison de Andrade,3280,Center Forward,9
Tottenham Hotspur,Giovani Lo Celso,3313,Center Attacking Midfield,18
Tottenham Hotspur,Pierre-Emile Højbjerg,3570,Center Forward,5
Tottenham Hotspur,Fraser Forster,3970,,20
Tottenham Hotspur,Eric Dier,10956,Right Center Back,15
Tottenham Hotspur,Pedro Antonio Porro Sauceda,11292,Right Back,23
Tottenham Hotspur,Cristian Gabriel Romero,20572,Right Center Back,17
Tottenham Hotspur,Oliver Skipp,22145,Left Defensive Midfield,4
Tottenham Hotspur,Bryan Gil Salvatierra,22418,,11
Tottenham Hotspur,Dejan Kulusevski,22818,Center Attacking Midfield,21
Tottenham Hotspur,Emerson Aparecido Leite de Souza Junior,23522,Left Back,12
Tottenham Hotspur,Brennan Johnson,29377,Right Wing,22
Tottenham Hotspur,Guglielmo Vicario,31225,Goalkeeper,13
Tottenham Hotspur,Pape Matar Sarr,50498,Right Defensive Midfield,29
Tottenham Hotspur,Alejo Véliz,112971,,36
Tottenham Hotspur,Alfie Dorrington,133198,,65
Tottenham Hotspur,Jamie Donley,133202,,63
Tottenham Hotspur,Ashley Famiwuya Phillips,133959,,35
Nottingham Forest,Ibrahim Sangaré,3017,Left Defensive Midfield,6
Nottingham Forest,Moussa Niakhate,3198,Right Center Back,19
Nottingham Forest,Chris Wood,3505,Center Forward,11
Nottingham Forest,Cheikhou Kouyaté,3684,Left Defensive Midfield,8
Nottingham Forest,Ryan Yates,4239,Left Defensive Midfield,22
Nottingham Forest,Callum Hudson-Odoi,4274,Left Wing,14
Nottingham Forest,Divock Okoth Origi,4747,,27
Nottingham Forest,Orel Mangala,8950,,5
Nottingham Forest,Morgan Gibbs-White,9934,Center Attacking Midfield,10
Nottingham Forest,Odisseas Vlachodimos,10332,,23
Nottingham Forest,Temitayo Olufisayo Olaoluwa Aina,11492,Left Back,43
Nottingham Forest,Matthew Charles Turner,12352,Goalkeeper,1
Nottingham Forest,Joe Worrall,16336,Right Wing,4
Nottingham Forest,Gonzalo Ariel Montiel,28263,Right Back,29
Nottingham Forest,Nicolás Martín Domínguez,28672,Left Wing,16
Nottingham Forest,Nuno Albertino Varela Tavares,30040,,3
Nottingham Forest,Neco Williams,34794,Right Back,7
Nottingham Forest,Danilo dos Santos de Oliveira,46451,Right Defensive Midfield,28
Nottingham Forest,Anthony Elanga,50991,Right Wing,21
Nottingham Forest,Murillo Santiago Costa dos Santos,271487,Left Center Back,40
Newcastle United,Matt Ritchie,3049,,11
Newcastle United,Paul Dummett,3065,,3
Newcastle United,Kieran Trippier,3308,Right Back,2
Newcastle United,Callum Wilson,3616,Right Wing,9
Newcastle United,Loris Karius,3630,,18
Newcastle United,Martin Dúbravka,3711,Goalkeeper,1
Newcastle United,Dan Burn,3864,Left Back,33
Newcastle United,Sean Longstaff,4031,Left Center Midfield,36
Newcastle United,Fabian Lukas Schär,5537,Right Center Back,5
Newcastle United,Emil Krafth,6358,,17
Newcastle United,Alexander Isak,8819,Center Forward,14
Newcastle United,Miguel Ángel Almirón Rejala,12603,Right Wing,24
Newcastle United,Joelinton Cassio Apolinário de Lira,13291,Left Center Midfield,7
Newcastle United,Sven Botman,21551,Left Center Back,4
Newcastle United,Bruno Guimarães Rodriguez Moura,25142,Center Defensive Midfield,39
Newcastle United,Anthony Gordon,28104,Left Wing,10
Newcastle United,Valentino Livramento,39241,Left Back,21
Newcastle United,Lewis Miley,134048,Right Center Midfield,67
Newcastle United,Lewis Hall,134092,Left Center Back,20
Newcastle United,Alex Murphy,406072,,54
Luton Town,Andros Townsend,3297,Right Attacking Midfield,30
Luton Town,Amari'i Bell,4128,Left Center Back,29
Luton Town,Carlton Morris,4220,Center Forward,9
Luton Town,Ross Barkley,4275,Left Defensive Midfield,6
Luton Town,Timothy Michael Krul,9467,,23
Luton Town,Pelly Ruddock Mpanzu,9674,Right Attacking Midfield,17
Luton Town,Elijah Adebayo,9827,Center Forward,11
Luton Town,James Shea,11720,,1
Luton Town,Jacob Brown,12197,Left Attacking Midfield,19
Luton Town,Chiedozie Ogbene,13306,Left Wing Back,7
Luton Town,Cauley Woodrow,21090,,10
Luton Town,Albert-Mboyo Sambi Lokonga,21304,Right Defensive Midfield,28
Luton Town,Luke Berry,22175,,8
Luton Town,Gabriel Osho,22347,Center Back,2
Luton Town,Tahith Chong,23636,,14
Luton Town,Thomas Kaminski,23741,Goalkeeper,24
Luton Town,Mads Juel Andersen,24332,Right Wing Back,5
Luton Town,Ryan Giles,29397,Left Wing Back,26
Luton Town,Alfie Doughty,33074,Right Wing Back,45
Luton Town,Teden Mengi,43604,Right Center Back,15
Sheffield United,Oliver McBurnie,3332,Right Center Forward,9
Sheffield United,Max Lowe,4226,Left Wing Back,3
Sheffield United,George Baldock,4571,Right Back,2
Sheffield United,Adam Davies,4584,,1
Sheffield United,Ben Osborn,4732,,23
Sheffield United,Jack Robinson,10485,Left Center Back,19
Sheffield United,Oliver James Norwood,11013,Center Defensive Midfield,16
Sheffield United,Auston Trusty,12359,Left Back,5
Sheffield United,Gustavo Hamer,15304,Left Midfield,8
Sheffield United,Wesley Foderingham,21018,Goalkeeper,18
Sheffield United,Anel Ahmedhodžić,27652,Right Center Back,15
Sheffield United,Rhys Norrington-Davies,29396,,33
Sheffield United,Vinicius de Souza Costa,32587,Right Defensive Midfield,21
Sheffield United,Rhian Brewster,34206,Left Center Back,7
Sheffield United,Anis Ben Slimane,35592,Left Center Midfield,25
Sheffield United,James McAtee,49667,Right Midfield,28
Sheffield United,Cameron Archer,50563,Left Center Forward,10
Sheffield United,Femi Seriki,119821,,38
Sheffield United,William Idamudia Daugaard Osula,121254,Left Center Forward,32
Sheffield United,Andre Brooks,153124,Left Defensive Midfield,35
Fulham,Alex Iwobi,3647,Left Wing,22
Fulham,Fodé Ballo Touré,3675,Left Back,12
Fulham,Kenny Tete,3798,Right Back,2
Fulham,Marek Rodák,4152,,1
Fulham,Issa Diop,4349,,31
Fulham,Antonee Robinson,4614,Left Back,33
Fulham,Saša Lukić,6687,Right Defensive Midfield,28
Fulham,Andreas Hoelgebaum Pereira,6846,Center Attacking Midfield,18
Fulham,Timothy Castagne,6989,Right Back,21
Fulham,Harry Wilson,9540,Right Wing,8
Fulham,Oluwatosin Adarabioyo,9650,Right Center Back,4
Fulham,Bobby Armani De Cordova-Reid,9923,Right Wing,14
Fulham,Tom Cairney,10284,Left Defensive Midfield,10
Fulham,Harrison Reed,11936,,6
Fulham,João Maria Lobo Alves Palhinha Gonçalves,12169,Right Defensive Midfield,26
Fulham,Carlos Vinícius Alves Morais,13639,Center Attacking Midfield,30
Fulham,Bernd Leno,15581,Goalkeeper,17
Fulham,Calvin Bassey Ughelumba,43779,Left Center Back,3
Fulham,Rodrigo Muniz Carvalho,49049,Center Forward,19
Fulham,Luke Harris,139815,,38
AFC Bournemouth,Philip Billing,3331,Center Attacking Midfield,29
AFC Bournemouth,Dominic Solanke,3614,Center Forward,9
AFC Bournemouth,Kieffer Roberto Francisco Moore,3853,,21
AFC Bournemouth,Marcus Tavernier,4111,Left Wing,16
AFC Bournemouth,Joe Rothwell,4143,,8
AFC Bournemouth,David Brooks,4567,Right Wing,7
AFC Bournemouth,Chris Mepham,4767,,6
AFC Bournemouth,Adam Smith,6409,Right Back,15
AFC Bournemouth,Norberto Murara Neto,6590,Goalkeeper,1
AFC Bournemouth,Justin Kluivert,8063,Center Attacking Midfield,19
AFC Bournemouth,Antoine Semenyo,9286,Right Wing,24
AFC Bournemouth,Ryan Christie,12510,Left Defensive Midfield,10
AFC Bournemouth,Luis Fernando Sinisterra Lucumí,16184,Left Wing,17
AFC Bournemouth,Maximillian James Aarons,16689,,37
AFC Bournemouth,Mark Travers,24937,,42
AFC Bournemouth,Marcos Senesi,27773,Left Center Back,25
AFC Bournemouth,Illia Zabarnyi,39136,Right Center Back,27
AFC Bournemouth,Alex Scott,91951,Right Defensive Midfield,14
AFC Bournemouth,Dango Aboubacar Faissal Ouattara,95042,Left Back,11
AFC Bournemouth,Ben Greenwood,224550,,43
West Ham United,Aaron Cresswell,3062,,3
West Ham United,Gnaly Maxwell Cornet,3162,,17
West Ham United,Łukasz Fabiański,3262,,1
West Ham United,James Ward-Prowse,3328,Center Attacking Midfield,7
West Ham United,Alphonse Areola,3379,Goalkeeper,23
West Ham United,Daniel William John Ings,3654,,18
West Ham United,Angelo Obinze Ogbonna,3843,Left Center Back,21
West Ham United,Emerson Palmieri dos Santos,4355,Left Back,33
West Ham United,Konstantinos Mavropanos,4781,Right Center Back,15
West Ham United,Tomáš Souček,4870,Right Defensive Midfield,28
West Ham United,Edson Omar Álvarez Velázquez,5567,Left Defensive Midfield,19
West Ham United,Pablo Fornals Malla,6764,,8
West Ham United,Mohamed Saïd Benrahma,7212,Left Wing,22
West Ham United,Thilo Kehrer,8511,,24
West Ham United,Jarrod Bowen,9640,Center Forward,20
West Ham United,Vladimír Coufal,16570,Right Back,5
West Ham United,Mohammed Kudus,17033,Right Wing,14
West Ham United,Lucas Tolentino Coelho de Lima,22600,Left Wing,10
West Ham United,Benjamin Johnson,23626,,2
West Ham United,Divin Mubama,141121,,45
Arsenal,Gabriel Fernando de Jesus,3202,Center Forward,9
Arsenal,Cédric Ricardo Alves Soares,3329,,17
Arsenal,Mohamed Naser Elsayed Elneny,3568,,25
Arsenal,Reiss Nelson,3571,Left Back,24
Arsenal,Oleksandr Zinchenko,3575,Left Back,35
Arsenal,Edward Nketiah,3737,Left Wing,14
Arsenal,Declan Rice,3943,Center Defensive Midfield,41
Arsenal,David Raya Martin,4127,Goalkeeper,22
Arsenal,Gabriel dos Santos Magalhães,6406,Left Center Back,6
Arsenal,Jorge Luiz Frello Filho,7024,,20
Arsenal,Martin Ødegaard,8252,Right Center Midfield,8
Arsenal,Leandro Trossard,16559,Left Center Midfield,19
Arsenal,Emile Smith Rowe,16591,Left Center Midfield,10
Arsenal,William Saliba,17592,Right Center Back,2
Arsenal,Bukayo Saka,22084,Right Wing,7
Arsenal,Aaron Ramsdale,22783,,1
Arsenal,Ben White,22809,Right Back,4
Arsenal,Gabriel Teodoro Martinelli Silva,29976,Left Wing,11
Arsenal,Jakub Piotr Kiwior,44166,,15
Arsenal,Ethan Chidiebere Nwaneri,307036,,63
Wolverhampton Wanderers,Mario Lemina,3951,Left Defensive Midfield,5
Wolverhampton Wanderers,Daniel Bentley,4773,,25
Wolverhampton Wanderers,Hee-Chan Hwang,5620,Center Forward,11
Wolverhampton Wanderers,Nélson Cabral Semedo,6374,Right Wing Back,22
Wolverhampton Wanderers,Pablo Sarabia García,6720,Right Attacking Midfield,21
Wolverhampton Wanderers,Matt Doherty,9925,Right Wing Back,2
Wolverhampton Wanderers,Rayan Aït Nouri,12111,Left Wing Back,3
Wolverhampton Wanderers,Matheus Santos Carneiro da Cunha,12425,Left Attacking Midfield,12
Wolverhampton Wanderers,Sasa Kalajdzic,18762,,18
Wolverhampton Wanderers,José Pedro Malheiro de Sá,18866,Goalkeeper,1
Wolverhampton Wanderers,Jean-Ricner Bellegarde,19718,Center Forward,27
Wolverhampton Wanderers,Pedro Lomba Neto,23256,,7
Wolverhampton Wanderers,Maximilian William Kilman,24940,Right Center Back,23
Wolverhampton Wanderers,Thomas Doyle,34789,Right Attacking Midfield,20
Wolverhampton Wanderers,Santiago Ignacio Bueno Sciutto,41138,Center Back,4
Wolverhampton Wanderers,João Victor Gomes da Silva,48720,Right Defensive Midfield,8
Wolverhampton Wanderers,Tote António Gomes,48941,Left Center Back,24
Wolverhampton Wanderers,Hugo Bueno,82220,Left Wing Back,17
Wolverhampton Wanderers,Tawanda Chirewa,142702,,62
Wolverhampton Wanderers,Joseph Hodge,207549,,32
Brentford,Mathias Jørgensen Jatta,3027,,13
Brentford,Ethan Pinnock,4610,Left Center Back,5
Brentford,Neal Maupay,4766,Center Forward,7
Brentford,Saman Ghoddos,5240,Left Back,14
Brentford,Christian Nørgaard,7097,Center Defensive Midfield,6
Brentford,Yoane Wissa,7294,Right Wing,11
Brentford,Thomas Strakosha,7789,,21
Brentford,Vitaly Janelt,12074,Left Center Midfield,27
Brentford,Mathias Jensen,18722,Right Wing Back,8
Brentford,Mads Roerslev,24440,Right Back,30
Brentford,Mikkel Damsgaard,24443,Right Center Midfield,24
Brentford,Nathan Michael Collins,24824,Right Center Back,22
Brentford,Mark Flekken,25000,Goalkeeper,1
Brentford,Keane Lewis-Potter,32928,Left Wing,23
Brentford,Myles Peart-Harris,39497,Left Wing Back,25
Brentford,Ehor Yarmolyuk,45803,Right Center Midfield,33
Brentford,Ethan Craig Brierley,47309,,38
Brentford,Valintino Adedokun,49388,,42
Brentford,Michael Olakigbe,133178,Right Center Forward,37
Brentford,Vincent Angelini,141756,,41
Tottenham Hotspur,Heung-Min Son,3083,Left Wing,7
Tottenham Hotspur,Ben Davies,3086,Left Center Back,33
Tottenham Hotspur,Richarlison de Andrade,3280,Center Forward,9
Tottenham Hotspur,Giovani Lo Celso,3313,Center Forward,18
Tottenham Hotspur,Pierre-Emile Højbjerg,3570,Left Defensive Midfield,5
Tottenham Hotspur,Fraser Forster,3970,,20
Tottenham Hotspur,Eric Dier,10956,,15
Tottenham Hotspur,Pedro Antonio Porro Sauceda,11292,Right Back,23
Tottenham Hotspur,Bryan Gil Salvatierra,22418,Right Defensive Midfield,11
Tottenham Hotspur,Dejan Kulusevski,22818,Center Attacking Midfield,21
Tottenham Hotspur,Emerson Aparecido Leite de Souza Junior,23522,Right Center Back,12
Tottenham Hotspur,Brennan Johnson,29377,Right Wing,22
Tottenham Hotspur,Guglielmo Vicario,31225,Goalkeeper,13
Tottenham Hotspur,Iyenoma Destiny Udogie,48461,Left Back,38
Tottenham Hotspur,Pape Matar Sarr,50498,Right Defensive Midfield,29
Tottenham Hotspur,Alejo Véliz,112971,Right Wing,36
Tottenham Hotspur,Alfie Dorrington,133198,,65
Tottenham Hotspur,Jamie Donley,133202,,63
Tottenham Hotspur,Yago de Santiago,133774,,58
Tottenham Hotspur,Ashley Famiwuya Phillips,133959,,35
Brighton & Hove Albion,Lewis Dunk,3088,Left Center Back,5
Brighton & Hove Albion,Pascal Groß,3097,Right Center Midfield,13
Brighton & Hove Albion,James Philip Milner,3473,Left Center Midfield,6
Brighton & Hove Albion,Daniel Nii Tackie Mensah Welbeck,3569,Right Center Forward,18
Brighton & Hove Albion,Adam David Lallana,4090,Left Center Forward,14
Brighton & Hove Albion,Mahmoud Dahoud,8238,,8
Brighton & Hove Albion,Igor Julio dos Santos de Paulo,9741,Left Back,3
Brighton & Hove Albion,Pervis Josué Estupiñán Tenorio,24085,Left Back,30
Brighton & Hove Albion,João Pedro Junqueira de Jesus,25299,Left Center Forward,9
Brighton & Hove Albion,Jakub Moder,29480,Left Center Midfield,15
Brighton & Hove Albion,Jan Paul van Hecke,30691,Right Center Back,29
Brighton & Hove Albion,Billy Gilmour,31067,Center Defensive Midfield,11
Brighton & Hove Albion,Bart Verbruggen,37274,,1
Brighton & Hove Albion,Jason Steele,47553,Goalkeeper,23
Brighton & Hove Albion,Evan Ferguson,51156,Right Center Forward,28
Brighton & Hove Albion,Luca Barrington,134102,,53
Brighton & Hove Albion,Benicio Baker-Boaitey,137622,,47
Brighton & Hove Albion,Jack Hinshelwood,155312,Right Back,41
Brighton & Hove Albion,Facundo Valentín Buonanotte,196954,Center Attacking Midfield,40
Brighton & Hove Albion,Carlos Baleba,226169,Center Attacking Midfield,20
Liverpool,Joe Gomez,3495,Left Back,2
Liverpool,Mohamed Salah,3531,Right Wing,11
Liverpool,Trent Alexander-Arnold,3664,Right Back,66
Liverpool,Virgil van Dijk,3669,Left Center Back,4
Liverpool,Alisson Ramsés Becker,5547,Goalkeeper,1
Liverpool,Diogo José Teixeira da Silva,9929,Center Forward,20
Liverpool,Ibrahima Konaté,11135,,5
Liverpool,Cody Mathès Gakpo,20750,Left Wing,18
Liverpool,Dominik Szoboszlai,21209,Left Wing,8
Liverpool,Ryan Gravenberch,23230,Left Center Midfield,38
Liverpool,Wataru Endo,23721,Center Defensive Midfield,3
Liverpool,Harvey Elliott,24938,Right Center Midfield,19
Liverpool,Luis Fernando Díaz Marulanda,27158,Left Wing,7
Liverpool,Darwin Gabriel Núñez Ribeiro,32478,Center Forward,9
Liverpool,Curtis Jones,33231,Left Center Midfield,17
Liverpool,Caoimhin Kelleher,34959,,62
Liverpool,Conor Bradley,40209,,84
Liverpool,Jarell Quansah,40908,Right Center Back,78
Liverpool,Luke Chambers,51042,,44
Liverpool,James McConnell,133356,,53
Burnley,Nathan Redmond,3286,Right Center Forward,15
Burnley,Charles James Taylor,3627,Left Back,3
Burnley,Jay Rodriguez,3685,,9
Burnley,Johann Berg Guðmunds­son,3720,Right Midfield,7
Burnley,Connor Roberts,4774,,14
Burnley,Josh Cullen,4837,,24
Burnley,Jacob Bruun Larsen,8961,Left Center Forward,34
Burnley,Joshua Brownhill,9607,Left Defensive Midfield,8
Burnley,Louis Jordan Beyer,12322,Left Center Back,5
Burnley,Arijanet Murić,16234,,49
Burnley,Sander Berge,16553,Right Defensive Midfield,16
Burnley,Dara Joseph O'Shea,18753,Right Center Back,2
Burnley,Mike Trésor Ndayishimiye,21889,Left Midfield,31
Burnley,Hannes Delcroix,22219,,44
Burnley,Victor Alexander da Silva,24016,Right Back,22
Burnley,Lyle Foster,29840,Right Center Forward,17
Burnley,James Trafford,42298,Goalkeeper,1
Burnley,Mohamed Zeki Amdouni,48335,Left Center Forward,25
Burnley,Aaron Ramsey,122567,Left Defensive Midfield,21
Burnley,Wilson Odobert,151924,Right Midfield,47
Crystal Palace,James Tomkins,3316,,5
Crystal Palace,Jordan Ayew,3450,Left Wing,9
Crystal Palace,Jeffrey Schlupp,3520,Left Wing,15
Crystal Palace,Jaïro Riedewald,3591,,44
Crystal Palace,Remi Matthews,4059,,31
Crystal Palace,Dean Henderson,4073,Goalkeeper,30
Crystal Palace,Will Hughes,4588,,19
Crystal Palace,Nathaniel Edwin Clyne,4590,Right Back,17
Crystal Palace,Jefferson Andrés Lerma Solís,5678,Right Center Midfield,8
Crystal Palace,Jean-Philippe Mateta,7403,Center Forward,14
Crystal Palace,Joachim Andersen,8247,Right Center Back,16
Crystal Palace,Eberechi Eze,9000,Left Center Midfield,10
Crystal Palace,Michael Olise,24215,Right Wing,7
Crystal Palace,Marc Guehi,34526,Left Center Back,6
Crystal Palace,Naouirou Ahamada,39413,,29
Crystal Palace,Chris Richards,41266,Center Defensive Midfield,26
Crystal Palace,Tyrick Mitchell,41437,Left Back,3
Crystal Palace,Matheus França de Oliveira,114491,Left Wing,11
Crystal Palace,Tayo Adaramola,138807,,45
Crystal Palace,David Ozoh,138813,,52
Chelsea,Christopher Nkunku,3025,Center Attacking Midfield,18
Chelsea,Thiago Emiliano da Silva,3295,Left Back,6
Chelsea,Axel Disasi,7439,Right Center Back,2
Chelsea,Marcus Bettinelli,12258,,13
Chelsea,Benoît Badiashile Mukinayi,21368,Left Center Back,5
Chelsea,Conor Gallagher,29399,Right Defensive Midfield,23
Chelsea,Chukwunonso Madueke,31506,Right Wing,11
Chelsea,Đorđe Petrović,32565,Goalkeeper,28
Chelsea,Armando Broja,36885,Left Wing,19
Chelsea,Moisés Isaac Caicedo Corozo,37726,Left Defensive Midfield,25
Chelsea,Levi Colwill,38992,Left Back,26
Chelsea,Ian Maatsen,39092,Right Wing,29
Chelsea,Malo Gusto,39260,Right Back,27
Chelsea,Mykhailo Mudryk,39483,Left Wing,10
Chelsea,Roméo Lavia,48710,Right Wing,45
Chelsea,Nicolas Jackson,50497,Center Forward,15
Chelsea,Lucas Carl Edvard Bergström,52170,,47
Chelsea,Alfie Gilchrist,109640,Left Center Back,42
Chelsea,Leo Castledine,134090,,54
Chelsea,Alex Matos,235092,,52
Manchester City,Ederson Santana de Moraes,3067,Goalkeeper,31
Manchester City,Bernardo Mota Veiga de Carvalho e Silva,3193,Right Wing,20
Manchester City,Kyle Walker,3205,Right Back,2
Manchester City,John Stones,3244,Right Center Back,5
Manchester City,Nathan Aké,3306,Left Back,6
Manchester City,Phil Foden,4354,Center Attacking Midfield,47
Manchester City,Kalvin Phillips,4706,,4
Manchester City,Mateo Kovačić,5456,Right Defensive Midfield,8
Manchester City,Manuel Obafemi Akanji,5549,Left Center Back,25
Manchester City,Rodrigo Hernández Cascante,6765,Left Defensive Midfield,16
Manchester City,Stefan Ortega Moreno,9194,,18
Manchester City,Jack Grealish,9638,Left Wing,10
Manchester City,Sergio Gómez Martín,22199,,21
Manchester City,Julián Álvarez,29560,Center Forward,19
Manchester City,Joško Gvardiol,33018,Right Center Back,24
Manchester City,Matheus Luiz Nunes,40874,Right Defensive Midfield,27
Manchester City,Micah Hamilton,48702,,92
Manchester City,Rico Lewis,48705,,82
Manchester City,Oscar Bobb,104825,,52
Manchester City,Mahamadou Susoho,134106,,76
Everton,Michael Keane,3438,Center Attacking Midfield,5
Everton,Jordan Pickford,3468,Goalkeeper,1
Everton,Dominic Calvert-Lewin,3470,Center Forward,9
Everton,James Tarkowski,3628,Right Center Back,6
Everton,Ben Godfrey,4076,,22
Everton,Séamus Coleman,4589,,23
Everton,Dwight McNeil,5111,Left Wing,7
Everton,Jack Harrison,9616,Right Wing,11
Everton,André Filipe Tavares Gomes,10802,Center Attacking Midfield,21
Everton,Arnaut Danjuma Groeneveld,16284,Right Wing,10
Everton,Vitalii Mykolenko,20827,Left Back,19
Everton,James Garner,23625,Right Defensive Midfield,37
Everton,João Manuel Neves Virginia,29378,,12
Everton,Norberto Bercique Gomes Betuncal,30006,Center Forward,14
Everton,Jarrad Branthwaite,32762,Left Center Back,32
Everton,Nathan Patterson,37338,Right Back,2
Everton,Amadou Onana,48347,Left Defensive Midfield,8
Everton,Mackenzie Hunt,49671,,58
Everton,Lewis Norman Dobbin,50505,,61
Everton,Youssef Ramalho Chermiti,149581,,28
Aston Villa,Diego Carlos Santos Silva,3366,Right Center Back,3
Aston Villa,Calum Chambers,3713,,16
Aston Villa,Ezri Konsa Ngoyo,3822,Right Back,4
Aston Villa,Ollie Watkins,4760,Center Forward,11
Aston Villa,Leander Dendoncker,6331,Right Defensive Midfield,32
Aston Villa,Douglas Luiz Soares de Paulo,6574,Left Defensive Midfield,6
Aston Villa,Clément Lenglet,6826,Left Center Back,17
Aston Villa,Lucas Digne,6849,Left Back,12
Aston Villa,Pau Francisco Torres,6892,,14
Aston Villa,Damián Emiliano Martínez,6909,Goalkeeper,1
Aston Villa,Leon Bailey Butler,8214,Right Wing,31
Aston Villa,Moussa Diaby,8292,Left Wing,19
Aston Villa,John McGinn,9974,Center Attacking Midfield,7
Aston Villa,Alejandro Moreno Lopera,11538,Left Back,15
Aston Villa,Nicolò Zaniolo,16062,Right Wing,22
Aston Villa,Jacob Ramsey,23500,Left Wing,41
Aston Villa,Jhon Jáder Durán Palacio,30976,Left Wing,24
Aston Villa,Tim Iroegbunam,113387,Right Defensive Midfield,47
Aston Villa,Filip Marschall,122566,,42
Aston Villa,Sam Proctor,347039,,78
Manchester United,Christian Dannemann Eriksen,3043,Left Center Midfield,14
Manchester United,Marcus Rashford,3318,Left Wing,10
Manchester United,Scott McTominay,3620,Center Defensive Midfield,39
Manchester United,Aaron Wan-Bissaka,3690,Right Back,29
Manchester United,Bruno Miguel Borges Fernandes,5204,Right Center Midfield,8
Manchester United,Raphaël Varane,5485,Right Center Back,19
Manchester United,Donny van de Beek,8062,,34
Manchester United,André Onana,8064,Goalkeeper,24
Manchester United,Jonathan Grant Evans,11012,Left Center Back,35
Manchester United,José Diogo Dalot Teixeira,16028,Left Back,20
Manchester United,Sergio Reguilón Rodríguez,18620,,15
Manchester United,Antony Matheus dos Santos,25363,Left Wing,21
Manchester United,Altay Bayındır,30442,,1
Manchester United,Facundo Pellistri Rebollo,36288,,28
Manchester United,Hannibal Mejbri,50988,Left Center Forward,46
Manchester United,Rasmus Winther Højlund,51672,Center Forward,11
Manchester United,Alejandro Garnacho Ferreyra,52129,Right Wing,17
Manchester United,Daniel Gore,99173,Left Center Midfield,44
Manchester United,Kobbie Mainoo,99174,Center Defensive Midfield,37
Manchester United,Willy Kambwala Ndengushi,144086,Center Forward,53
Brighton & Hove Albion,Pascal Groß,3097,Right Center Midfield,13
Brighton & Hove Albion,James Philip Milner,3473,Left Center Midfield,6
Brighton & Hove Albion,Daniel Nii Tackie Mensah Welbeck,3569,Right Center Forward,18
Brighton & Hove Albion,Adam David Lallana,4090,Center Attacking Midfield,14
Brighton & Hove Albion,Mahmoud Dahoud,8238,,8
Brighton & Hove Albion,Adam Webster,9601,Right Center Back,4
Brighton & Hove Albion,Pervis Josué Estupiñán Tenorio,24085,Left Back,30
Brighton & Hove Albion,João Pedro Junqueira de Jesus,25299,Left Center Forward,9
Brighton & Hove Albion,Jakub Moder,29480,Right Center Back,15
Brighton & Hove Albion,Jan Paul van Hecke,30691,Left Center Back,29
Brighton & Hove Albion,Billy Gilmour,31067,Center Defensive Midfield,11
Brighton & Hove Albion,Bart Verbruggen,37274,,1
Brighton & Hove Albion,Jason Steele,47553,Goalkeeper,23
Brighton & Hove Albion,Evan Ferguson,51156,Right Center Forward,28
Brighton & Hove Albion,Imari Narain Samuels,74885,,43
Brighton & Hove Albion,Benicio Baker-Boaitey,137622,,47
Brighton & Hove Albion,Jack Hinshelwood,155312,Right Back,41
Brighton & Hove Albion,Leigh Robert Kavanagh,155313,,52
Brighton & Hove Albion,Facundo Valentín Buonanotte,196954,Center Attacking Midfield,40
Brighton & Hove Albion,Carlos Baleba,226169,,20
West Ham United,Aaron Cresswell,3062,,3
West Ham United,Gnaly Maxwell Cornet,3162,,17
West Ham United,Łukasz Fabiański,3262,,1
West Ham United,James Ward-Prowse,3328,Left Center Midfield,7
West Ham United,Alphonse Areola,3379,Goalkeeper,23
West Ham United,Daniel William John Ings,3654,,18
West Ham United,Angelo Obinze Ogbonna,3843,Left Center Back,21
West Ham United,Emerson Palmieri dos Santos,4355,Left Back,33
West Ham United,Konstantinos Mavropanos,4781,Right Center Back,15
West Ham United,Tomáš Souček,4870,Right Center Midfield,28
West Ham United,Edson Omar Álvarez Velázquez,5567,Center Defensive Midfield,19
West Ham United,Pablo Fornals Malla,6764,Right Midfield,8
West Ham United,Mohamed Saïd Benrahma,7212,Left Midfield,22
West Ham United,Jarrod Bowen,9640,Center Forward,20
West Ham United,Benjamin Johnson,23626,Right Back,2
West Ham United,Conor Coventry,34188,,32
West Ham United,Levi Laing,110773,,53
West Ham United,Divin Mubama,141121,Left Midfield,45
West Ham United,Kaelan Casey,141126,,42
West Ham United,Lewis Orford,141127,,61
Burnley,Nathan Redmond,3286,,15
Burnley,Michael Obafemi,3624,,45
Burnley,Charles James Taylor,3627,Left Back,3
Burnley,Jay Rodriguez,3685,,9
Burnley,Johann Berg Guðmunds­son,3720,Right Midfield,7
Burnley,Connor Roberts,4774,Right Midfield,14
Burnley,Jacob Bruun Larsen,8961,,34
Burnley,Joshua Brownhill,9607,Left Defensive Midfield,8
Burnley,Louis Jordan Beyer,12322,Left Center Back,5
Burnley,Arijanet Murić,16234,,49
Burnley,Sander Berge,16553,Right Defensive Midfield,16
Burnley,Dara Joseph O'Shea,18753,Right Center Back,2
Burnley,Mike Trésor Ndayishimiye,21889,Left Midfield,31
Burnley,Hannes Delcroix,22219,Left Center Back,44
Burnley,Victor Alexander da Silva,24016,Right Back,22
Burnley,Lyle Foster,29840,Right Center Forward,17
Burnley,James Trafford,42298,Goalkeeper,1
Burnley,Mohamed Zeki Amdouni,48335,Left Center Forward,25
Burnley,Aaron Ramsey,122567,Left Center Forward,21
Burnley,Wilson Odobert,151924,Left Midfield,47
Aston Villa,Diego Carlos Santos Silva,3366,Right Center Back,3
Aston Villa,Calum Chambers,3713,,16
Aston Villa,Ezri Konsa Ngoyo,3822,Right Back,4
Aston Villa,Ollie Watkins,4760,Center Forward,11
Aston Villa,Leander Dendoncker,6331,Right Midfield,32
Aston Villa,Douglas Luiz Soares de Paulo,6574,Left Defensive Midfield,6
Aston Villa,Clément Lenglet,6826,Left Center Back,17
Aston Villa,Pau Francisco Torres,6892,Left Center Back,14
Aston Villa,Damián Emiliano Martínez,6909,Goalkeeper,1
Aston Villa,Leon Bailey Butler,8214,Right Midfield,31
Aston Villa,Moussa Diaby,8292,Center Attacking Midfield,19
Aston Villa,John McGinn,9974,Right Defensive Midfield,7
Aston Villa,Alejandro Moreno Lopera,11538,Left Back,15
Aston Villa,Nicolò Zaniolo,16062,,22
Aston Villa,Jacob Ramsey,23500,Left Midfield,41
Aston Villa,Jhon Jáder Durán Palacio,30976,Center Attacking Midfield,24
Aston Villa,Tim Iroegbunam,113387,,47
Aston Villa,Filip Marschall,122566,,42
Aston Villa,Sam Proctor,347039,,78
Brentford,Mathias Jørgensen Jatta,3027,Right Center Back,13
Brentford,Ethan Pinnock,4610,Center Back,5
Brentford,Neal Maupay,4766,Right Center Midfield,7
Brentford,Saman Ghoddos,5240,Left Wing Back,14
Brentford,Christian Nørgaard,7097,Center Defensive Midfield,6
Brentford,Yoane Wissa,7294,Right Center Forward,11
Brentford,Thomas Strakosha,7789,,21
Brentford,Vitaly Janelt,12074,Left Center Midfield,27
Brentford,Mathias Jensen,18722,Right Center Midfield,8
Brentford,Mads Roerslev,24440,Right Wing Back,30
Brentford,Mikkel Damsgaard,24443,Left Center Midfield,24
Brentford,Frank Onyeka,24467,Right Center Midfield,15
Brentford,Nathan Michael Collins,24824,Left Center Back,22
Brentford,Mark Flekken,25000,Goalkeeper,1
Brentford,Keane Lewis-Potter,32928,Left Center Forward,23
Brentford,Myles Peart-Harris,39497,,25
Brentford,Ehor Yarmolyuk,45803,Center Defensive Midfield,33
Brentford,Ethan Craig Brierley,47309,,38
Brentford,Valintino Adedokun,49388,,42
Brentford,Michael Olakigbe,133178,Right Wing Back,37
Crystal Palace,James Tomkins,3316,,5
Crystal Palace,Jordan Ayew,3450,Left Wing,9
Crystal Palace,Jeffrey Schlupp,3520,Center Forward,15
Crystal Palace,Jaïro Riedewald,3591,,44
Crystal Palace,Remi Matthews,4059,,31
Crystal Palace,Dean Henderson,4073,Goalkeeper,30
Crystal Palace,Will Hughes,4588,Right Center Midfield,19
Crystal Palace,Nathaniel Edwin Clyne,4590,Right Back,17
Crystal Palace,Jefferson Andrés Lerma Solís,5678,Left Center Midfield,8
Crystal Palace,Jean-Philippe Mateta,7403,Center Forward,14
Crystal Palace,Joachim Andersen,8247,Right Center Back,16
Crystal Palace,Eberechi Eze,9000,Right Center Midfield,10
Crystal Palace,Odsonne Édouard,10544,,22
Crystal Palace,Michael Olise,24215,Right Wing,7
Crystal Palace,Marc Guehi,34526,Left Center Back,6
Crystal Palace,Naouirou Ahamada,39413,,29
Crystal Palace,Chris Richards,41266,Center Defensive Midfield,26
Crystal Palace,Tyrick Mitchell,41437,Left Back,3
Crystal Palace,Matheus França de Oliveira,114491,Center Forward,11
Crystal Palace,David Ozoh,138813,,52
Arsenal,Gabriel Fernando de Jesus,3202,Right Back,9
Arsenal,Cédric Ricardo Alves Soares,3329,,17
Arsenal,Mohamed Naser Elsayed Elneny,3568,,25
Arsenal,Reiss Nelson,3571,Left Center Midfield,24
Arsenal,Edward Nketiah,3737,Center Forward,14
Arsenal,Declan Rice,3943,Center Defensive Midfield,41
Arsenal,David Raya Martin,4127,Goalkeeper,22
Arsenal,Gabriel dos Santos Magalhães,6406,Left Center Back,6
Arsenal,Jorge Luiz Frello Filho,7024,,20
Arsenal,Martin Ødegaard,8252,Right Center Midfield,8
Arsenal,Kai Havertz,8966,Left Center Midfield,29
Arsenal,Leandro Trossard,16559,Left Wing,19
Arsenal,Emile Smith Rowe,16591,,10
Arsenal,William Saliba,17592,Right Center Back,2
Arsenal,Bukayo Saka,22084,Right Wing,7
Arsenal,Aaron Ramsdale,22783,,1
Arsenal,Ben White,22809,Right Back,4
Arsenal,Takehiro Tomiyasu,23730,Left Back,18
Arsenal,Gabriel Teodoro Martinelli Silva,29976,Left Wing,11
Arsenal,Jakub Piotr Kiwior,44166,Left Back,15
Fulham,Willian Borges da Silva,3472,Left Wing,20
Fulham,Alex Iwobi,3647,Center Attacking Midfield,22
Fulham,Fodé Ballo Touré,3675,,12
Fulham,Kenny Tete,3798,,2
Fulham,Marek Rodák,4152,,1
Fulham,Issa Diop,4349,Left Wing,31
Fulham,Antonee Robinson,4614,Left Back,33
Fulham,Raúl Alonso Jiménez Rodríguez,5568,Center Forward,7
Fulham,Saša Lukić,6687,,28
Fulham,Andreas Hoelgebaum Pereira,6846,Center Attacking Midfield,18
Fulham,Timothy Castagne,6989,Right Back,21
Fulham,Harry Wilson,9540,Right Wing,8
Fulham,Oluwatosin Adarabioyo,9650,Right Center Back,4
Fulham,Bobby Armani De Cordova-Reid,9923,Right Wing,14
Fulham,Tom Cairney,10284,Left Defensive Midfield,10
Fulham,Harrison Reed,11936,Left Defensive Midfield,6
Fulham,João Maria Lobo Alves Palhinha Gonçalves,12169,Right Defensive Midfield,26
Fulham,Bernd Leno,15581,Goalkeeper,17
Fulham,Calvin Bassey Ughelumba,43779,Left Center Back,3
Fulham,Rodrigo Muniz Carvalho,49049,,19
Newcastle United,Matt Ritchie,3049,,11
Newcastle United,Paul Dummett,3065,,3
Newcastle United,Jamaal Lascelles,3081,Left Center Midfield,6
Newcastle United,Mark Gillespie,3212,,29
Newcastle United,Loris Karius,3630,,18
Newcastle United,Martin Dúbravka,3711,Goalkeeper,1
Newcastle United,Dan Burn,3864,Left Back,33
Newcastle United,Sean Longstaff,4031,Left Center Midfield,36
Newcastle United,Fabian Lukas Schär,5537,Right Center Back,5
Newcastle United,Emil Krafth,6358,,17
Newcastle United,Alexander Isak,8819,Center Forward,14
Newcastle United,Miguel Ángel Almirón Rejala,12603,Right Center Midfield,24
Newcastle United,Joelinton Cassio Apolinário de Lira,13291,Left Wing,7
Newcastle United,Sven Botman,21551,Left Center Back,4
Newcastle United,Bruno Guimarães Rodriguez Moura,25142,Center Defensive Midfield,39
Newcastle United,Anthony Gordon,28104,Right Wing,10
Newcastle United,Valentino Livramento,39241,Right Back,21
Newcastle United,Lewis Miley,134048,Right Center Midfield,67
Newcastle United,Lewis Hall,134092,Left Back,20
Newcastle United,Alex Murphy,406072,,54
Liverpool,Joe Gomez,3495,Left Back,2
Liverpool,Mohamed Salah,3531,Right Wing,11
Liverpool,Trent Alexander-Arnold,3664,Right Back,66
Liverpool,Virgil van Dijk,3669,Left Center Back,4
Liverpool,Alisson Ramsés Becker,5547,Goalkeeper,1
Liverpool,Diogo José Teixeira da Silva,9929,Center Forward,20
Liverpool,Ibrahima Konaté,11135,Right Center Back,5
Liverpool,Cody Mathès Gakpo,20750,Center Forward,18
Liverpool,Dominik Szoboszlai,21209,Right Center Midfield,8
Liverpool,Ryan Gravenberch,23230,Right Center Midfield,38
Liverpool,Wataru Endo,23721,Center Defensive Midfield,3
Liverpool,Harvey Elliott,24938,,19
Liverpool,Luis Fernando Díaz Marulanda,27158,Left Wing,7
Liverpool,Alexis Mac Allister,27886,Center Defensive Midfield,10
Liverpool,Darwin Gabriel Núñez Ribeiro,32478,Center Forward,9
Liverpool,Curtis Jones,33231,Left Center Midfield,17
Liverpool,Caoimhin Kelleher,34959,,62
Liverpool,Conor Bradley,40209,,84
Liverpool,Jarell Quansah,40908,,78
Liverpool,James McConnell,133356,,53
Chelsea,Christopher Nkunku,3025,Center Forward,18
Chelsea,Raheem Sterling,3233,,7
Chelsea,Thiago Emiliano da Silva,3295,Left Center Back,6
Chelsea,Axel Disasi,7439,Right Center Back,2
Chelsea,Marcus Bettinelli,12258,,13
Chelsea,Conor Gallagher,29399,Right Defensive Midfield,23
Chelsea,Chukwunonso Madueke,31506,Right Wing,11
Chelsea,Đorđe Petrović,32565,Goalkeeper,28
Chelsea,Armando Broja,36885,Center Forward,19
Chelsea,Moisés Isaac Caicedo Corozo,37726,Left Defensive Midfield,25
Chelsea,Enzo Fernandez,38718,Center Attacking Midfield,8
Chelsea,Levi Colwill,38992,Left Back,26
Chelsea,Ian Maatsen,39092,,29
Chelsea,Malo Gusto,39260,Right Back,27
Chelsea,Cole Palmer,39461,Center Attacking Midfield,20
Chelsea,Mykhailo Mudryk,39483,,10
Chelsea,Nicolas Jackson,50497,Left Wing,15
Chelsea,Lucas Carl Edvard Bergström,52170,,47
Chelsea,Alfie Gilchrist,109640,Right Wing,42
Chelsea,Alex Matos,235092,,52
Luton Town,Andros Townsend,3297,Right Attacking Midfield,30
Luton Town,Amari'i Bell,4128,Left Center Back,29
Luton Town,Carlton Morris,4220,Left Center Forward,9
Luton Town,Ross Barkley,4275,Left Defensive Midfield,6
Luton Town,Jordan Clark,9442,,18
Luton Town,Timothy Michael Krul,9467,,23
Luton Town,Pelly Ruddock Mpanzu,9674,,17
Luton Town,Elijah Adebayo,9827,Center Forward,11
Luton Town,Jacob Brown,12197,Left Attacking Midfield,19
Luton Town,Chiedozie Ogbene,13306,Right Wing Back,7
Luton Town,Cauley Woodrow,21090,Right Defensive Midfield,10
Luton Town,Albert-Mboyo Sambi Lokonga,21304,Right Defensive Midfield,28
Luton Town,Gabriel Osho,22347,Center Back,2
Luton Town,Tahith Chong,23636,Right Center Midfield,14
Luton Town,Thomas Kaminski,23741,Goalkeeper,24
Luton Town,Mads Juel Andersen,24332,,5
Luton Town,Ryan Giles,29397,,26
Luton Town,Alfie Doughty,33074,Left Wing Back,45
Luton Town,Issa Kabore,35471,Right Wing Back,12
Luton Town,Teden Mengi,43604,Right Center Back,15
Sheffield United,Oliver McBurnie,3332,,9
Sheffield United,George Baldock,4571,Right Center Back,2
Sheffield United,Adam Davies,4584,,1
Sheffield United,Ben Osborn,4732,Left Wing,23
Sheffield United,Jack Robinson,10485,Center Back,19
Sheffield United,Oliver James Norwood,11013,Right Center Midfield,16
Sheffield United,Jayden Bogle,11896,Right Wing Back,20
Sheffield United,Auston Trusty,12359,Left Center Back,5
Sheffield United,Wesley Foderingham,21018,Goalkeeper,18
Sheffield United,Rhys Norrington-Davies,29396,Left Wing Back,33
Sheffield United,Vinicius de Souza Costa,32587,Center Defensive Midfield,21
Sheffield United,Rhian Brewster,34206,Right Wing,7
Sheffield United,Yasser Larouci,34793,,27
Sheffield United,Anis Ben Slimane,35592,Center Attacking Midfield,25
Sheffield United,Luke Thomas,42747,Left Wing Back,14
Sheffield United,Cameron Archer,50563,Center Forward,10
Sheffield United,Bénie Adama Traoré,107581,,11
Sheffield United,Femi Seriki,119821,,38
Sheffield United,William Idamudia Daugaard Osula,121254,Center Forward,32
Sheffield United,Andre Brooks,153124,Left Center Midfield,35
Manchester City,Ederson Santana de Moraes,3067,Goalkeeper,31
Manchester City,Kevin De Bruyne,3089,,17
Manchester City,Bernardo Mota Veiga de Carvalho e Silva,3193,Right Wing,20
Manchester City,Kyle Walker,3205,Right Back,2
Manchester City,Nathan Aké,3306,Left Center Back,6
Manchester City,Phil Foden,4354,Center Attacking Midfield,47
Manchester City,Kalvin Phillips,4706,,4
Manchester City,Rúben Santos Gato Alves Dias,5206,Right Center Back,3
Manchester City,Mateo Kovačić,5456,Left Defensive Midfield,8
Manchester City,Manuel Obafemi Akanji,5549,Right Center Back,25
Manchester City,Rodrigo Hernández Cascante,6765,Right Defensive Midfield,16
Manchester City,Stefan Ortega Moreno,9194,,18
Manchester City,Jack Grealish,9638,Left Wing,10
Manchester City,Sergio Gómez Martín,22199,,21
Manchester City,Julián Álvarez,29560,Center Forward,19
Manchester City,Joško Gvardiol,33018,Left Back,24
Manchester City,Matheus Luiz Nunes,40874,,27
Manchester City,Micah Hamilton,48702,,92
Manchester City,Rico Lewis,48705,Right Back,82
Manchester City,Oscar Bobb,104825,Left Wing,52
Manchester United,Christian Dannemann Eriksen,3043,Left Defensive Midfield,14
Manchester United,Marcus Rashford,3318,Center Forward,10
Manchester United,Scott McTominay,3620,Right Defensive Midfield,39
Manchester United,Aaron Wan-Bissaka,3690,Right Back,29
Manchester United,Bruno Miguel Borges Fernandes,5204,Center Attacking Midfield,8
Manchester United,Raphaël Varane,5485,Right Center Back,19
Manchester United,Donny van de Beek,8062,,34
Manchester United,André Onana,8064,Goalkeeper,24
Manchester United,Jonathan Grant Evans,11012,Left Center Back,35
Manchester United,José Diogo Dalot Teixeira,16028,Left Back,20
Manchester United,Sergio Reguilón Rodríguez,18620,Right Back,15
Manchester United,Antony Matheus dos Santos,25363,Right Wing,21
Manchester United,Altay Bayındır,30442,,1
Manchester United,Amad Diallo Traoré,32784,Right Wing,16
Manchester United,Facundo Pellistri Rebollo,36288,,28
Manchester United,Hannibal Mejbri,50988,,46
Manchester United,Alejandro Garnacho Ferreyra,52129,Left Wing,17
Manchester United,Daniel Gore,99173,,44
Manchester United,Kobbie Mainoo,99174,Right Defensive Midfield,37
Manchester United,Willy Kambwala Ndengushi,144086,,53
Nottingham Forest,Moussa Niakhate,3198,Right Center Back,19
Nottingham Forest,Chris Wood,3505,Center Forward,11
Nottingham Forest,Cheikhou Kouyaté,3684,,8
Nottingham Forest,Ryan Yates,4239,Right Defensive Midfield,22
Nottingham Forest,Callum Hudson-Odoi,4274,Left Wing,14
Nottingham Forest,Harry Toffolo,6555,Left Back,15
Nottingham Forest,Orel Mangala,8950,Left Defensive Midfield,5
Nottingham Forest,Willy Boly,9933,Right Wing,30
Nottingham Forest,Morgan Gibbs-White,9934,Center Attacking Midfield,10
Nottingham Forest,Odisseas Vlachodimos,10332,,23
Nottingham Forest,Temitayo Olufisayo Olaoluwa Aina,11492,Left Back,43
Nottingham Forest,Matthew Charles Turner,12352,Goalkeeper,1
Nottingham Forest,Joe Worrall,16336,,4
Nottingham Forest,Gonzalo Ariel Montiel,28263,Right Back,29
Nottingham Forest,Nicolás Martín Domínguez,28672,Left Wing,16
Nottingham Forest,Nuno Albertino Varela Tavares,30040,,3
Nottingham Forest,Neco Williams,34794,Right Back,7
Nottingham Forest,Danilo dos Santos de Oliveira,46451,Left Defensive Midfield,28
Nottingham Forest,Anthony Elanga,50991,Right Wing,21
Nottingham Forest,Murillo Santiago Costa dos Santos,271487,Left Center Back,40
AFC Bournemouth,Philip Billing,3331,Center Attacking Midfield,29
AFC Bournemouth,Dominic Solanke,3614,Center Forward,9
AFC Bournemouth,Lewis Cook,3615,Left Defensive Midfield,4
AFC Bournemouth,Kieffer Roberto Francisco Moore,3853,,21
AFC Bournemouth,Marcus Tavernier,4111,Right Wing,16
AFC Bournemouth,Joe Rothwell,4143,,8
AFC Bournemouth,David Brooks,4567,Right Back,7
AFC Bournemouth,Chris Mepham,4767,,6
AFC Bournemouth,Adam Smith,6409,Right Back,15
AFC Bournemouth,Norberto Murara Neto,6590,Goalkeeper,1
AFC Bournemouth,Justin Kluivert,8063,Center Attacking Midfield,19
AFC Bournemouth,Antoine Semenyo,9286,Left Wing,24
AFC Bournemouth,Ryan Christie,12510,Right Defensive Midfield,10
AFC Bournemouth,Luis Fernando Sinisterra Lucumí,16184,Left Wing,17
AFC Bournemouth,Maximillian James Aarons,16689,Left Back,37
AFC Bournemouth,Mark Travers,24937,,42
AFC Bournemouth,Marcos Senesi,27773,Left Center Back,25
AFC Bournemouth,Illia Zabarnyi,39136,Right Center Back,27
AFC Bournemouth,Alex Scott,91951,Right Defensive Midfield,14
AFC Bournemouth,Dango Aboubacar Faissal Ouattara,95042,Left Back,11
Tottenham Hotspur,Heung-Min Son,3083,Left Wing,7
Tottenham Hotspur,Ben Davies,3086,Left Center Back,33
Tottenham Hotspur,Richarlison de Andrade,3280,Center Forward,9
Tottenham Hotspur,Giovani Lo Celso,3313,Left Center Midfield,18
Tottenham Hotspur,Pierre-Emile Højbjerg,3570,Left Defensive Midfield,5
Tottenham Hotspur,Fraser Forster,3970,,20
Tottenham Hotspur,Rodrigo Bentancur Colmán,5260,Center Defensive Midfield,30
Tottenham Hotspur,Eric Dier,10956,Center Attacking Midfield,15
Tottenham Hotspur,Pedro Antonio Porro Sauceda,11292,Right Back,23
Tottenham Hotspur,Oliver Skipp,22145,Right Center Midfield,4
Tottenham Hotspur,Bryan Gil Salvatierra,22418,Right Wing,11
Tottenham Hotspur,Emerson Aparecido Leite de Souza Junior,23522,Right Center Back,12
Tottenham Hotspur,Brennan Johnson,29377,Right Wing,22
Tottenham Hotspur,Guglielmo Vicario,31225,Goalkeeper,13
Tottenham Hotspur,Iyenoma Destiny Udogie,48461,Left Back,38
Tottenham Hotspur,Pape Matar Sarr,50498,Right Center Midfield,29
Tottenham Hotspur,Alejo Véliz,112971,Center Forward,36
Tottenham Hotspur,Alfie Dorrington,133198,,65
Tottenham Hotspur,Jamie Donley,133202,,63
Tottenham Hotspur,Ashley Famiwuya Phillips,133959,,35
Everton,Michael Keane,3438,Center Back,5
Everton,Jordan Pickford,3468,Goalkeeper,1
Everton,Dominic Calvert-Lewin,3470,Center Forward,9
Everton,James Tarkowski,3628,Right Center Back,6
Everton,Ben Godfrey,4076,,22
Everton,Séamus Coleman,4589,Right Wing Back,23
Everton,Dwight McNeil,5111,Left Wing,7
Everton,Jack Harrison,9616,Right Wing,11
Everton,André Filipe Tavares Gomes,10802,Center Back,21
Everton,Arnaut Danjuma Groeneveld,16284,Left Wing,10
Everton,Vitalii Mykolenko,20827,Left Wing Back,19
Everton,James Garner,23625,Left Defensive Midfield,37
Everton,João Manuel Neves Virginia,29378,,12
Everton,Norberto Bercique Gomes Betuncal,30006,Center Forward,14
Everton,Jarrad Branthwaite,32762,Left Center Back,32
Everton,Nathan Patterson,37338,Right Wing Back,2
Everton,Amadou Onana,48347,Right Defensive Midfield,8
Everton,Mackenzie Hunt,49671,,58
Everton,Lewis Norman Dobbin,50505,,61
Everton,Youssef Ramalho Chermiti,149581,,28
Wolverhampton Wanderers,Craig Dawson,3523,Center Back,15
Wolverhampton Wanderers,Daniel Bentley,4773,,25
Wolverhampton Wanderers,Hee-Chan Hwang,5620,Center Forward,11
Wolverhampton Wanderers,Nélson Cabral Semedo,6374,Right Wing Back,22
Wolverhampton Wanderers,Pablo Sarabia García,6720,Right Attacking Midfield,21
Wolverhampton Wanderers,Matt Doherty,9925,Right Wing Back,2
Wolverhampton Wanderers,Rayan Aït Nouri,12111,Left Wing Back,3
Wolverhampton Wanderers,Matheus Santos Carneiro da Cunha,12425,Left Attacking Midfield,12
Wolverhampton Wanderers,Sasa Kalajdzic,18762,,18
Wolverhampton Wanderers,José Pedro Malheiro de Sá,18866,Goalkeeper,1
Wolverhampton Wanderers,Jean-Ricner Bellegarde,19718,Right Attacking Midfield,27
Wolverhampton Wanderers,Pedro Lomba Neto,23256,Left Attacking Midfield,7
Wolverhampton Wanderers,Maximilian William Kilman,24940,Right Center Back,23
Wolverhampton Wanderers,Thomas Doyle,34789,Right Defensive Midfield,20
Wolverhampton Wanderers,Santiago Ignacio Bueno Sciutto,41138,,4
Wolverhampton Wanderers,João Victor Gomes da Silva,48720,Left Defensive Midfield,8
Wolverhampton Wanderers,Tote António Gomes,48941,Left Center Back,24
Wolverhampton Wanderers,Boubacar Traore,58878,Left Defensive Midfield,6
Wolverhampton Wanderers,Hugo Bueno,82220,Left Wing Back,17
Wolverhampton Wanderers,Joseph Hodge,207549,,32
Manchester City,Ederson Santana de Moraes,3067,Goalkeeper,31
Manchester City,Kevin De Bruyne,3089,Center Attacking Midfield,17
Manchester City,Bernardo Mota Veiga de Carvalho e Silva,3193,Center Attacking Midfield,20
Manchester City,Kyle Walker,3205,Right Back,2
Manchester City,Nathan Aké,3306,Left Center Back,6
Manchester City,Phil Foden,4354,Right Wing,47
Manchester City,Kalvin Phillips,4706,,4
Manchester City,Rúben Santos Gato Alves Dias,5206,Right Center Back,3
Manchester City,Mateo Kovačić,5456,Left Defensive Midfield,8
Manchester City,Rodrigo Hernández Cascante,6765,Right Defensive Midfield,16
Manchester City,Stefan Ortega Moreno,9194,Goalkeeper,18
Manchester City,Jack Grealish,9638,,10
Manchester City,Sergio Gómez Martín,22199,,21
Manchester City,Jeremy Doku,23650,Left Wing,11
Manchester City,Julián Álvarez,29560,Center Forward,19
Manchester City,Joško Gvardiol,33018,Left Back,24
Manchester City,Matheus Luiz Nunes,40874,,27
Manchester City,Rico Lewis,48705,,82
Manchester City,Oscar Bobb,104825,Left Wing,52
Manchester City,Mahamadou Susoho,134106,,76
Newcastle United,Matt Ritchie,3049,,11
Newcastle United,Paul Dummett,3065,,3
Newcastle United,Jamaal Lascelles,3081,,6
Newcastle United,Mark Gillespie,3212,,29
Newcastle United,Kieran Trippier,3308,Right Back,2
Newcastle United,Loris Karius,3630,,18
Newcastle United,Martin Dúbravka,3711,Goalkeeper,1
Newcastle United,Dan Burn,3864,Left Back,33
Newcastle United,Sean Longstaff,4031,Left Center Midfield,36
Newcastle United,Fabian Lukas Schär,5537,Right Center Back,5
Newcastle United,Emil Krafth,6358,,17
Newcastle United,Alexander Isak,8819,Center Forward,14
Newcastle United,Miguel Ángel Almirón Rejala,12603,Right Wing,24
Newcastle United,Sven Botman,21551,Left Center Back,4
Newcastle United,Bruno Guimarães Rodriguez Moura,25142,Center Defensive Midfield,39
Newcastle United,Anthony Gordon,28104,Left Wing,10
Newcastle United,Lewis Miley,134048,Right Center Midfield,67
Newcastle United,Ben Parkinson,134050,,63
Newcastle United,Lewis Hall,134092,Center Forward,20
Newcastle United,Alex Murphy,406072,,54
West Ham United,Aaron Cresswell,3062,,3
West Ham United,Gnaly Maxwell Cornet,3162,Right Midfield,17
West Ham United,Łukasz Fabiański,3262,Goalkeeper,1
West Ham United,James Ward-Prowse,3328,Left Defensive Midfield,7
West Ham United,Alphonse Areola,3379,Goalkeeper,23
West Ham United,Kurt Happy Zouma,3456,Left Center Back,4
West Ham United,Daniel William John Ings,3654,Center Attacking Midfield,18
West Ham United,Angelo Obinze Ogbonna,3843,,21
West Ham United,Emerson Palmieri dos Santos,4355,Left Back,33
West Ham United,Konstantinos Mavropanos,4781,Right Center Back,15
West Ham United,Tomáš Souček,4870,Right Defensive Midfield,28
West Ham United,Pablo Fornals Malla,6764,Left Midfield,8
West Ham United,Jarrod Bowen,9640,Center Forward,20
West Ham United,Vladimír Coufal,16570,Right Back,5
West Ham United,Benjamin Johnson,23626,Center Forward,2
West Ham United,Divin Mubama,141121,Center Forward,45
West Ham United,Kaelan Casey,141126,,42
West Ham United,Lewis Orford,141127,,61
West Ham United,Oliver Scarles,141130,,57
West Ham United,Callum Marshall,231597,,50
Sheffield United,Oliver McBurnie,3332,Center Forward,9
Sheffield United,Ben Osborn,4732,,23
Sheffield United,Ben Brereton Díaz,4735,Left Midfield,11
Sheffield United,Jack Robinson,10485,Left Center Back,19
Sheffield United,Oliver James Norwood,11013,Center Defensive Midfield,16
Sheffield United,Jayden Bogle,11896,Right Back,20
Sheffield United,Auston Trusty,12359,Left Back,5
Sheffield United,Gustavo Hamer,15304,Right Center Midfield,8
Sheffield United,Wesley Foderingham,21018,Goalkeeper,18
Sheffield United,Anel Ahmedhodžić,27652,Right Center Back,15
Sheffield United,Rhys Norrington-Davies,29396,Left Back,33
Sheffield United,Vinicius de Souza Costa,32587,Center Defensive Midfield,21
Sheffield United,Rhian Brewster,34206,Left Center Midfield,7
Sheffield United,James McAtee,49667,Right Midfield,28
Sheffield United,Cameron Archer,50563,Left Midfield,10
Sheffield United,Femi Seriki,119821,,38
Sheffield United,William Idamudia Daugaard Osula,121254,Center Forward,32
Sheffield United,Jordan Amissah,140745,,37
Sheffield United,Andre Brooks,153124,Left Center Midfield,35
Sheffield United,Jili Buyabu,180507,,40
Liverpool,Joe Gomez,3495,Left Back,2
Liverpool,Adrián San Miguel del Castillo,3623,,13
Liverpool,Virgil van Dijk,3669,Left Center Back,4
Liverpool,Alisson Ramsés Becker,5547,Goalkeeper,1
Liverpool,Diogo José Teixeira da Silva,9929,Center Forward,20
Liverpool,Ibrahima Konaté,11135,Right Center Back,5
Liverpool,Cody Mathès Gakpo,20750,Right Wing,18
Liverpool,Ryan Gravenberch,23230,Right Center Midfield,38
Liverpool,Harvey Elliott,24938,Right Center Midfield,19
Liverpool,Luis Fernando Díaz Marulanda,27158,Right Wing,7
Liverpool,Alexis Mac Allister,27886,Center Defensive Midfield,10
Liverpool,Darwin Gabriel Núñez Ribeiro,32478,Left Wing,9
Liverpool,Curtis Jones,33231,Left Center Midfield,17
Liverpool,Caoimhin Kelleher,34959,,62
Liverpool,Conor Bradley,40209,Right Back,84
Liverpool,Owen Beck,40907,Right Back,63
Liverpool,Jarell Quansah,40908,,78
Liverpool,Kaide Gordon,55896,Right Wing,49
Liverpool,James McConnell,133356,,53
Liverpool,Bobby Clark,136677,Left Center Midfield,42
AFC Bournemouth,Philip Billing,3331,Center Attacking Midfield,29
AFC Bournemouth,Dominic Solanke,3614,Center Forward,9
AFC Bournemouth,Lewis Cook,3615,Left Defensive Midfield,4
AFC Bournemouth,Kieffer Roberto Francisco Moore,3853,Center Forward,21
AFC Bournemouth,Marcus Tavernier,4111,Right Wing,16
AFC Bournemouth,David Brooks,4567,Right Wing,7
AFC Bournemouth,Chris Mepham,4767,Left Center Back,6
AFC Bournemouth,Norberto Murara Neto,6590,Goalkeeper,1
AFC Bournemouth,Justin Kluivert,8063,Center Attacking Midfield,19
AFC Bournemouth,Lloyd Kelly,9938,Left Back,5
AFC Bournemouth,Ryan Christie,12510,Right Defensive Midfield,10
AFC Bournemouth,Emiliano Marcondes Camargo Hansen,13586,,13
AFC Bournemouth,Luis Fernando Sinisterra Lucumí,16184,Left Wing,17
AFC Bournemouth,Maximillian James Aarons,16689,Right Back,37
AFC Bournemouth,James Hill,24867,Left Back,23
AFC Bournemouth,Mark Travers,24937,,42
AFC Bournemouth,Illia Zabarnyi,39136,Right Center Back,27
AFC Bournemouth,Gavin Kilkenny,44845,,26
AFC Bournemouth,Alex Scott,91951,Center Attacking Midfield,14
AFC Bournemouth,Ben Greenwood,224550,,43
Crystal Palace,James Tomkins,3316,Left Center Back,5
Crystal Palace,Jeffrey Schlupp,3520,Right Attacking Midfield,15
Crystal Palace,Jaïro Riedewald,3591,,44
Crystal Palace,Dean Henderson,4073,Goalkeeper,30
Crystal Palace,Will Hughes,4588,Left Defensive Midfield,19
Crystal Palace,Nathaniel Edwin Clyne,4590,Right Wing Back,17
Crystal Palace,Jefferson Andrés Lerma Solís,5678,Right Defensive Midfield,8
Crystal Palace,Jean-Philippe Mateta,7403,Center Forward,14
Crystal Palace,Joachim Andersen,8247,Center Back,16
Crystal Palace,Eberechi Eze,9000,Left Attacking Midfield,10
Crystal Palace,Sam Johnstone,9458,,1
Crystal Palace,Odsonne Édouard,10544,,22
Crystal Palace,Marc Guehi,34526,Left Center Back,6
Crystal Palace,Naouirou Ahamada,39413,Right Wing Back,29
Crystal Palace,Chris Richards,41266,Right Center Back,26
Crystal Palace,Tyrick Mitchell,41437,Left Wing Back,3
Crystal Palace,Matheus França de Oliveira,114491,Right Attacking Midfield,11
Crystal Palace,Tayo Adaramola,138807,,45
Crystal Palace,David Ozoh,138813,Left Defensive Midfield,52
Crystal Palace,Malcolm Ebiowei,141397,,23
Arsenal,Gabriel Fernando de Jesus,3202,Center Forward,9
Arsenal,Cédric Ricardo Alves Soares,3329,,17
Arsenal,Reiss Nelson,3571,,24
Arsenal,Oleksandr Zinchenko,3575,Left Back,35
Arsenal,Edward Nketiah,3737,Center Forward,14
Arsenal,Declan Rice,3943,Center Defensive Midfield,41
Arsenal,David Raya Martin,4127,Goalkeeper,22
Arsenal,Gabriel dos Santos Magalhães,6406,Left Center Back,6
Arsenal,Jorge Luiz Frello Filho,7024,Center Defensive Midfield,20
Arsenal,Martin Ødegaard,8252,Right Center Midfield,8
Arsenal,Kai Havertz,8966,Left Center Midfield,29
Arsenal,Leandro Trossard,16559,Left Wing,19
Arsenal,Emile Smith Rowe,16591,Left Center Midfield,10
Arsenal,William Saliba,17592,Right Center Back,2
Arsenal,Bukayo Saka,22084,Right Wing,7
Arsenal,Aaron Ramsdale,22783,,1
Arsenal,Ben White,22809,Right Back,4
Arsenal,Gabriel Teodoro Martinelli Silva,29976,Left Wing,11
Arsenal,Jakub Piotr Kiwior,44166,Left Center Back,15
Arsenal,Reuell Walters,207078,,76
Nottingham Forest,Chris Wood,3505,Center Forward,11
Nottingham Forest,Ryan Yates,4239,Right Center Midfield,22
Nottingham Forest,Callum Hudson-Odoi,4274,Left Midfield,14
Nottingham Forest,Harry Toffolo,6555,,15
Nottingham Forest,Orel Mangala,8950,Center Defensive Midfield,5
Nottingham Forest,Scott McKenna,10002,,26
Nottingham Forest,Odisseas Vlachodimos,10332,,23
Nottingham Forest,Matthew Charles Turner,12352,Goalkeeper,1
Nottingham Forest,Joe Worrall,16336,,4
Nottingham Forest,Gonzalo Ariel Montiel,28263,Right Back,29
Nottingham Forest,Nicolás Martín Domínguez,28672,Right Midfield,16
Nottingham Forest,Nuno Albertino Varela Tavares,30040,Left Back,3
Nottingham Forest,Neco Williams,34794,Right Center Midfield,7
Nottingham Forest,Danilo dos Santos de Oliveira,46451,Left Center Midfield,28
Nottingham Forest,Andrew Omobamidele,58467,Right Center Back,32
Nottingham Forest,Brandon Aguilera Zamora,108340,Right Back,41
Nottingham Forest,Jamie McDonnell,134823,,52
Nottingham Forest,Detlef Esapa Osong,136671,,49
Nottingham Forest,Joe Gardner,136675,,53
Nottingham Forest,Murillo Santiago Costa dos Santos,271487,Left Center Back,40
Brentford,Mathias Jørgensen Jatta,3027,,13
Brentford,Ben Mee,3663,Left Center Back,16
Brentford,Ivan Toney,3834,Left Center Forward,17
Brentford,Ethan Pinnock,4610,Center Back,5
Brentford,Neal Maupay,4766,Right Center Forward,7
Brentford,Thomas Strakosha,7789,,21
Brentford,Kristoffer Vassbakk Ajer,10532,Right Wing Back,20
Brentford,Shandon Baptiste,11403,Right Center Midfield,26
Brentford,Vitaly Janelt,12074,Center Defensive Midfield,27
Brentford,Sergio Reguilón Rodríguez,18620,Right Center Forward,12
Brentford,Mathias Jensen,18722,Left Center Midfield,8
Brentford,Pelenda Joshua Tunga Dasilva,21160,Right Center Forward,10
Brentford,Mads Roerslev,24440,Right Wing Back,30
Brentford,Mikkel Damsgaard,24443,Right Center Midfield,24
Brentford,Nathan Michael Collins,24824,Right Center Back,22
Brentford,Mark Flekken,25000,Goalkeeper,1
Brentford,Keane Lewis-Potter,32928,Left Wing Back,23
Brentford,Myles Peart-Harris,39497,,25
Brentford,Ehor Yarmolyuk,45803,Left Center Midfield,33
Brentford,Michael Olakigbe,133178,,37
Wolverhampton Wanderers,Craig Dawson,3523,Center Back,15
Wolverhampton Wanderers,Mario Lemina,3951,Right Defensive Midfield,5
Wolverhampton Wanderers,Daniel Bentley,4773,,25
Wolverhampton Wanderers,Nélson Cabral Semedo,6374,Right Wing Back,22
Wolverhampton Wanderers,Pablo Sarabia García,6720,Right Attacking Midfield,21
Wolverhampton Wanderers,Matt Doherty,9925,Left Wing Back,2
Wolverhampton Wanderers,Matheus Santos Carneiro da Cunha,12425,Left Attacking Midfield,12
Wolverhampton Wanderers,José Pedro Malheiro de Sá,18866,Goalkeeper,1
Wolverhampton Wanderers,Jean-Ricner Bellegarde,19718,Right Attacking Midfield,27
Wolverhampton Wanderers,Pedro Lomba Neto,23256,Center Forward,7
Wolverhampton Wanderers,Maximilian William Kilman,24940,Right Center Back,23
Wolverhampton Wanderers,Thomas Doyle,34789,Left Defensive Midfield,20
Wolverhampton Wanderers,Santiago Ignacio Bueno Sciutto,41138,,4
Wolverhampton Wanderers,Harvey Lawson Griffiths,48707,,42
Wolverhampton Wanderers,Tote António Gomes,48941,Left Center Back,24
Wolverhampton Wanderers,Yerson Mosquera Valdelamar,51933,,14
Wolverhampton Wanderers,Hugo Bueno,82220,,17
Wolverhampton Wanderers,Nathan Fraser,133454,,63
Wolverhampton Wanderers,Tawanda Chirewa,142702,Center Forward,62
Wolverhampton Wanderers,Joseph Hodge,207549,,32
Brighton & Hove Albion,Lewis Dunk,3088,Left Center Back,5
Brighton & Hove Albion,Pascal Groß,3097,Center Defensive Midfield,13
Brighton & Hove Albion,James Philip Milner,3473,Left Center Midfield,6
Brighton & Hove Albion,Daniel Nii Tackie Mensah Welbeck,3569,Center Forward,18
Brighton & Hove Albion,Adam David Lallana,4090,Left Back,14
Brighton & Hove Albion,Adam Webster,9601,Left Center Midfield,4
Brighton & Hove Albion,Pervis Josué Estupiñán Tenorio,24085,Left Back,30
Brighton & Hove Albion,João Pedro Junqueira de Jesus,25299,Left Wing,9
Brighton & Hove Albion,Jakub Moder,29480,,15
Brighton & Hove Albion,Jan Paul van Hecke,30691,Right Center Back,29
Brighton & Hove Albion,Billy Gilmour,31067,Right Center Midfield,11
Brighton & Hove Albion,Tariq Lamptey,33602,Right Wing,2
Brighton & Hove Albion,Bart Verbruggen,37274,,1
Brighton & Hove Albion,Jason Steele,47553,Goalkeeper,23
Brighton & Hove Albion,Evan Ferguson,51156,Center Forward,28
Brighton & Hove Albion,Cameron Peupion,134921,,44
Brighton & Hove Albion,Benicio Baker-Boaitey,137622,Right Back,47
Brighton & Hove Albion,Jack Hinshelwood,155312,Right Back,41
Brighton & Hove Albion,Facundo Valentín Buonanotte,196954,Right Wing,40
Brighton & Hove Albion,Carlos Baleba,226169,,20
Luton Town,Andros Townsend,3297,Right Attacking Midfield,30
Luton Town,Amari'i Bell,4128,Left Center Back,29
Luton Town,Carlton Morris,4220,Right Attacking Midfield,9
Luton Town,Ross Barkley,4275,Left Defensive Midfield,6
Luton Town,Reece Burke,4605,,16
Luton Town,Jordan Clark,9442,Left Attacking Midfield,18
Luton Town,Timothy Michael Krul,9467,,23
Luton Town,Pelly Ruddock Mpanzu,9674,,17
Luton Town,Daniel Potts,9681,,3
Luton Town,Elijah Adebayo,9827,Center Forward,11
Luton Town,Chiedozie Ogbene,13306,Right Wing Back,7
Luton Town,Cauley Woodrow,21090,,10
Luton Town,Albert-Mboyo Sambi Lokonga,21304,Right Defensive Midfield,28
Luton Town,Luke Berry,22175,Right Defensive Midfield,8
Luton Town,Gabriel Osho,22347,Center Back,2
Luton Town,Tahith Chong,23636,Right Attacking Midfield,14
Luton Town,Thomas Kaminski,23741,Goalkeeper,24
Luton Town,Ryan Giles,29397,,26
Luton Town,Alfie Doughty,33074,Left Wing Back,45
Luton Town,Teden Mengi,43604,Right Center Back,15
Burnley,Jack Frank Porteous Cork,3462,Center Back,4
Burnley,Jay Rodriguez,3685,,9
Burnley,Johann Berg Guðmunds­son,3720,Right Midfield,7
Burnley,Connor Roberts,4774,Right Midfield,14
Burnley,Josh Cullen,4837,Right Defensive Midfield,24
Burnley,Jacob Bruun Larsen,8961,Right Wing,34
Burnley,Joshua Brownhill,9607,Left Defensive Midfield,8
Burnley,Arijanet Murić,16234,,49
Burnley,Dara Joseph O'Shea,18753,Right Center Back,2
Burnley,Mike Trésor Ndayishimiye,21889,Left Wing,31
Burnley,Manuel Benson Hedilazio,23897,,10
Burnley,Victor Alexander da Silva,24016,Right Back,22
Burnley,Lyle Foster,29840,Right Center Forward,17
Burnley,Hjalmar Ekdal,41208,Left Center Back,18
Burnley,James Trafford,42298,Goalkeeper,1
Burnley,Mohamed Zeki Amdouni,48335,Left Center Forward,25
Burnley,Conrad Jonathan Egan Riley,49666,,6
Burnley,Anass Zaroury,131037,,19
Burnley,Ameen Al Dakhil,131049,Left Back,28
Burnley,Wilson Odobert,151924,Left Midfield,47
Fulham,Willian Borges da Silva,3472,Left Wing,20
Fulham,Kenny Tete,3798,Right Back,2
Fulham,Marek Rodák,4152,,1
Fulham,Issa Diop,4349,Left Center Back,31
Fulham,Antonee Robinson,4614,Left Back,33
Fulham,Raúl Alonso Jiménez Rodríguez,5568,Center Forward,7
Fulham,Saša Lukić,6687,Right Defensive Midfield,28
Fulham,Andreas Hoelgebaum Pereira,6846,Center Attacking Midfield,18
Fulham,Timothy Castagne,6989,Right Back,21
Fulham,Harry Wilson,9540,Right Wing,8
Fulham,Oluwatosin Adarabioyo,9650,Right Center Back,4
Fulham,Bobby Armani De Cordova-Reid,9923,Right Wing,14
Fulham,Tom Cairney,10284,Left Defensive Midfield,10
Fulham,Harrison Reed,11936,,6
Fulham,João Maria Lobo Alves Palhinha Gonçalves,12169,Right Defensive Midfield,26
Fulham,Carlos Vinícius Alves Morais,13639,,30
Fulham,Bernd Leno,15581,Goalkeeper,17
Fulham,Tim Ream,18242,,13
Fulham,Rodrigo Muniz Carvalho,49049,Center Attacking Midfield,19
Fulham,Tyrese Francois,49565,,35
Chelsea,Raheem Sterling,3233,Left Wing,7
Chelsea,Thiago Emiliano da Silva,3295,Left Center Back,6
Chelsea,Ben Chilwell,3458,Left Wing,21
Chelsea,Axel Disasi,7439,Right Center Back,2
Chelsea,Marcus Bettinelli,12258,,13
Chelsea,Benoît Badiashile Mukinayi,21368,,5
Chelsea,Conor Gallagher,29399,Center Attacking Midfield,23
Chelsea,Chukwunonso Madueke,31506,Center Forward,11
Chelsea,Đorđe Petrović,32565,Goalkeeper,28
Chelsea,Armando Broja,36885,Center Forward,19
Chelsea,Moisés Isaac Caicedo Corozo,37726,Right Defensive Midfield,25
Chelsea,Enzo Fernandez,38718,Left Defensive Midfield,8
Chelsea,Levi Colwill,38992,Left Back,26
Chelsea,Malo Gusto,39260,Right Back,27
Chelsea,Cole Palmer,39461,Right Wing,20
Chelsea,Mykhailo Mudryk,39483,,10
Chelsea,Lucas Carl Edvard Bergström,52170,,47
Chelsea,Carney Chukwuemeka,89986,Center Forward,17
Chelsea,Alfie Gilchrist,109640,Right Back,42
Chelsea,Deivid Washington de Souza Eugênio,271873,,36
Aston Villa,Youri Tielemans,2954,Right Center Forward,8
Aston Villa,Diego Carlos Santos Silva,3366,Right Center Back,3
Aston Villa,Ezri Konsa Ngoyo,3822,Right Back,4
Aston Villa,Boubacar Kamara,4433,Right Defensive Midfield,44
Aston Villa,Matty Cash,4734,Right Center Back,2
Aston Villa,Ollie Watkins,4760,Left Center Forward,11
Aston Villa,Leander Dendoncker,6331,,32
Aston Villa,Douglas Luiz Soares de Paulo,6574,Left Defensive Midfield,6
Aston Villa,Clément Lenglet,6826,Left Center Back,17
Aston Villa,Damián Emiliano Martínez,6909,Goalkeeper,1
Aston Villa,Leon Bailey Butler,8214,Right Midfield,31
Aston Villa,Moussa Diaby,8292,Right Center Forward,19
Aston Villa,John McGinn,9974,Left Midfield,7
Aston Villa,Alejandro Moreno Lopera,11538,Left Back,15
Aston Villa,Nicolò Zaniolo,16062,Right Midfield,22
Aston Villa,Jhon Jáder Durán Palacio,30976,Right Midfield,24
Aston Villa,James Wright,97539,,64
Aston Villa,Tim Iroegbunam,113387,,47
Aston Villa,Filip Marschall,122566,,42
Everton,Abdoulaye Doucouré,3292,Center Attacking Midfield,16
Everton,Michael Keane,3438,,5
Everton,Jordan Pickford,3468,Goalkeeper,1
Everton,Dominic Calvert-Lewin,3470,Center Forward,9
Everton,James Tarkowski,3628,Right Center Back,6
Everton,Ben Godfrey,4076,,22
Everton,Séamus Coleman,4589,Right Back,23
Everton,Dwight McNeil,5111,Left Midfield,7
Everton,Jack Harrison,9616,Right Midfield,11
Everton,André Filipe Tavares Gomes,10802,,21
Everton,Arnaut Danjuma Groeneveld,16284,Left Midfield,10
Everton,Vitalii Mykolenko,20827,Left Back,19
Everton,James Garner,23625,Left Defensive Midfield,37
Everton,João Manuel Neves Virginia,29378,,12
Everton,Norberto Bercique Gomes Betuncal,30006,Center Forward,14
Everton,Jarrad Branthwaite,32762,Left Center Back,32
Everton,Nathan Patterson,37338,,2
Everton,Amadou Onana,48347,Right Defensive Midfield,8
Everton,Lewis Norman Dobbin,50505,,61
Everton,Youssef Ramalho Chermiti,149581,,28
Tottenham Hotspur,Richarlison de Andrade,3280,Center Forward,9
Tottenham Hotspur,Pierre-Emile Højbjerg,3570,Center Defensive Midfield,5
Tottenham Hotspur,Fraser Forster,3970,,20
Tottenham Hotspur,Rodrigo Bentancur Colmán,5260,Right Center Midfield,30
Tottenham Hotspur,Timo Werner,5557,Left Wing,16
Tottenham Hotspur,Pedro Antonio Porro Sauceda,11292,Right Back,23
Tottenham Hotspur,Cristian Gabriel Romero,20572,Right Center Back,17
Tottenham Hotspur,Oliver Skipp,22145,Left Center Midfield,4
Tottenham Hotspur,Bryan Gil Salvatierra,22418,Left Wing,11
Tottenham Hotspur,Emerson Aparecido Leite de Souza Junior,23522,Left Center Back,12
Tottenham Hotspur,Brennan Johnson,29377,Right Wing,22
Tottenham Hotspur,Guglielmo Vicario,31225,Goalkeeper,13
Tottenham Hotspur,Micky van de Ven,32547,Left Center Back,37
Tottenham Hotspur,Radu Drăgușin,39615,Right Center Back,6
Tottenham Hotspur,Brandon Austin,48123,,40
Tottenham Hotspur,Iyenoma Destiny Udogie,48461,Left Back,38
Tottenham Hotspur,Alfie Dorrington,133198,,65
Tottenham Hotspur,Jamie Donley,133202,,63
Tottenham Hotspur,Yago de Santiago,133774,,58
Manchester United,Christian Dannemann Eriksen,3043,Right Defensive Midfield,14
Manchester United,Marcus Rashford,3318,Left Wing,10
Manchester United,Scott McTominay,3620,Right Defensive Midfield,39
Manchester United,Aaron Wan-Bissaka,3690,Left Back,29
Manchester United,Tom Heaton,4693,,22
Manchester United,Bruno Miguel Borges Fernandes,5204,Center Attacking Midfield,8
Manchester United,Raphaël Varane,5485,Left Center Back,19
Manchester United,Carlos Henrique Casimiro,5539,,18
Manchester United,André Onana,8064,Goalkeeper,24
Manchester United,Jonathan Grant Evans,11012,Right Center Back,35
Manchester United,José Diogo Dalot Teixeira,16028,Right Back,20
Manchester United,Antony Matheus dos Santos,25363,Left Wing,21
Manchester United,Lisandro Martínez,27768,Right Center Back,6
Manchester United,Altay Bayındır,30442,,1
Manchester United,Facundo Pellistri Rebollo,36288,,28
Manchester United,Rasmus Winther Højlund,51672,Center Forward,11
Manchester United,Omari Forson,52120,,62
Manchester United,Alejandro Garnacho Ferreyra,52129,Right Wing,17
Manchester United,Kobbie Mainoo,99174,Left Defensive Midfield,37
Manchester United,Willy Kambwala Ndengushi,144086,,53
Sheffield United,Oliver McBurnie,3332,Center Forward,9
Sheffield United,Ben Osborn,4732,,23
Sheffield United,Ben Brereton Díaz,4735,Left Midfield,11
Sheffield United,Jack Robinson,10485,Left Center Back,19
Sheffield United,Oliver James Norwood,11013,,16
Sheffield United,Jayden Bogle,11896,Right Back,20
Sheffield United,Auston Trusty,12359,Left Back,5
Sheffield United,Gustavo Hamer,15304,Right Center Midfield,8
Sheffield United,Wesley Foderingham,21018,Goalkeeper,18
Sheffield United,Anel Ahmedhodžić,27652,Right Center Back,15
Sheffield United,Ivo Grbić,29342,Goalkeeper,13
Sheffield United,Rhys Norrington-Davies,29396,Left Center Midfield,33
Sheffield United,Vinicius de Souza Costa,32587,Center Defensive Midfield,21
Sheffield United,Yasser Larouci,34793,Center Back,27
Sheffield United,Anis Ben Slimane,35592,Left Center Midfield,25
Sheffield United,James McAtee,49667,Right Midfield,28
Sheffield United,Cameron Archer,50563,Right Defensive Midfield,10
Sheffield United,Femi Seriki,119821,,38
Sheffield United,William Idamudia Daugaard Osula,121254,Center Forward,32
Sheffield United,Andre Brooks,153124,Left Midfield,35
Crystal Palace,James Tomkins,3316,,5
Crystal Palace,Jordan Ayew,3450,Left Midfield,9
Crystal Palace,Jeffrey Schlupp,3520,Right Midfield,15
Crystal Palace,Jaïro Riedewald,3591,,44
Crystal Palace,Dean Henderson,4073,Goalkeeper,30
Crystal Palace,Will Hughes,4588,Center Defensive Midfield,19
Crystal Palace,Nathaniel Edwin Clyne,4590,,17
Crystal Palace,Jefferson Andrés Lerma Solís,5678,Left Center Midfield,8
Crystal Palace,Jean-Philippe Mateta,7403,Center Forward,14
Crystal Palace,Joachim Andersen,8247,Right Center Back,16
Crystal Palace,Eberechi Eze,9000,Right Center Midfield,10
Crystal Palace,Sam Johnstone,9458,,1
Crystal Palace,Odsonne Édouard,10544,Center Forward,22
Crystal Palace,Michael Olise,24215,Right Midfield,7
Crystal Palace,Marc Guehi,34526,Left Center Back,6
Crystal Palace,Naouirou Ahamada,39413,,29
Crystal Palace,Chris Richards,41266,Right Back,26
Crystal Palace,Tyrick Mitchell,41437,Left Back,3
Crystal Palace,Matheus França de Oliveira,114491,,11
Crystal Palace,David Ozoh,138813,Right Center Midfield,52
Brighton & Hove Albion,Lewis Dunk,3088,Center Back,5
Brighton & Hove Albion,Pascal Groß,3097,Right Defensive Midfield,13
Brighton & Hove Albion,James Philip Milner,3473,Right Wing Back,6
Brighton & Hove Albion,Daniel Nii Tackie Mensah Welbeck,3569,Center Forward,18
Brighton & Hove Albion,Adam David Lallana,4090,,14
Brighton & Hove Albion,Adam Webster,9601,,4
Brighton & Hove Albion,Igor Julio dos Santos de Paulo,9741,Left Center Back,3
Brighton & Hove Albion,Pervis Josué Estupiñán Tenorio,24085,Left Wing Back,30
Brighton & Hove Albion,João Pedro Junqueira de Jesus,25299,Left Attacking Midfield,9
Brighton & Hove Albion,Jakub Moder,29480,Right Attacking Midfield,15
Brighton & Hove Albion,Jan Paul van Hecke,30691,Right Center Back,29
Brighton & Hove Albion,Billy Gilmour,31067,Left Defensive Midfield,11
Brighton & Hove Albion,Tariq Lamptey,33602,Left Wing Back,2
Brighton & Hove Albion,Bart Verbruggen,37274,,1
Brighton & Hove Albion,Jason Steele,47553,Goalkeeper,23
Brighton & Hove Albion,Evan Ferguson,51156,Center Forward,28
Brighton & Hove Albion,Benicio Baker-Boaitey,137622,,47
Brighton & Hove Albion,Jack Hinshelwood,155312,Right Wing Back,41
Brighton & Hove Albion,Facundo Valentín Buonanotte,196954,Right Attacking Midfield,40
Brighton & Hove Albion,Carlos Baleba,226169,Left Defensive Midfield,20
Luton Town,Andros Townsend,3297,Right Attacking Midfield,30
Luton Town,Amari'i Bell,4128,Left Center Back,29
Luton Town,Carlton Morris,4220,Left Attacking Midfield,9
Luton Town,Ross Barkley,4275,Left Defensive Midfield,6
Luton Town,Reece Burke,4605,Right Center Back,16
Luton Town,Jordan Clark,9442,Right Attacking Midfield,18
Luton Town,Timothy Michael Krul,9467,,23
Luton Town,Pelly Ruddock Mpanzu,9674,Right Defensive Midfield,17
Luton Town,Daniel Potts,9681,,3
Luton Town,Elijah Adebayo,9827,Center Forward,11
Luton Town,Chiedozie Ogbene,13306,Right Wing Back,7
Luton Town,Cauley Woodrow,21090,Center Forward,10
Luton Town,Albert-Mboyo Sambi Lokonga,21304,Right Defensive Midfield,28
Luton Town,Luke Berry,22175,Left Defensive Midfield,8
Luton Town,Gabriel Osho,22347,Center Back,2
Luton Town,Tahith Chong,23636,Center Forward,14
Luton Town,Thomas Kaminski,23741,Goalkeeper,24
Luton Town,Alfie Doughty,33074,Left Wing Back,45
Luton Town,Zack Nelson,332827,,43
Luton Town,Joseph Nathan Johnson,393324,,38
Everton,Michael Keane,3438,,5
Everton,Jordan Pickford,3468,Goalkeeper,1
Everton,Dominic Calvert-Lewin,3470,Center Forward,9
Everton,Ashley Young,3612,Right Midfield,18
Everton,James Tarkowski,3628,Right Center Back,6
Everton,Ben Godfrey,4076,Right Back,22
Everton,Dwight McNeil,5111,Left Defensive Midfield,7
Everton,Jack Harrison,9616,Center Attacking Midfield,11
Everton,Arnaut Danjuma Groeneveld,16284,Left Midfield,10
Everton,Vitalii Mykolenko,20827,Left Back,19
Everton,Andrew Michael Lonergan,23512,,31
Everton,James Garner,23625,Right Defensive Midfield,37
Everton,João Manuel Neves Virginia,29378,,12
Everton,Norberto Bercique Gomes Betuncal,30006,Center Forward,14
Everton,Jarrad Branthwaite,32762,Left Center Back,32
Everton,Nathan Patterson,37338,Right Midfield,2
Everton,Mackenzie Hunt,49671,,58
Everton,Lewis Norman Dobbin,50505,Left Midfield,61
Everton,Jenson Metcalfe,77722,,86
Everton,Youssef Ramalho Chermiti,149581,,28
Fulham,Willian Borges da Silva,3472,Left Wing,20
Fulham,Kenny Tete,3798,,2
Fulham,Marek Rodák,4152,,1
Fulham,Issa Diop,4349,Left Center Back,31
Fulham,Antonee Robinson,4614,Left Back,33
Fulham,Raúl Alonso Jiménez Rodríguez,5568,Center Forward,7
Fulham,Saša Lukić,6687,,28
Fulham,Andreas Hoelgebaum Pereira,6846,Center Attacking Midfield,18
Fulham,Timothy Castagne,6989,Right Back,21
Fulham,Oluwatosin Adarabioyo,9650,Right Center Back,4
Fulham,Bobby Armani De Cordova-Reid,9923,Right Wing,14
Fulham,Tom Cairney,10284,Left Defensive Midfield,10
Fulham,Harrison Reed,11936,,6
Fulham,João Maria Lobo Alves Palhinha Gonçalves,12169,Right Defensive Midfield,26
Fulham,Carlos Vinícius Alves Morais,13639,,30
Fulham,Bernd Leno,15581,Goalkeeper,17
Fulham,Tim Ream,18242,Left Center Back,13
Fulham,Rodrigo Muniz Carvalho,49049,Center Forward,19
Fulham,Tyrese Francois,49565,,35
Fulham,Kristian Sekularac,84545,,57
Arsenal,Gabriel Fernando de Jesus,3202,Center Forward,9
Arsenal,Cédric Ricardo Alves Soares,3329,,17
Arsenal,Reiss Nelson,3571,,24
Arsenal,Oleksandr Zinchenko,3575,Left Back,35
Arsenal,Edward Nketiah,3737,Center Forward,14
Arsenal,Declan Rice,3943,Center Defensive Midfield,41
Arsenal,David Raya Martin,4127,Goalkeeper,22
Arsenal,Gabriel dos Santos Magalhães,6406,Left Center Back,6
Arsenal,Jorge Luiz Frello Filho,7024,Right Center Midfield,20
Arsenal,Martin Ødegaard,8252,Right Center Midfield,8
Arsenal,Kai Havertz,8966,Left Center Midfield,29
Arsenal,Leandro Trossard,16559,Left Wing,19
Arsenal,Emile Smith Rowe,16591,Left Center Midfield,10
Arsenal,William Saliba,17592,Right Center Back,2
Arsenal,Bukayo Saka,22084,Right Wing,7
Arsenal,Aaron Ramsdale,22783,,1
Arsenal,Ben White,22809,Right Back,4
Arsenal,Gabriel Teodoro Martinelli Silva,29976,Left Wing,11
Arsenal,Jakub Piotr Kiwior,44166,Left Back,15
Arsenal,Reuell Walters,207078,,76
Nottingham Forest,Wayne Hennessey,3488,,13
Nottingham Forest,Chris Wood,3505,Center Forward,11
Nottingham Forest,Ryan Yates,4239,Left Defensive Midfield,22
Nottingham Forest,Callum Hudson-Odoi,4274,Left Wing,14
Nottingham Forest,Harry Toffolo,6555,Left Back,15
Nottingham Forest,Orel Mangala,8950,Left Defensive Midfield,5
Nottingham Forest,Morgan Gibbs-White,9934,Center Attacking Midfield,10
Nottingham Forest,Odisseas Vlachodimos,10332,,23
Nottingham Forest,Felipe Augusto de Almeida Monteiro,11167,,18
Nottingham Forest,Matthew Charles Turner,12352,Goalkeeper,1
Nottingham Forest,Joe Worrall,16336,,4
Nottingham Forest,Taiwo Michael Awoniyi,23898,Center Forward,9
Nottingham Forest,Gonzalo Ariel Montiel,28263,Right Back,29
Nottingham Forest,Nicolás Martín Domínguez,28672,Left Wing,16
Nottingham Forest,Neco Williams,34794,Right Wing,7
Nottingham Forest,Danilo dos Santos de Oliveira,46451,Right Defensive Midfield,28
Nottingham Forest,Anthony Elanga,50991,Right Wing,21
Nottingham Forest,Andrew Omobamidele,58467,Right Center Back,32
Nottingham Forest,Brandon Aguilera Zamora,108340,,41
Nottingham Forest,Murillo Santiago Costa dos Santos,271487,Left Center Back,40
Newcastle United,Matt Ritchie,3049,,11
Newcastle United,Paul Dummett,3065,,3
Newcastle United,Jacob Murphy,3273,Right Wing,23
Newcastle United,Kieran Trippier,3308,Right Back,2
Newcastle United,Loris Karius,3630,,18
Newcastle United,Martin Dúbravka,3711,Goalkeeper,1
Newcastle United,Dan Burn,3864,Left Back,33
Newcastle United,Sean Longstaff,4031,Right Center Midfield,36
Newcastle United,Fabian Lukas Schär,5537,Right Center Back,5
Newcastle United,Emil Krafth,6358,Center Forward,17
Newcastle United,Alexander Isak,8819,Center Forward,14
Newcastle United,Miguel Ángel Almirón Rejala,12603,Center Forward,24
Newcastle United,Sven Botman,21551,Left Center Back,4
Newcastle United,Bruno Guimarães Rodriguez Moura,25142,Center Defensive Midfield,39
Newcastle United,Anthony Gordon,28104,Left Wing,10
Newcastle United,Joe White,29381,,40
Newcastle United,Valentino Livramento,39241,Left Center Midfield,21
Newcastle United,Lewis Miley,134048,Left Center Midfield,67
Newcastle United,Lewis Hall,134092,,20
Newcastle United,Travis Enrique Hernes,325934,,90
Aston Villa,Youri Tielemans,2954,Left Midfield,8
Aston Villa,Diego Carlos Santos Silva,3366,,3
Aston Villa,Calum Chambers,3713,,16
Aston Villa,Ezri Konsa Ngoyo,3822,Right Center Back,4
Aston Villa,Boubacar Kamara,4433,Right Defensive Midfield,44
Aston Villa,Matty Cash,4734,Right Back,2
Aston Villa,Ollie Watkins,4760,Left Center Forward,11
Aston Villa,Robin Olsen,5622,,25
Aston Villa,Douglas Luiz Soares de Paulo,6574,Left Defensive Midfield,6
Aston Villa,Clément Lenglet,6826,Left Center Back,17
Aston Villa,Damián Emiliano Martínez,6909,Goalkeeper,1
Aston Villa,Leon Bailey Butler,8214,Right Center Forward,31
Aston Villa,Moussa Diaby,8292,Right Center Forward,19
Aston Villa,John McGinn,9974,Right Midfield,7
Aston Villa,Alejandro Moreno Lopera,11538,Left Back,15
Aston Villa,Nicolò Zaniolo,16062,Left Midfield,22
Aston Villa,Jacob Ramsey,23500,Right Defensive Midfield,41
Aston Villa,Kaine Kesler-Hayden,93376,,29
Aston Villa,James Wright,97539,,64
Aston Villa,Tim Iroegbunam,113387,,47
Brentford,Mathias Jørgensen Jatta,3027,,13
Brentford,Ben Mee,3663,Left Center Back,16
Brentford,Ivan Toney,3834,Right Center Forward,17
Brentford,Ethan Pinnock,4610,Center Back,5
Brentford,Neal Maupay,4766,Left Center Forward,7
Brentford,Christian Nørgaard,7097,Center Defensive Midfield,6
Brentford,Thomas Strakosha,7789,,21
Brentford,Kristoffer Vassbakk Ajer,10532,Right Center Back,20
Brentford,Shandon Baptiste,11403,Left Center Midfield,26
Brentford,Vitaly Janelt,12074,Left Center Midfield,27
Brentford,Mathias Jensen,18722,Right Center Midfield,8
Brentford,Pelenda Joshua Tunga Dasilva,21160,Right Wing Back,10
Brentford,Mads Roerslev,24440,Right Wing Back,30
Brentford,Mikkel Damsgaard,24443,Left Wing Back,24
Brentford,Nathan Michael Collins,24824,Right Center Back,22
Brentford,Mark Flekken,25000,Goalkeeper,1
Brentford,Keane Lewis-Potter,32928,Left Wing Back,23
Brentford,Ehor Yarmolyuk,45803,Right Center Midfield,33
Brentford,Ethan Craig Brierley,47309,,38
Brentford,Benjamin Chiemela Fredrick,397079,,43
Tottenham Hotspur,Ben Davies,3086,,33
Tottenham Hotspur,Richarlison de Andrade,3280,Center Forward,9
Tottenham Hotspur,Pierre-Emile Højbjerg,3570,Center Defensive Midfield,5
Tottenham Hotspur,Fraser Forster,3970,,20
Tottenham Hotspur,Rodrigo Bentancur Colmán,5260,Left Defensive Midfield,30
Tottenham Hotspur,Timo Werner,5557,Left Wing,16
Tottenham Hotspur,James Maddison,9905,Center Attacking Midfield,10
Tottenham Hotspur,Pedro Antonio Porro Sauceda,11292,Right Back,23
Tottenham Hotspur,Cristian Gabriel Romero,20572,Right Center Back,17
Tottenham Hotspur,Oliver Skipp,22145,Right Center Midfield,4
Tottenham Hotspur,Bryan Gil Salvatierra,22418,,11
Tottenham Hotspur,Dejan Kulusevski,22818,Right Wing,21
Tottenham Hotspur,Emerson Aparecido Leite de Souza Junior,23522,,12
Tottenham Hotspur,Brennan Johnson,29377,Right Wing,22
Tottenham Hotspur,Guglielmo Vicario,31225,Goalkeeper,13
Tottenham Hotspur,Micky van de Ven,32547,Left Center Back,37
Tottenham Hotspur,Radu Drăgușin,39615,Left Center Midfield,6
Tottenham Hotspur,Dane Scarlett,41599,,44
Tottenham Hotspur,Iyenoma Destiny Udogie,48461,Left Back,38
Tottenham Hotspur,Jamie Donley,133202,Left Wing,63
AFC Bournemouth,Philip Billing,3331,,29
AFC Bournemouth,Dominic Solanke,3614,Center Forward,9
AFC Bournemouth,Lewis Cook,3615,Right Defensive Midfield,4
AFC Bournemouth,Marcus Tavernier,4111,Left Wing,16
AFC Bournemouth,Chris Mepham,4767,,6
AFC Bournemouth,Adam Smith,6409,Right Back,15
AFC Bournemouth,Norberto Murara Neto,6590,Goalkeeper,1
AFC Bournemouth,Justin Kluivert,8063,Center Attacking Midfield,19
AFC Bournemouth,Antoine Semenyo,9286,Right Wing,24
AFC Bournemouth,Lloyd Kelly,9938,Left Back,5
AFC Bournemouth,Ryan Christie,12510,Left Defensive Midfield,10
AFC Bournemouth,Luis Fernando Sinisterra Lucumí,16184,Left Wing,17
AFC Bournemouth,Romain Faivre,22319,Right Wing,8
AFC Bournemouth,Mark Travers,24937,,42
AFC Bournemouth,Marcos Senesi,27773,Left Center Back,25
AFC Bournemouth,Illia Zabarnyi,39136,Right Center Back,27
AFC Bournemouth,Gavin Kilkenny,44845,,26
AFC Bournemouth,Milos Kerkez,89635,Left Back,3
AFC Bournemouth,Alex Scott,91951,Center Attacking Midfield,14
AFC Bournemouth,Maxwell Kinsey-Wellings,357872,,48
West Ham United,Aaron Cresswell,3062,,3
West Ham United,Gnaly Maxwell Cornet,3162,Left Wing,17
West Ham United,Łukasz Fabiański,3262,,1
West Ham United,James Ward-Prowse,3328,Left Wing,7
West Ham United,Alphonse Areola,3379,Goalkeeper,23
West Ham United,Kurt Happy Zouma,3456,Left Center Back,4
West Ham United,Daniel William John Ings,3654,Center Forward,18
West Ham United,Angelo Obinze Ogbonna,3843,,21
West Ham United,Emerson Palmieri dos Santos,4355,Left Back,33
West Ham United,Kalvin Phillips,4706,Right Defensive Midfield,11
West Ham United,Konstantinos Mavropanos,4781,Right Center Back,15
West Ham United,Tomáš Souček,4870,Center Attacking Midfield,28
West Ham United,Edson Omar Álvarez Velázquez,5567,Left Defensive Midfield,19
West Ham United,Jarrod Bowen,9640,Center Forward,20
West Ham United,Mohammed Kudus,17033,Right Wing,14
West Ham United,Benjamin Johnson,23626,Right Back,2
West Ham United,Divin Mubama,141121,,45
West Ham United,Kaelan Casey,141126,,42
West Ham United,Lewis Orford,141127,,61
West Ham United,Oliver Scarles,141130,,57
Manchester United,Christian Dannemann Eriksen,3043,,14
Manchester United,Marcus Rashford,3318,Left Midfield,10
Manchester United,Harry Maguire,3336,Left Center Back,5
Manchester United,Luke Shaw,3382,Left Back,23
Manchester United,Scott McTominay,3620,Center Defensive Midfield,39
Manchester United,Bruno Miguel Borges Fernandes,5204,Left Center Midfield,8
Manchester United,Raphaël Varane,5485,Right Center Back,19
Manchester United,Carlos Henrique Casimiro,5539,Center Defensive Midfield,18
Manchester United,André Onana,8064,Goalkeeper,24
Manchester United,Jonathan Grant Evans,11012,Right Midfield,35
Manchester United,José Diogo Dalot Teixeira,16028,Right Back,20
Manchester United,Antony Matheus dos Santos,25363,Left Midfield,21
Manchester United,Lisandro Martínez,27768,Left Center Back,6
Manchester United,Altay Bayındır,30442,,1
Manchester United,Amad Diallo Traoré,32784,,16
Manchester United,Rasmus Winther Højlund,51672,Center Forward,11
Manchester United,Omari Forson,52120,Center Forward,62
Manchester United,Alejandro Garnacho Ferreyra,52129,Right Midfield,17
Manchester United,Kobbie Mainoo,99174,Right Center Midfield,37
Manchester United,Willy Kambwala Ndengushi,144086,,53
Wolverhampton Wanderers,Craig Dawson,3523,Center Back,15
Wolverhampton Wanderers,Mario Lemina,3951,Right Defensive Midfield,5
Wolverhampton Wanderers,Daniel Bentley,4773,,25
Wolverhampton Wanderers,Nélson Cabral Semedo,6374,Right Wing Back,22
Wolverhampton Wanderers,Pablo Sarabia García,6720,Center Forward,21
Wolverhampton Wanderers,Matt Doherty,9925,Left Wing Back,2
Wolverhampton Wanderers,Rayan Aït Nouri,12111,Left Wing Back,3
Wolverhampton Wanderers,Matheus Santos Carneiro da Cunha,12425,Left Attacking Midfield,12
Wolverhampton Wanderers,José Pedro Malheiro de Sá,18866,Goalkeeper,1
Wolverhampton Wanderers,Jean-Ricner Bellegarde,19718,Center Forward,27
Wolverhampton Wanderers,Pedro Lomba Neto,23256,Right Attacking Midfield,7
Wolverhampton Wanderers,Maximilian William Kilman,24940,Right Center Back,23
Wolverhampton Wanderers,Thomas Doyle,34789,Left Defensive Midfield,20
Wolverhampton Wanderers,Santiago Ignacio Bueno Sciutto,41138,,4
Wolverhampton Wanderers,João Victor Gomes da Silva,48720,Left Defensive Midfield,8
Wolverhampton Wanderers,Tote António Gomes,48941,Left Center Back,24
Wolverhampton Wanderers,Hugo Bueno,82220,,17
Wolverhampton Wanderers,Nathan Fraser,133454,Left Center Back,63
Wolverhampton Wanderers,Tawanda Chirewa,142702,,62
Wolverhampton Wanderers,Joseph Hodge,207549,,32
Chelsea,Christopher Nkunku,3025,Center Attacking Midfield,18
Chelsea,Raheem Sterling,3233,Left Wing,7
Chelsea,Thiago Emiliano da Silva,3295,Right Center Back,6
Chelsea,Ben Chilwell,3458,Left Back,21
Chelsea,Axel Disasi,7439,Right Back,2
Chelsea,Benoît Badiashile Mukinayi,21368,Left Center Back,5
Chelsea,Conor Gallagher,29399,Center Attacking Midfield,23
Chelsea,Chukwunonso Madueke,31506,Right Wing,11
Chelsea,Đorđe Petrović,32565,Goalkeeper,28
Chelsea,Armando Broja,36885,,19
Chelsea,Moisés Isaac Caicedo Corozo,37726,Right Defensive Midfield,25
Chelsea,Enzo Fernandez,38718,Left Defensive Midfield,8
Chelsea,Malo Gusto,39260,Left Back,27
Chelsea,Cole Palmer,39461,Center Forward,20
Chelsea,Mykhailo Mudryk,39483,Right Wing,10
Chelsea,Cesare Casadei,44736,Right Center Midfield,31
Chelsea,Lucas Carl Edvard Bergström,52170,,47
Chelsea,Carney Chukwuemeka,89986,Left Center Midfield,17
Chelsea,Alfie Gilchrist,109640,,42
Chelsea,Deivid Washington de Souza Eugênio,271873,,36
Liverpool,Joe Gomez,3495,Left Back,2
Liverpool,Andrew Robertson,3655,Left Back,26
Liverpool,Trent Alexander-Arnold,3664,Right Back,66
Liverpool,Virgil van Dijk,3669,Left Center Back,4
Liverpool,Alisson Ramsés Becker,5547,Goalkeeper,1
Liverpool,Diogo José Teixeira da Silva,9929,Right Wing,20
Liverpool,Ibrahima Konaté,11135,Right Center Back,5
Liverpool,Cody Mathès Gakpo,20750,Right Wing,18
Liverpool,Dominik Szoboszlai,21209,Right Center Midfield,8
Liverpool,Ryan Gravenberch,23230,,38
Liverpool,Harvey Elliott,24938,Right Center Midfield,19
Liverpool,Luis Fernando Díaz Marulanda,27158,Left Wing,7
Liverpool,Alexis Mac Allister,27886,Center Defensive Midfield,10
Liverpool,Darwin Gabriel Núñez Ribeiro,32478,Center Forward,9
Liverpool,Curtis Jones,33231,Left Center Midfield,17
Liverpool,Caoimhin Kelleher,34959,,62
Liverpool,Conor Bradley,40209,Right Back,84
Liverpool,Jarell Quansah,40908,,78
Liverpool,James McConnell,133356,,53
Liverpool,Bobby Clark,136677,Left Center Midfield,42
Burnley,Jack Frank Porteous Cork,3462,,4
Burnley,Johann Berg Guðmunds­son,3720,Right Midfield,7
Burnley,Connor Roberts,4774,Left Center Forward,14
Burnley,Josh Cullen,4837,,24
Burnley,Jacob Bruun Larsen,8961,,34
Burnley,Joshua Brownhill,9607,Left Defensive Midfield,8
Burnley,Arijanet Murić,16234,,49
Burnley,Sander Berge,16553,Right Defensive Midfield,16
Burnley,Dara Joseph O'Shea,18753,Right Center Back,2
Burnley,Han-Noah Massengo,21199,Center Back,42
Burnley,Victor Alexander da Silva,24016,Right Back,22
Burnley,Lyle Foster,29840,Right Center Forward,17
Burnley,Hjalmar Ekdal,41208,Left Center Back,18
Burnley,James Trafford,42298,Goalkeeper,1
Burnley,Mohamed Zeki Amdouni,48335,Left Center Forward,25
Burnley,David Datro Fofana,89326,Right Center Forward,23
Burnley,Aaron Ramsey,122567,Right Midfield,21
Burnley,Anass Zaroury,131037,Left Wing,19
Burnley,Ameen Al Dakhil,131049,Left Back,28
Burnley,Wilson Odobert,151924,Left Midfield,47
Manchester City,Ederson Santana de Moraes,3067,Goalkeeper,31
Manchester City,Kevin De Bruyne,3089,Center Attacking Midfield,17
Manchester City,Bernardo Mota Veiga de Carvalho e Silva,3193,,20
Manchester City,Kyle Walker,3205,,2
Manchester City,John Stones,3244,Right Center Back,5
Manchester City,Nathan Aké,3306,Left Center Back,6
Manchester City,Phil Foden,4354,Right Wing,47
Manchester City,Rúben Santos Gato Alves Dias,5206,,3
Manchester City,Mateo Kovačić,5456,Right Defensive Midfield,8
Manchester City,Rodrigo Hernández Cascante,6765,Right Defensive Midfield,16
Manchester City,Stefan Ortega Moreno,9194,,18
Manchester City,Jack Grealish,9638,Right Wing,10
Manchester City,Sergio Gómez Martín,22199,Left Wing,21
Manchester City,Erling Håland,23616,Center Attacking Midfield,9
Manchester City,Jeremy Doku,23650,Left Wing,11
Manchester City,Julián Álvarez,29560,Center Forward,19
Manchester City,Joško Gvardiol,33018,Left Back,24
Manchester City,Matheus Luiz Nunes,40874,Left Defensive Midfield,27
Manchester City,Rico Lewis,48705,Right Back,82
Manchester City,Oscar Bobb,104825,,52
Luton Town,Andros Townsend,3297,,30
Luton Town,Amari'i Bell,4128,Left Center Back,29
Luton Town,Carlton Morris,4220,Left Attacking Midfield,9
Luton Town,Ross Barkley,4275,Left Defensive Midfield,6
Luton Town,Reece Burke,4605,Left Wing Back,16
Luton Town,Jordan Clark,9442,Right Attacking Midfield,18
Luton Town,Timothy Michael Krul,9467,,23
Luton Town,Pelly Ruddock Mpanzu,9674,Right Attacking Midfield,17
Luton Town,Elijah Adebayo,9827,Center Forward,11
Luton Town,Jacob Brown,12197,Left Attacking Midfield,19
Luton Town,Chiedozie Ogbene,13306,Right Wing Back,7
Luton Town,Cauley Woodrow,21090,Center Forward,10
Luton Town,Albert-Mboyo Sambi Lokonga,21304,Right Defensive Midfield,28
Luton Town,Luke Berry,22175,,8
Luton Town,Gabriel Osho,22347,Center Back,2
Luton Town,Tahith Chong,23636,,14
Luton Town,Thomas Kaminski,23741,Goalkeeper,24
Luton Town,Alfie Doughty,33074,Left Wing Back,45
Luton Town,Issa Kabore,35471,,12
Luton Town,Teden Mengi,43604,Right Center Back,15
Newcastle United,Matt Ritchie,3049,,11
Newcastle United,Paul Dummett,3065,,3
Newcastle United,Jacob Murphy,3273,Right Wing,23
Newcastle United,Kieran Trippier,3308,Right Back,2
Newcastle United,Callum Wilson,3616,Center Forward,9
Newcastle United,Loris Karius,3630,,18
Newcastle United,Martin Dúbravka,3711,Goalkeeper,1
Newcastle United,Dan Burn,3864,Left Back,33
Newcastle United,Sean Longstaff,4031,Right Center Midfield,36
Newcastle United,Harvey Lewis Barnes,4718,Right Wing,15
Newcastle United,Fabian Lukas Schär,5537,Right Center Back,5
Newcastle United,Emil Krafth,6358,,17
Newcastle United,Miguel Ángel Almirón Rejala,12603,Left Wing,24
Newcastle United,Sven Botman,21551,Left Center Back,4
Newcastle United,Bruno Guimarães Rodriguez Moura,25142,Center Defensive Midfield,39
Newcastle United,Anthony Gordon,28104,Center Forward,10
Newcastle United,Joe White,29381,,40
Newcastle United,Valentino Livramento,39241,Left Back,21
Newcastle United,Lewis Miley,134048,Left Center Midfield,67
Newcastle United,Lewis Hall,134092,,20
Aston Villa,Youri Tielemans,2954,Center Attacking Midfield,8
Aston Villa,Diego Carlos Santos Silva,3366,Right Center Back,3
Aston Villa,Calum Chambers,3713,,16
Aston Villa,Ezri Konsa Ngoyo,3822,Right Back,4
Aston Villa,Boubacar Kamara,4433,Right Defensive Midfield,44
Aston Villa,Matty Cash,4734,Right Back,2
Aston Villa,Ollie Watkins,4760,Center Forward,11
Aston Villa,Robin Olsen,5622,,25
Aston Villa,Douglas Luiz Soares de Paulo,6574,Left Defensive Midfield,6
Aston Villa,Clément Lenglet,6826,Left Center Back,17
Aston Villa,Damián Emiliano Martínez,6909,Goalkeeper,1
Aston Villa,Leon Bailey Butler,8214,Right Wing,31
Aston Villa,Moussa Diaby,8292,Right Wing,19
Aston Villa,John McGinn,9974,Left Wing,7
Aston Villa,Alejandro Moreno Lopera,11538,Left Back,15
Aston Villa,Jacob Ramsey,23500,Left Wing,41
Aston Villa,Morgan Rogers,39354,Center Attacking Midfield,27
Aston Villa,Kaine Kesler-Hayden,93376,,29
Aston Villa,James Wright,97539,,64
Aston Villa,Tim Iroegbunam,113387,Right Defensive Midfield,47
Sheffield United,Mason Holgate,3640,Right Center Back,30
Sheffield United,Tom Davies,3652,Right Center Forward,22
Sheffield United,Ben Osborn,4732,Left Center Midfield,23
Sheffield United,Ben Brereton Díaz,4735,Left Wing,11
Sheffield United,Jack Robinson,10485,Left Wing Back,19
Sheffield United,Oliver James Norwood,11013,,16
Sheffield United,Jayden Bogle,11896,Right Wing Back,20
Sheffield United,Auston Trusty,12359,Left Center Back,5
Sheffield United,Gustavo Hamer,15304,Right Center Midfield,8
Sheffield United,Wesley Foderingham,21018,Goalkeeper,18
Sheffield United,Anel Ahmedhodžić,27652,Center Back,15
Sheffield United,Rhys Norrington-Davies,29396,Left Wing Back,33
Sheffield United,Vinicius de Souza Costa,32587,Right Defensive Midfield,21
Sheffield United,Yasser Larouci,34793,,27
Sheffield United,James McAtee,49667,Right Wing,28
Sheffield United,Cameron Archer,50563,Left Center Forward,10
Sheffield United,William Idamudia Daugaard Osula,121254,Center Forward,32
Sheffield United,Jordan Amissah,140745,,37
Sheffield United,Andre Brooks,153124,Left Defensive Midfield,35
Sheffield United,Ryan One,282924,,26
Nottingham Forest,Moussa Niakhate,3198,,19
Nottingham Forest,Ryan Yates,4239,Right Defensive Midfield,22
Nottingham Forest,Callum Hudson-Odoi,4274,Left Wing,14
Nottingham Forest,Harry Toffolo,6555,,15
Nottingham Forest,Morgan Gibbs-White,9934,Center Attacking Midfield,10
Nottingham Forest,Odisseas Vlachodimos,10332,,23
Nottingham Forest,Matz Sels,10479,Goalkeeper,26
Nottingham Forest,Felipe Augusto de Almeida Monteiro,11167,,18
Nottingham Forest,Matthew Charles Turner,12352,,1
Nottingham Forest,Taiwo Michael Awoniyi,23898,Center Forward,9
Nottingham Forest,Gonzalo Ariel Montiel,28263,Right Back,29
Nottingham Forest,Nicolás Martín Domínguez,28672,Left Defensive Midfield,16
Nottingham Forest,Nuno Albertino Varela Tavares,30040,Left Back,3
Nottingham Forest,Giovanni Reyna,34339,Right Wing,20
Nottingham Forest,Neco Williams,34794,Right Back,7
Nottingham Forest,Danilo dos Santos de Oliveira,46451,Left Defensive Midfield,28
Nottingham Forest,Anthony Elanga,50991,Right Wing,21
Nottingham Forest,Andrew Omobamidele,58467,Right Center Back,32
Nottingham Forest,Rodrigo Duarte Ribeiro,149579,Right Wing,37
Nottingham Forest,Murillo Santiago Costa dos Santos,271487,Left Center Back,40
AFC Bournemouth,Philip Billing,3331,Center Attacking Midfield,29
AFC Bournemouth,Dominic Solanke,3614,Center Forward,9
AFC Bournemouth,Lewis Cook,3615,Left Defensive Midfield,4
AFC Bournemouth,Marcus Tavernier,4111,Right Wing,16
AFC Bournemouth,Chris Mepham,4767,,6
AFC Bournemouth,Adam Smith,6409,Right Back,15
AFC Bournemouth,Norberto Murara Neto,6590,Goalkeeper,1
AFC Bournemouth,Justin Kluivert,8063,Center Attacking Midfield,19
AFC Bournemouth,Antoine Semenyo,9286,Right Wing,24
AFC Bournemouth,Lloyd Kelly,9938,Left Back,5
AFC Bournemouth,Ryan Christie,12510,Right Defensive Midfield,10
AFC Bournemouth,Luis Fernando Sinisterra Lucumí,16184,Left Wing,17
AFC Bournemouth,Ionuț Andrei Radu,18237,,20
AFC Bournemouth,Romain Faivre,22319,,8
AFC Bournemouth,Mark Travers,24937,,42
AFC Bournemouth,Marcos Senesi,27773,Left Center Back,25
AFC Bournemouth,Illia Zabarnyi,39136,Right Center Back,27
AFC Bournemouth,Milos Kerkez,89635,Left Back,3
AFC Bournemouth,Alex Scott,91951,Right Defensive Midfield,14
AFC Bournemouth,Dango Aboubacar Faissal Ouattara,95042,Left Wing,11
Liverpool,Joe Gomez,3495,Left Back,2
Liverpool,Adrián San Miguel del Castillo,3623,,13
Liverpool,Andrew Robertson,3655,Right Back,26
Liverpool,Trent Alexander-Arnold,3664,Right Back,66
Liverpool,Virgil van Dijk,3669,Left Center Back,4
Liverpool,Thiago Alcântara do Nascimento,5208,Left Center Midfield,6
Liverpool,Alisson Ramsés Becker,5547,Goalkeeper,1
Liverpool,Diogo José Teixeira da Silva,9929,Center Forward,20
Liverpool,Ibrahima Konaté,11135,Right Center Back,5
Liverpool,Cody Mathès Gakpo,20750,Right Wing,18
Liverpool,Ryan Gravenberch,23230,Right Center Midfield,38
Liverpool,Harvey Elliott,24938,Right Center Midfield,19
Liverpool,Luis Fernando Díaz Marulanda,27158,Left Wing,7
Liverpool,Alexis Mac Allister,27886,Center Defensive Midfield,10
Liverpool,Darwin Gabriel Núñez Ribeiro,32478,Right Wing,9
Liverpool,Curtis Jones,33231,Left Center Midfield,17
Liverpool,Caoimhin Kelleher,34959,,62
Liverpool,Jarell Quansah,40908,,78
Liverpool,James McConnell,133356,,53
Liverpool,Bobby Clark,136677,,42
Arsenal,Cédric Ricardo Alves Soares,3329,,17
Arsenal,Mohamed Naser Elsayed Elneny,3568,,25
Arsenal,Reiss Nelson,3571,Right Wing,24
Arsenal,Oleksandr Zinchenko,3575,Left Back,35
Arsenal,Edward Nketiah,3737,,14
Arsenal,Declan Rice,3943,Center Defensive Midfield,41
Arsenal,David Raya Martin,4127,Goalkeeper,22
Arsenal,Gabriel dos Santos Magalhães,6406,Left Center Back,6
Arsenal,Jorge Luiz Frello Filho,7024,Left Center Midfield,20
Arsenal,Martin Ødegaard,8252,Right Center Midfield,8
Arsenal,Kai Havertz,8966,Center Forward,29
Arsenal,Leandro Trossard,16559,Left Wing,19
Arsenal,Emile Smith Rowe,16591,,10
Arsenal,William Saliba,17592,Right Center Back,2
Arsenal,Bukayo Saka,22084,Right Wing,7
Arsenal,Aaron Ramsdale,22783,,1
Arsenal,Ben White,22809,Right Back,4
Arsenal,Gabriel Teodoro Martinelli Silva,29976,Left Wing,11
Arsenal,Jakub Piotr Kiwior,44166,Left Back,15
Arsenal,Reuell Walters,207078,,76
Manchester City,Ederson Santana de Moraes,3067,Goalkeeper,31
Manchester City,Kevin De Bruyne,3089,Right Center Midfield,17
Manchester City,Bernardo Mota Veiga de Carvalho e Silva,3193,Right Midfield,20
Manchester City,Kyle Walker,3205,Right Back,2
Manchester City,John Stones,3244,,5
Manchester City,Nathan Aké,3306,Left Center Back,6
Manchester City,Phil Foden,4354,Left Midfield,47
Manchester City,Rúben Santos Gato Alves Dias,5206,Right Center Back,3
Manchester City,Mateo Kovačić,5456,Center Forward,8
Manchester City,Manuel Obafemi Akanji,5549,,25
Manchester City,Rodrigo Hernández Cascante,6765,Center Defensive Midfield,16
Manchester City,Stefan Ortega Moreno,9194,,18
Manchester City,Jack Grealish,9638,,10
Manchester City,Erling Håland,23616,Center Forward,9
Manchester City,Jeremy Doku,23650,Right Midfield,11
Manchester City,Julián Álvarez,29560,Left Center Midfield,19
Manchester City,Joško Gvardiol,33018,Left Back,24
Manchester City,Matheus Luiz Nunes,40874,,27
Manchester City,Rico Lewis,48705,,82
Manchester City,Oscar Bobb,104825,,52
Brentford,Mathias Jørgensen Jatta,3027,,13
Brentford,Ben Mee,3663,Left Center Back,16
Brentford,Ivan Toney,3834,Right Center Forward,17
Brentford,Ethan Pinnock,4610,Center Back,5
Brentford,Neal Maupay,4766,Left Center Forward,7
Brentford,Christian Nørgaard,7097,Center Defensive Midfield,6
Brentford,Thomas Strakosha,7789,,21
Brentford,Kristoffer Vassbakk Ajer,10532,Left Wing Back,20
Brentford,Shandon Baptiste,11403,Left Center Forward,26
Brentford,Vitaly Janelt,12074,Left Center Midfield,27
Brentford,Sergio Reguilón Rodríguez,18620,Left Wing Back,12
Brentford,Mathias Jensen,18722,Right Center Midfield,8
Brentford,Mads Roerslev,24440,Right Wing Back,30
Brentford,Mikkel Damsgaard,24443,Right Center Midfield,24
Brentford,Nathan Michael Collins,24824,Right Center Back,22
Brentford,Mark Flekken,25000,Goalkeeper,1
Brentford,Keane Lewis-Potter,32928,Right Wing Back,23
Brentford,Ehor Yarmolyuk,45803,Left Center Midfield,33
Brentford,Ethan Craig Brierley,47309,,38
Brentford,Benjamin Chiemela Fredrick,397079,,43
Crystal Palace,James Tomkins,3316,,5
Crystal Palace,Jordan Ayew,3450,Right Wing,9
Crystal Palace,Jeffrey Schlupp,3520,Left Wing,15
Crystal Palace,Jaïro Riedewald,3591,,44
Crystal Palace,Dean Henderson,4073,Goalkeeper,30
Crystal Palace,Will Hughes,4588,Left Center Midfield,19
Crystal Palace,Jefferson Andrés Lerma Solís,5678,Right Center Midfield,8
Crystal Palace,Jean-Philippe Mateta,7403,Center Forward,14
Crystal Palace,Joachim Andersen,8247,Right Center Back,16
Crystal Palace,Sam Johnstone,9458,,1
Crystal Palace,Odsonne Édouard,10544,Center Forward,22
Crystal Palace,Michael Olise,24215,Right Wing,7
Crystal Palace,Daniel Muñoz Mejía,27423,Right Back,12
Crystal Palace,Marc Guehi,34526,Left Center Back,6
Crystal Palace,Naouirou Ahamada,39413,Left Center Midfield,29
Crystal Palace,Chris Richards,41266,Center Defensive Midfield,26
Crystal Palace,Tyrick Mitchell,41437,Left Back,3
Crystal Palace,Adam Wharton,77723,Left Center Back,20
Crystal Palace,Matheus França de Oliveira,114491,Right Wing,11
Crystal Palace,David Ozoh,138813,,52
Brighton & Hove Albion,Lewis Dunk,3088,Left Center Back,5
Brighton & Hove Albion,Pascal Groß,3097,Left Defensive Midfield,13
Brighton & Hove Albion,Daniel Nii Tackie Mensah Welbeck,3569,Right Center Forward,18
Brighton & Hove Albion,Adam David Lallana,4090,Left Center Forward,14
Brighton & Hove Albion,Adam Webster,9601,,4
Brighton & Hove Albion,Igor Julio dos Santos de Paulo,9741,Left Back,3
Brighton & Hove Albion,Pervis Josué Estupiñán Tenorio,24085,Left Midfield,30
Brighton & Hove Albion,João Pedro Junqueira de Jesus,25299,Left Center Forward,9
Brighton & Hove Albion,Jakub Moder,29480,,15
Brighton & Hove Albion,Jan Paul van Hecke,30691,Right Center Back,29
Brighton & Hove Albion,Anssumane Fati,30756,Left Back,31
Brighton & Hove Albion,Billy Gilmour,31067,Right Defensive Midfield,11
Brighton & Hove Albion,Tariq Lamptey,33602,Left Midfield,2
Brighton & Hove Albion,Bart Verbruggen,37274,Goalkeeper,1
Brighton & Hove Albion,Jason Steele,47553,,23
Brighton & Hove Albion,Evan Ferguson,51156,Right Center Forward,28
Brighton & Hove Albion,Benicio Baker-Boaitey,137622,,47
Brighton & Hove Albion,Jack Hinshelwood,155312,Right Back,41
Brighton & Hove Albion,Facundo Valentín Buonanotte,196954,Right Midfield,40
Brighton & Hove Albion,Carlos Baleba,226169,Right Midfield,20
Fulham,Willian Borges da Silva,3472,Left Wing,20
Fulham,Fodé Ballo Touré,3675,,12
Fulham,Kenny Tete,3798,Right Wing,2
Fulham,Marek Rodák,4152,,1
Fulham,Antonee Robinson,4614,Left Back,33
Fulham,Saša Lukić,6687,,28
Fulham,Andreas Hoelgebaum Pereira,6846,Center Attacking Midfield,18
Fulham,Timothy Castagne,6989,Right Back,21
Fulham,Oluwatosin Adarabioyo,9650,Right Center Back,4
Fulham,Bobby Armani De Cordova-Reid,9923,Right Wing,14
Fulham,Tom Cairney,10284,Right Wing,10
Fulham,Harrison Reed,11936,Right Defensive Midfield,6
Fulham,João Maria Lobo Alves Palhinha Gonçalves,12169,Left Defensive Midfield,26
Fulham,Bernd Leno,15581,Goalkeeper,17
Fulham,Tim Ream,18242,Left Center Back,13
Fulham,Armando Broja,36885,Center Forward,9
Fulham,Rodrigo Muniz Carvalho,49049,Center Forward,19
Fulham,Kristian Sekularac,84545,,57
Fulham,Luc Rollet De Fougerolles,133189,,44
Fulham,Joshua King,410609,,62
Burnley,Johann Berg Guðmunds­son,3720,Right Midfield,7
Burnley,Josh Cullen,4837,,24
Burnley,Jacob Bruun Larsen,8961,Left Back,34
Burnley,Joshua Brownhill,9607,Right Center Midfield,8
Burnley,Arijanet Murić,16234,,49
Burnley,Sander Berge,16553,Center Defensive Midfield,16
Burnley,Dara Joseph O'Shea,18753,Right Center Back,2
Burnley,Han-Noah Massengo,21199,Right Back,42
Burnley,Mike Trésor Ndayishimiye,21889,,31
Burnley,Victor Alexander da Silva,24016,Left Back,22
Burnley,Lyle Foster,29840,Center Forward,17
Burnley,Lorenz Assignon,39245,Right Back,20
Burnley,Hjalmar Ekdal,41208,Left Center Back,18
Burnley,James Trafford,42298,Goalkeeper,1
Burnley,Mohamed Zeki Amdouni,48335,Right Midfield,25
Burnley,David Datro Fofana,89326,Left Center Forward,23
Burnley,Maxime Esteve,112254,Left Center Back,33
Burnley,Aaron Ramsey,122567,Left Center Midfield,21
Burnley,Ameen Al Dakhil,131049,,28
Burnley,Wilson Odobert,151924,Left Midfield,47
Tottenham Hotspur,Ben Davies,3086,,33
Tottenham Hotspur,Richarlison de Andrade,3280,Center Forward,9
Tottenham Hotspur,Pierre-Emile Højbjerg,3570,Left Defensive Midfield,5
Tottenham Hotspur,Fraser Forster,3970,,20
Tottenham Hotspur,Rodrigo Bentancur Colmán,5260,Right Defensive Midfield,30
Tottenham Hotspur,Timo Werner,5557,Left Wing,16
Tottenham Hotspur,James Maddison,9905,Center Attacking Midfield,10
Tottenham Hotspur,Pedro Antonio Porro Sauceda,11292,Right Back,23
Tottenham Hotspur,Cristian Gabriel Romero,20572,Right Center Back,17
Tottenham Hotspur,Oliver Skipp,22145,Left Wing,4
Tottenham Hotspur,Bryan Gil Salvatierra,22418,Center Attacking Midfield,11
Tottenham Hotspur,Dejan Kulusevski,22818,Right Wing,21
Tottenham Hotspur,Emerson Aparecido Leite de Souza Junior,23522,,12
Tottenham Hotspur,Brennan Johnson,29377,Right Wing,22
Tottenham Hotspur,Guglielmo Vicario,31225,Goalkeeper,13
Tottenham Hotspur,Micky van de Ven,32547,Left Center Back,37
Tottenham Hotspur,Radu Drăgușin,39615,Center Defensive Midfield,6
Tottenham Hotspur,Dane Scarlett,41599,,44
Tottenham Hotspur,Iyenoma Destiny Udogie,48461,Left Back,38
Tottenham Hotspur,Pape Matar Sarr,50498,Right Defensive Midfield,29
Everton,Idrissa Gana Gueye,3436,Right Defensive Midfield,27
Everton,Michael Keane,3438,,5
Everton,Jordan Pickford,3468,Goalkeeper,1
Everton,Dominic Calvert-Lewin,3470,Center Forward,9
Everton,Ashley Young,3612,Right Midfield,18
Everton,James Tarkowski,3628,Right Center Back,6
Everton,Ben Godfrey,4076,Right Back,22
Everton,Séamus Coleman,4589,Right Back,23
Everton,Dwight McNeil,5111,Left Midfield,7
Everton,Jack Harrison,9616,Center Attacking Midfield,11
Everton,Vitalii Mykolenko,20827,Left Back,19
Everton,James Garner,23625,Left Defensive Midfield,37
Everton,João Manuel Neves Virginia,29378,,12
Everton,Norberto Bercique Gomes Betuncal,30006,Center Forward,14
Everton,Jarrad Branthwaite,32762,Left Center Back,32
Everton,Nathan Patterson,37338,,2
Everton,Mackenzie Hunt,49671,,58
Everton,Lewis Norman Dobbin,50505,Left Midfield,61
Everton,Jenson Metcalfe,77722,,86
Everton,Youssef Ramalho Chermiti,149581,Right Midfield,28
Wolverhampton Wanderers,Craig Dawson,3523,Center Back,15
Wolverhampton Wanderers,Mario Lemina,3951,Right Defensive Midfield,5
Wolverhampton Wanderers,Daniel Bentley,4773,,25
Wolverhampton Wanderers,Nélson Cabral Semedo,6374,Right Wing Back,22
Wolverhampton Wanderers,Pablo Sarabia García,6720,Right Attacking Midfield,21
Wolverhampton Wanderers,Matt Doherty,9925,Left Defensive Midfield,2
Wolverhampton Wanderers,Rayan Aït Nouri,12111,Left Wing Back,3
Wolverhampton Wanderers,Matheus Santos Carneiro da Cunha,12425,Left Attacking Midfield,12
Wolverhampton Wanderers,José Pedro Malheiro de Sá,18866,Goalkeeper,1
Wolverhampton Wanderers,Jean-Ricner Bellegarde,19718,Center Forward,27
Wolverhampton Wanderers,Pedro Lomba Neto,23256,Center Forward,7
Wolverhampton Wanderers,Maximilian William Kilman,24940,Right Center Back,23
Wolverhampton Wanderers,Thomas Doyle,34789,Right Attacking Midfield,20
Wolverhampton Wanderers,Santiago Ignacio Bueno Sciutto,41138,,4
Wolverhampton Wanderers,Harvey Lawson Griffiths,48707,,42
Wolverhampton Wanderers,João Victor Gomes da Silva,48720,Left Defensive Midfield,8
Wolverhampton Wanderers,Tote António Gomes,48941,Left Center Back,24
Wolverhampton Wanderers,Hugo Bueno,82220,Left Wing Back,17
Wolverhampton Wanderers,Nathan Fraser,133454,,63
Wolverhampton Wanderers,Tawanda Chirewa,142702,,62
Chelsea,Christopher Nkunku,3025,Center Forward,18
Chelsea,Raheem Sterling,3233,Left Wing,7
Chelsea,Thiago Emiliano da Silva,3295,Left Center Back,6
Chelsea,Ben Chilwell,3458,Left Back,21
Chelsea,Axel Disasi,7439,Right Center Back,2
Chelsea,Marcus Bettinelli,12258,,13
Chelsea,Benoît Badiashile Mukinayi,21368,Left Back,5
Chelsea,Conor Gallagher,29399,Right Center Midfield,23
Chelsea,Chukwunonso Madueke,31506,,11
Chelsea,Đorđe Petrović,32565,Goalkeeper,28
Chelsea,Moisés Isaac Caicedo Corozo,37726,Center Defensive Midfield,25
Chelsea,Enzo Fernandez,38718,Left Center Midfield,8
Chelsea,Malo Gusto,39260,Right Back,27
Chelsea,Cole Palmer,39461,Right Wing,20
Chelsea,Mykhailo Mudryk,39483,Left Midfield,10
Chelsea,Cesare Casadei,44736,,31
Chelsea,Nicolas Jackson,50497,Center Defensive Midfield,15
Chelsea,Lucas Carl Edvard Bergström,52170,,47
Chelsea,Carney Chukwuemeka,89986,Right Center Forward,17
Chelsea,Alfie Gilchrist,109640,Right Back,42
West Ham United,Aaron Cresswell,3062,,3
West Ham United,Gnaly Maxwell Cornet,3162,Left Defensive Midfield,17
West Ham United,Łukasz Fabiański,3262,Goalkeeper,1
West Ham United,James Ward-Prowse,3328,Center Attacking Midfield,7
West Ham United,Alphonse Areola,3379,Goalkeeper,23
West Ham United,Kurt Happy Zouma,3456,Right Center Back,4
West Ham United,Daniel William John Ings,3654,,18
West Ham United,Angelo Obinze Ogbonna,3843,,21
West Ham United,Emerson Palmieri dos Santos,4355,Left Back,33
West Ham United,Kalvin Phillips,4706,Right Back,11
West Ham United,Konstantinos Mavropanos,4781,,15
West Ham United,Tomáš Souček,4870,Left Defensive Midfield,28
West Ham United,Edson Omar Álvarez Velázquez,5567,Right Defensive Midfield,19
West Ham United,Jarrod Bowen,9640,Center Forward,20
West Ham United,Nayef Aguerd,12149,Left Center Back,27
West Ham United,Vladimír Coufal,16570,Right Back,5
West Ham United,Mohammed Kudus,17033,Left Wing,14
West Ham United,Benjamin Johnson,23626,Right Wing,2
West Ham United,Divin Mubama,141121,,45
West Ham United,Oliver Scarles,141130,,57
Manchester United,Christian Dannemann Eriksen,3043,,14
Manchester United,Marcus Rashford,3318,Left Midfield,10
Manchester United,Harry Maguire,3336,Right Center Back,5
Manchester United,Luke Shaw,3382,Left Back,23
Manchester United,Scott McTominay,3620,Right Center Midfield,39
Manchester United,Victor Nilsson Lindelöf,3702,Left Back,2
Manchester United,Bruno Miguel Borges Fernandes,5204,Left Center Midfield,8
Manchester United,Sofyan Amrabat,5234,,4
Manchester United,Raphaël Varane,5485,Left Center Back,19
Manchester United,Carlos Henrique Casimiro,5539,Center Defensive Midfield,18
Manchester United,André Onana,8064,Goalkeeper,24
Manchester United,José Diogo Dalot Teixeira,16028,Right Back,20
Manchester United,Antony Matheus dos Santos,25363,Center Forward,21
Manchester United,Lisandro Martínez,27768,Left Center Back,6
Manchester United,Altay Bayındır,30442,,1
Manchester United,Amad Diallo Traoré,32784,,16
Manchester United,Rasmus Winther Højlund,51672,Center Forward,11
Manchester United,Omari Forson,52120,,62
Manchester United,Alejandro Garnacho Ferreyra,52129,Right Midfield,17
Manchester United,Kobbie Mainoo,99174,Right Center Midfield,37
Brentford,Mathias Jørgensen Jatta,3027,,13
Brentford,Ben Mee,3663,Left Center Back,16
Brentford,Ivan Toney,3834,Right Center Forward,17
Brentford,Ethan Pinnock,4610,Center Back,5
Brentford,Neal Maupay,4766,Left Center Forward,7
Brentford,Saman Ghoddos,5240,,14
Brentford,Christian Nørgaard,7097,Center Defensive Midfield,6
Brentford,Thomas Strakosha,7789,,21
Brentford,Kristoffer Vassbakk Ajer,10532,Center Defensive Midfield,20
Brentford,Shandon Baptiste,11403,Left Center Midfield,26
Brentford,Vitaly Janelt,12074,Left Center Midfield,27
Brentford,Sergio Reguilón Rodríguez,18620,Left Wing Back,12
Brentford,Mathias Jensen,18722,Right Center Midfield,8
Brentford,Mads Roerslev,24440,Right Wing Back,30
Brentford,Mikkel Damsgaard,24443,,24
Brentford,Nathan Michael Collins,24824,Right Center Back,22
Brentford,Mark Flekken,25000,Goalkeeper,1
Brentford,Keane Lewis-Potter,32928,Left Center Forward,23
Brentford,Ehor Yarmolyuk,45803,Right Center Midfield,33
Brentford,Ethan Craig Brierley,47309,,38
Wolverhampton Wanderers,Craig Dawson,3523,Center Back,15
Wolverhampton Wanderers,Mario Lemina,3951,Left Defensive Midfield,5
Wolverhampton Wanderers,Daniel Bentley,4773,,25
Wolverhampton Wanderers,Nélson Cabral Semedo,6374,Right Wing Back,22
Wolverhampton Wanderers,Pablo Sarabia García,6720,Right Attacking Midfield,21
Wolverhampton Wanderers,Matt Doherty,9925,Right Center Back,2
Wolverhampton Wanderers,Rayan Aït Nouri,12111,Left Wing Back,3
Wolverhampton Wanderers,Matheus Santos Carneiro da Cunha,12425,Left Attacking Midfield,12
Wolverhampton Wanderers,José Pedro Malheiro de Sá,18866,Goalkeeper,1
Wolverhampton Wanderers,Jean-Ricner Bellegarde,19718,Left Attacking Midfield,27
Wolverhampton Wanderers,Pedro Lomba Neto,23256,Center Forward,7
Wolverhampton Wanderers,Maximilian William Kilman,24940,Right Center Back,23
Wolverhampton Wanderers,Thomas Doyle,34789,Right Defensive Midfield,20
Wolverhampton Wanderers,Santiago Ignacio Bueno Sciutto,41138,,4
Wolverhampton Wanderers,João Victor Gomes da Silva,48720,Right Defensive Midfield,8
Wolverhampton Wanderers,Tote António Gomes,48941,Left Center Back,24
Wolverhampton Wanderers,Boubacar Traore,58878,,6
Wolverhampton Wanderers,Hugo Bueno,82220,,17
Wolverhampton Wanderers,Nathan Fraser,133454,Left Center Back,63
Wolverhampton Wanderers,Tawanda Chirewa,142702,,62
Manchester United,Christian Dannemann Eriksen,3043,,14
Manchester United,Marcus Rashford,3318,Left Wing,10
Manchester United,Harry Maguire,3336,Left Center Back,5
Manchester United,Luke Shaw,3382,Left Back,23
Manchester United,Scott McTominay,3620,Center Attacking Midfield,39
Manchester United,Victor Nilsson Lindelöf,3702,Left Back,2
Manchester United,Bruno Miguel Borges Fernandes,5204,Center Attacking Midfield,8
Manchester United,Sofyan Amrabat,5234,Right Defensive Midfield,4
Manchester United,Raphaël Varane,5485,Right Center Back,19
Manchester United,Carlos Henrique Casimiro,5539,Left Defensive Midfield,18
Manchester United,André Onana,8064,Goalkeeper,24
Manchester United,Jonathan Grant Evans,11012,Center Forward,35
Manchester United,José Diogo Dalot Teixeira,16028,Right Back,20
Manchester United,Antony Matheus dos Santos,25363,,21
Manchester United,Altay Bayındır,30442,,1
Manchester United,Amad Diallo Traoré,32784,,16
Manchester United,Rasmus Winther Højlund,51672,Center Forward,11
Manchester United,Omari Forson,52120,,62
Manchester United,Alejandro Garnacho Ferreyra,52129,Right Wing,17
Manchester United,Kobbie Mainoo,99174,Right Defensive Midfield,37
Aston Villa,Youri Tielemans,2954,Right Defensive Midfield,8
Aston Villa,Diego Carlos Santos Silva,3366,Right Center Back,3
Aston Villa,Boubacar Kamara,4433,Right Defensive Midfield,44
Aston Villa,Matty Cash,4734,Right Back,2
Aston Villa,Ollie Watkins,4760,Center Forward,11
Aston Villa,Robin Olsen,5622,,25
Aston Villa,Douglas Luiz Soares de Paulo,6574,Left Defensive Midfield,6
Aston Villa,Clément Lenglet,6826,Left Center Back,17
Aston Villa,Lucas Digne,6849,Left Back,12
Aston Villa,Pau Francisco Torres,6892,,14
Aston Villa,Damián Emiliano Martínez,6909,Goalkeeper,1
Aston Villa,Leon Bailey Butler,8214,Right Wing,31
Aston Villa,Moussa Diaby,8292,Right Defensive Midfield,19
Aston Villa,John McGinn,9974,Center Attacking Midfield,7
Aston Villa,Alejandro Moreno Lopera,11538,Left Back,15
Aston Villa,Nicolò Zaniolo,16062,Center Attacking Midfield,22
Aston Villa,Jacob Ramsey,23500,Left Wing,41
Aston Villa,Morgan Rogers,39354,,27
Aston Villa,Kaine Kesler-Hayden,93376,,29
Aston Villa,Tim Iroegbunam,113387,,47
Chelsea,Christopher Nkunku,3025,Left Center Forward,18
Chelsea,Raheem Sterling,3233,Right Center Forward,7
Chelsea,Thiago Emiliano da Silva,3295,Left Center Back,6
Chelsea,Ben Chilwell,3458,Left Back,21
Chelsea,Axel Disasi,7439,Right Center Back,2
Chelsea,Trevoh Chalobah,9026,,14
Chelsea,Conor Gallagher,29399,Center Attacking Midfield,23
Chelsea,Chukwunonso Madueke,31506,Right Wing,11
Chelsea,Đorđe Petrović,32565,Goalkeeper,28
Chelsea,Moisés Isaac Caicedo Corozo,37726,Right Defensive Midfield,25
Chelsea,Enzo Fernandez,38718,Left Defensive Midfield,8
Chelsea,Levi Colwill,38992,Left Center Back,26
Chelsea,Malo Gusto,39260,Right Back,27
Chelsea,Cole Palmer,39461,Center Forward,20
Chelsea,Mykhailo Mudryk,39483,,10
Chelsea,Cesare Casadei,44736,,31
Chelsea,Nicolas Jackson,50497,Left Wing,15
Chelsea,Lucas Carl Edvard Bergström,52170,,47
Chelsea,Carney Chukwuemeka,89986,,17
Chelsea,Alfie Gilchrist,109640,Right Back,42
Crystal Palace,James Tomkins,3316,,5
Crystal Palace,Joel Ward,3443,,2
Crystal Palace,Jordan Ayew,3450,Right Midfield,9
Crystal Palace,Jeffrey Schlupp,3520,,15
Crystal Palace,Jaïro Riedewald,3591,,44
Crystal Palace,Dean Henderson,4073,Goalkeeper,30
Crystal Palace,Will Hughes,4588,Right Center Midfield,19
Crystal Palace,Nathaniel Edwin Clyne,4590,,17
Crystal Palace,Jefferson Andrés Lerma Solís,5678,Left Center Midfield,8
Crystal Palace,Jean-Philippe Mateta,7403,Center Forward,14
Crystal Palace,Joachim Andersen,8247,Right Center Back,16
Crystal Palace,Sam Johnstone,9458,,1
Crystal Palace,Odsonne Édouard,10544,Left Midfield,22
Crystal Palace,Daniel Muñoz Mejía,27423,Right Back,12
Crystal Palace,Naouirou Ahamada,39413,Right Center Midfield,29
Crystal Palace,Chris Richards,41266,Left Center Back,26
Crystal Palace,Tyrick Mitchell,41437,Left Back,3
Crystal Palace,Adam Wharton,77723,Center Defensive Midfield,20
Crystal Palace,Matheus França de Oliveira,114491,Left Midfield,11
Crystal Palace,David Ozoh,138813,,52
AFC Bournemouth,Dominic Solanke,3614,Center Forward,9
AFC Bournemouth,Lewis Cook,3615,Left Defensive Midfield,4
AFC Bournemouth,Marcus Tavernier,4111,Right Wing,16
AFC Bournemouth,Chris Mepham,4767,,6
AFC Bournemouth,Adam Smith,6409,Right Back,15
AFC Bournemouth,Norberto Murara Neto,6590,Goalkeeper,1
AFC Bournemouth,Enes Ünal,6760,Left Wing,26
AFC Bournemouth,Justin Kluivert,8063,,19
AFC Bournemouth,Antoine Semenyo,9286,Center Attacking Midfield,24
AFC Bournemouth,Lloyd Kelly,9938,Left Back,5
AFC Bournemouth,Ryan Christie,12510,Right Defensive Midfield,10
AFC Bournemouth,Luis Fernando Sinisterra Lucumí,16184,Left Wing,17
AFC Bournemouth,Romain Faivre,22319,Left Defensive Midfield,8
AFC Bournemouth,Mark Travers,24937,,42
AFC Bournemouth,Marcos Senesi,27773,Left Center Back,25
AFC Bournemouth,Illia Zabarnyi,39136,Right Center Back,27
AFC Bournemouth,Milos Kerkez,89635,Left Back,3
AFC Bournemouth,Alex Scott,91951,Center Attacking Midfield,14
AFC Bournemouth,Dango Aboubacar Faissal Ouattara,95042,Center Attacking Midfield,11
AFC Bournemouth,Dominic Sadi,304175,,49
Fulham,Willian Borges da Silva,3472,Left Wing,20
Fulham,Fodé Ballo Touré,3675,Center Attacking Midfield,12
Fulham,Marek Rodák,4152,,1
Fulham,Issa Diop,4349,Right Center Back,31
Fulham,Antonee Robinson,4614,Left Back,33
Fulham,Saša Lukić,6687,,28
Fulham,Andreas Hoelgebaum Pereira,6846,Center Attacking Midfield,18
Fulham,Timothy Castagne,6989,Right Back,21
Fulham,Harry Wilson,9540,Right Wing,8
Fulham,Bobby Armani De Cordova-Reid,9923,Right Wing,14
Fulham,Tom Cairney,10284,Left Defensive Midfield,10
Fulham,Adama Traoré Diarra,11333,Left Wing,11
Fulham,Harrison Reed,11936,Left Defensive Midfield,6
Fulham,João Maria Lobo Alves Palhinha Gonçalves,12169,Right Defensive Midfield,26
Fulham,Bernd Leno,15581,Goalkeeper,17
Fulham,Tim Ream,18242,Left Center Back,13
Fulham,Armando Broja,36885,Center Forward,9
Fulham,Rodrigo Muniz Carvalho,49049,Center Forward,19
Fulham,Luc Rollet De Fougerolles,133189,,44
Fulham,Joshua King,410609,,62
Burnley,Jack Frank Porteous Cork,3462,,4
Burnley,Jay Rodriguez,3685,,9
Burnley,Josh Cullen,4837,,24
Burnley,Jacob Bruun Larsen,8961,Right Wing,34
Burnley,Joshua Brownhill,9607,Left Defensive Midfield,8
Burnley,Arijanet Murić,16234,,49
Burnley,Sander Berge,16553,Right Defensive Midfield,16
Burnley,Dara Joseph O'Shea,18753,Right Center Back,2
Burnley,Han-Noah Massengo,21199,Right Midfield,42
Burnley,Hannes Delcroix,22219,Left Back,44
Burnley,Manuel Benson Hedilazio,23897,,10
Burnley,Victor Alexander da Silva,24016,Left Center Back,22
Burnley,Lorenz Assignon,39245,Right Back,20
Burnley,Hjalmar Ekdal,41208,,18
Burnley,James Trafford,42298,Goalkeeper,1
Burnley,Mohamed Zeki Amdouni,48335,Left Center Forward,25
Burnley,David Datro Fofana,89326,Right Center Forward,23
Burnley,Maxime Esteve,112254,Left Center Back,33
Burnley,Aaron Ramsey,122567,Right Midfield,21
Burnley,Wilson Odobert,151924,Left Midfield,47
Liverpool,Adrián San Miguel del Castillo,3623,,13
Liverpool,Andrew Robertson,3655,Left Back,26
Liverpool,Trent Alexander-Arnold,3664,Right Back,66
Liverpool,Virgil van Dijk,3669,Left Center Back,4
Liverpool,Konstantinos Tsimikas,8489,Left Back,21
Liverpool,Diogo José Teixeira da Silva,9929,Right Wing,20
Liverpool,Cody Mathès Gakpo,20750,Left Wing,18
Liverpool,Ryan Gravenberch,23230,,38
Liverpool,Wataru Endo,23721,Center Defensive Midfield,3
Liverpool,Harvey Elliott,24938,Right Center Midfield,19
Liverpool,Luis Fernando Díaz Marulanda,27158,Left Wing,7
Liverpool,Alexis Mac Allister,27886,Right Center Midfield,10
Liverpool,Darwin Gabriel Núñez Ribeiro,32478,Center Forward,9
Liverpool,Curtis Jones,33231,Left Center Midfield,17
Liverpool,Caoimhin Kelleher,34959,Goalkeeper,62
Liverpool,Jarell Quansah,40908,Right Center Back,78
Liverpool,Fabian Mrozek,51049,,93
Liverpool,Lewis Koumas,133328,,67
Liverpool,James McConnell,133356,Center Defensive Midfield,53
Liverpool,Bobby Clark,136677,Left Center Midfield,42
Sheffield United,Mason Holgate,3640,Right Center Back,30
Sheffield United,Tom Davies,3652,Right Center Midfield,22
Sheffield United,Max Lowe,4226,Left Wing Back,3
Sheffield United,Ben Osborn,4732,Left Center Midfield,23
Sheffield United,Jack Robinson,10485,Left Center Back,19
Sheffield United,Oliver James Norwood,11013,Right Defensive Midfield,16
Sheffield United,Jayden Bogle,11896,Right Wing Back,20
Sheffield United,Auston Trusty,12359,,5
Sheffield United,Gustavo Hamer,15304,Right Center Midfield,8
Sheffield United,Wesley Foderingham,21018,Goalkeeper,18
Sheffield United,Anel Ahmedhodžić,27652,Center Back,15
Sheffield United,Rhys Norrington-Davies,29396,Left Wing Back,33
Sheffield United,Vinicius de Souza Costa,32587,Center Defensive Midfield,21
Sheffield United,Rhian Brewster,34206,Center Forward,7
Sheffield United,Yasser Larouci,34793,,27
Sheffield United,James McAtee,49667,Right Center Forward,28
Sheffield United,Cameron Archer,50563,Left Center Forward,10
Sheffield United,William Idamudia Daugaard Osula,121254,,32
Sheffield United,Jordan Amissah,140745,,37
Sheffield United,Andre Brooks,153124,,35
Luton Town,Andros Townsend,3297,Right Center Back,30
Luton Town,Amari'i Bell,4128,Left Center Back,29
Luton Town,Carlton Morris,4220,Left Attacking Midfield,9
Luton Town,Ross Barkley,4275,Right Defensive Midfield,6
Luton Town,Reece Burke,4605,Right Center Back,16
Luton Town,Jordan Clark,9442,Right Attacking Midfield,18
Luton Town,Timothy Michael Krul,9467,,23
Luton Town,Pelly Ruddock Mpanzu,9674,,17
Luton Town,Elijah Adebayo,9827,Center Forward,11
Luton Town,Jacob Brown,12197,,19
Luton Town,Chiedozie Ogbene,13306,Right Wing Back,7
Luton Town,Cauley Woodrow,21090,Left Center Forward,10
Luton Town,Albert-Mboyo Sambi Lokonga,21304,Left Defensive Midfield,28
Luton Town,Luke Berry,22175,Left Back,8
Luton Town,Gabriel Osho,22347,Center Back,2
Luton Town,Tahith Chong,23636,Right Attacking Midfield,14
Luton Town,Thomas Kaminski,23741,Goalkeeper,24
Luton Town,Alfie Doughty,33074,Left Wing Back,45
Luton Town,Issa Kabore,35471,,12
Luton Town,Teden Mengi,43604,,15
Everton,Idrissa Gana Gueye,3436,Right Defensive Midfield,27
Everton,Michael Keane,3438,,5
Everton,Jordan Pickford,3468,Goalkeeper,1
Everton,Dominic Calvert-Lewin,3470,Center Forward,9
Everton,Ashley Young,3612,Right Wing,18
Everton,James Tarkowski,3628,Right Center Back,6
Everton,Ben Godfrey,4076,Right Back,22
Everton,Séamus Coleman,4589,Right Back,23
Everton,Dwight McNeil,5111,Left Wing,7
Everton,Jack Harrison,9616,Center Attacking Midfield,11
Everton,Vitalii Mykolenko,20827,Left Back,19
Everton,James Garner,23625,Left Defensive Midfield,37
Everton,João Manuel Neves Virginia,29378,,12
Everton,Norberto Bercique Gomes Betuncal,30006,Center Forward,14
Everton,Jarrad Branthwaite,32762,Left Center Back,32
Everton,Nathan Patterson,37338,,2
Everton,Amadou Onana,48347,Right Wing,8
Everton,Mackenzie Hunt,49671,,58
Everton,Lewis Norman Dobbin,50505,Left Wing,61
Everton,Youssef Ramalho Chermiti,149581,Right Defensive Midfield,28
Manchester City,Ederson Santana de Moraes,3067,Goalkeeper,31
Manchester City,Kevin De Bruyne,3089,Right Center Midfield,17
Manchester City,Bernardo Mota Veiga de Carvalho e Silva,3193,Right Center Midfield,20
Manchester City,Kyle Walker,3205,Left Center Back,2
Manchester City,John Stones,3244,Right Back,5
Manchester City,Nathan Aké,3306,Left Center Back,6
Manchester City,Phil Foden,4354,Right Midfield,47
Manchester City,Rúben Santos Gato Alves Dias,5206,Right Center Back,3
Manchester City,Manuel Obafemi Akanji,5549,Left Back,25
Manchester City,Rodrigo Hernández Cascante,6765,Center Defensive Midfield,16
Manchester City,Stefan Ortega Moreno,9194,,18
Manchester City,Jack Grealish,9638,Left Midfield,10
Manchester City,Erling Håland,23616,Center Forward,9
Manchester City,Jeremy Doku,23650,Left Midfield,11
Manchester City,Julián Álvarez,29560,Left Center Midfield,19
Manchester City,Joško Gvardiol,33018,,24
Manchester City,Matheus Luiz Nunes,40874,Right Center Midfield,27
Manchester City,Rico Lewis,48705,,82
Manchester City,Oscar Bobb,104825,,52
Manchester City,Jacob Wright,315040,,56
Newcastle United,Matt Ritchie,3049,,11
Newcastle United,Paul Dummett,3065,,3
Newcastle United,Jamaal Lascelles,3081,,6
Newcastle United,Jacob Murphy,3273,,23
Newcastle United,Kieran Trippier,3308,Right Back,2
Newcastle United,Callum Wilson,3616,Center Forward,9
Newcastle United,Loris Karius,3630,,18
Newcastle United,Martin Dúbravka,3711,Goalkeeper,1
Newcastle United,Dan Burn,3864,Left Back,33
Newcastle United,Sean Longstaff,4031,Right Center Midfield,36
Newcastle United,Harvey Lewis Barnes,4718,Left Wing,15
Newcastle United,Fabian Lukas Schär,5537,Right Center Back,5
Newcastle United,Emil Krafth,6358,Right Wing,17
Newcastle United,Miguel Ángel Almirón Rejala,12603,Right Wing,24
Newcastle United,Sven Botman,21551,Left Center Back,4
Newcastle United,Bruno Guimarães Rodriguez Moura,25142,Left Center Midfield,39
Newcastle United,Anthony Gordon,28104,Left Wing,10
Newcastle United,Valentino Livramento,39241,Left Wing Back,21
Newcastle United,Lewis Miley,134048,Center Defensive Midfield,67
Newcastle United,Lewis Hall,134092,,20
Nottingham Forest,Moussa Niakhate,3198,Right Center Back,19
Nottingham Forest,Cheikhou Kouyaté,3684,,8
Nottingham Forest,Ryan Yates,4239,Right Defensive Midfield,22
Nottingham Forest,Callum Hudson-Odoi,4274,Left Wing,14
Nottingham Forest,Divock Okoth Origi,4747,Center Forward,27
Nottingham Forest,Harry Toffolo,6555,,15
Nottingham Forest,Morgan Gibbs-White,9934,Center Attacking Midfield,10
Nottingham Forest,Matz Sels,10479,Goalkeeper,26
Nottingham Forest,Felipe Augusto de Almeida Monteiro,11167,,18
Nottingham Forest,Matthew Charles Turner,12352,,1
Nottingham Forest,Taiwo Michael Awoniyi,23898,Center Forward,9
Nottingham Forest,Nicolás Martín Domínguez,28672,Left Defensive Midfield,16
Nottingham Forest,Nuno Albertino Varela Tavares,30040,Left Back,3
Nottingham Forest,Giovanni Reyna,34339,Center Attacking Midfield,20
Nottingham Forest,Neco Williams,34794,Right Back,7
Nottingham Forest,Danilo dos Santos de Oliveira,46451,Left Defensive Midfield,28
Nottingham Forest,Anthony Elanga,50991,Right Wing,21
Nottingham Forest,Andrew Omobamidele,58467,,32
Nottingham Forest,Rodrigo Duarte Ribeiro,149579,,37
Nottingham Forest,Murillo Santiago Costa dos Santos,271487,Left Center Back,40
Brighton & Hove Albion,Lewis Dunk,3088,Left Center Back,5
Brighton & Hove Albion,Pascal Groß,3097,Right Defensive Midfield,13
Brighton & Hove Albion,Daniel Nii Tackie Mensah Welbeck,3569,Center Forward,18
Brighton & Hove Albion,Adam David Lallana,4090,Center Attacking Midfield,14
Brighton & Hove Albion,Joël Veltman,8067,Right Wing,34
Brighton & Hove Albion,Adam Webster,9601,,4
Brighton & Hove Albion,Pervis Josué Estupiñán Tenorio,24085,Left Back,30
Brighton & Hove Albion,Jakub Moder,29480,,15
Brighton & Hove Albion,Jan Paul van Hecke,30691,Right Center Back,29
Brighton & Hove Albion,Anssumane Fati,30756,Center Attacking Midfield,31
Brighton & Hove Albion,Billy Gilmour,31067,Left Defensive Midfield,11
Brighton & Hove Albion,Tariq Lamptey,33602,Right Back,2
Brighton & Hove Albion,Kaoru Mitoma,37211,Left Wing,22
Brighton & Hove Albion,Bart Verbruggen,37274,,1
Brighton & Hove Albion,Jason Steele,47553,Goalkeeper,23
Brighton & Hove Albion,Evan Ferguson,51156,Center Forward,28
Brighton & Hove Albion,Benicio Baker-Boaitey,137622,Left Defensive Midfield,47
Brighton & Hove Albion,Facundo Valentín Buonanotte,196954,Right Wing,40
Brighton & Hove Albion,Carlos Baleba,226169,Right Wing,20
Brighton & Hove Albion,Mark O’Mahony,374448,,55
Tottenham Hotspur,Heung-Min Son,3083,Left Defensive Midfield,7
Tottenham Hotspur,Ben Davies,3086,Right Defensive Midfield,33
Tottenham Hotspur,Richarlison de Andrade,3280,Center Forward,9
Tottenham Hotspur,Pierre-Emile Højbjerg,3570,Left Back,5
Tottenham Hotspur,Fraser Forster,3970,,20
Tottenham Hotspur,Yves Bissouma,4385,Left Defensive Midfield,8
Tottenham Hotspur,Rodrigo Bentancur Colmán,5260,Left Defensive Midfield,30
Tottenham Hotspur,Timo Werner,5557,Left Wing,16
Tottenham Hotspur,James Maddison,9905,Center Attacking Midfield,10
Tottenham Hotspur,Pedro Antonio Porro Sauceda,11292,Right Back,23
Tottenham Hotspur,Cristian Gabriel Romero,20572,Right Center Back,17
Tottenham Hotspur,Oliver Skipp,22145,,4
Tottenham Hotspur,Dejan Kulusevski,22818,Right Wing,21
Tottenham Hotspur,Emerson Aparecido Leite de Souza Junior,23522,,12
Tottenham Hotspur,Brennan Johnson,29377,Right Wing,22
Tottenham Hotspur,Guglielmo Vicario,31225,Goalkeeper,13
Tottenham Hotspur,Micky van de Ven,32547,Left Center Back,37
Tottenham Hotspur,Radu Drăgușin,39615,,6
Tottenham Hotspur,Iyenoma Destiny Udogie,48461,Left Back,38
Tottenham Hotspur,Pape Matar Sarr,50498,Right Defensive Midfield,29
Arsenal,Cédric Ricardo Alves Soares,3329,Right Back,17
Arsenal,Mohamed Naser Elsayed Elneny,3568,Center Defensive Midfield,25
Arsenal,Reiss Nelson,3571,Right Wing,24
Arsenal,Edward Nketiah,3737,Center Forward,14
Arsenal,Declan Rice,3943,Center Defensive Midfield,41
Arsenal,David Raya Martin,4127,Goalkeeper,22
Arsenal,Gabriel dos Santos Magalhães,6406,Left Center Back,6
Arsenal,Jorge Luiz Frello Filho,7024,,20
Arsenal,Martin Ødegaard,8252,Right Center Midfield,8
Arsenal,Kai Havertz,8966,Left Center Midfield,29
Arsenal,Leandro Trossard,16559,Center Forward,19
Arsenal,William Saliba,17592,Right Center Back,2
Arsenal,Bukayo Saka,22084,Right Wing,7
Arsenal,Aaron Ramsdale,22783,,1
Arsenal,Ben White,22809,Right Back,4
Arsenal,Gabriel Teodoro Martinelli Silva,29976,Left Wing,11
Arsenal,Jakub Piotr Kiwior,44166,Left Back,15
Arsenal,Mauro Gomes Bandeira,161872,,40
Arsenal,Reuell Walters,207078,,76
Arsenal,Ethan Chidiebere Nwaneri,307036,Left Wing,63
West Ham United,Aaron Cresswell,3062,Left Back,3
West Ham United,Gnaly Maxwell Cornet,3162,,17
West Ham United,Łukasz Fabiański,3262,,1
West Ham United,James Ward-Prowse,3328,Center Attacking Midfield,7
West Ham United,Alphonse Areola,3379,Goalkeeper,23
West Ham United,Kurt Happy Zouma,3456,Right Center Back,4
West Ham United,Daniel William John Ings,3654,,18
West Ham United,Angelo Obinze Ogbonna,3843,,21
West Ham United,Emerson Palmieri dos Santos,4355,Left Back,33
West Ham United,Kalvin Phillips,4706,Left Defensive Midfield,11
West Ham United,Konstantinos Mavropanos,4781,Right Center Back,15
West Ham United,Tomáš Souček,4870,Right Defensive Midfield,28
West Ham United,Edson Omar Álvarez Velázquez,5567,Left Defensive Midfield,19
West Ham United,Jarrod Bowen,9640,Center Forward,20
West Ham United,Nayef Aguerd,12149,Left Center Back,27
West Ham United,Vladimír Coufal,16570,Right Back,5
West Ham United,Mohammed Kudus,17033,Right Wing,14
West Ham United,Benjamin Johnson,23626,Left Wing,2
West Ham United,Divin Mubama,141121,,45
West Ham United,Oliver Scarles,141130,,57
Brighton & Hove Albion,Lewis Dunk,3088,Left Center Back,5
Brighton & Hove Albion,Pascal Groß,3097,Right Defensive Midfield,13
Brighton & Hove Albion,Daniel Nii Tackie Mensah Welbeck,3569,Center Forward,18
Brighton & Hove Albion,Joël Veltman,8067,,34
Brighton & Hove Albion,Adam Webster,9601,Right Back,4
Brighton & Hove Albion,Igor Julio dos Santos de Paulo,9741,Left Back,3
Brighton & Hove Albion,Pervis Josué Estupiñán Tenorio,24085,Right Center Forward,30
Brighton & Hove Albion,Jakub Moder,29480,Left Defensive Midfield,15
Brighton & Hove Albion,Jan Paul van Hecke,30691,Right Center Back,29
Brighton & Hove Albion,Anssumane Fati,30756,Left Midfield,31
Brighton & Hove Albion,Billy Gilmour,31067,Left Defensive Midfield,11
Brighton & Hove Albion,Tariq Lamptey,33602,Left Back,2
Brighton & Hove Albion,Kaoru Mitoma,37211,Left Wing,22
Brighton & Hove Albion,Bart Verbruggen,37274,Goalkeeper,1
Brighton & Hove Albion,Jason Steele,47553,,23
Brighton & Hove Albion,Evan Ferguson,51156,Left Center Forward,28
Brighton & Hove Albion,Simon Adingra,105392,Right Wing,24
Brighton & Hove Albion,Benicio Baker-Boaitey,137622,,47
Brighton & Hove Albion,Facundo Valentín Buonanotte,196954,Center Attacking Midfield,40
Brighton & Hove Albion,Carlos Baleba,226169,,20
Sheffield United,Oliver McBurnie,3332,,9
Sheffield United,Mason Holgate,3640,Right Center Back,30
Sheffield United,Tom Davies,3652,Left Center Midfield,22
Sheffield United,Ben Osborn,4732,Left Center Midfield,23
Sheffield United,Jack Robinson,10485,Left Center Back,19
Sheffield United,Oliver James Norwood,11013,Center Defensive Midfield,16
Sheffield United,Jayden Bogle,11896,Right Wing Back,20
Sheffield United,Auston Trusty,12359,Left Center Back,5
Sheffield United,Gustavo Hamer,15304,Right Center Midfield,8
Sheffield United,Wesley Foderingham,21018,Goalkeeper,18
Sheffield United,Anel Ahmedhodžić,27652,Center Back,15
Sheffield United,Ivo Grbić,29342,,13
Sheffield United,Vinicius de Souza Costa,32587,Center Defensive Midfield,21
Sheffield United,Rhian Brewster,34206,Center Forward,7
Sheffield United,Yasser Larouci,34793,Left Wing Back,27
Sheffield United,James McAtee,49667,Center Attacking Midfield,28
Sheffield United,William Idamudia Daugaard Osula,121254,Center Forward,32
Sheffield United,Andre Brooks,153124,Left Wing Back,35
Sheffield United,Oliver Luke Arblaster,214746,,24
Sheffield United,Billy Blacker,406081,,45
West Ham United,Aaron Cresswell,3062,,3
West Ham United,Gnaly Maxwell Cornet,3162,Left Midfield,17
West Ham United,Łukasz Fabiański,3262,,1
West Ham United,James Ward-Prowse,3328,Center Attacking Midfield,7
West Ham United,Michail Antonio,3349,Center Forward,9
West Ham United,Alphonse Areola,3379,Goalkeeper,23
West Ham United,Kurt Happy Zouma,3456,Right Center Back,4
West Ham United,Daniel William John Ings,3654,Right Center Back,18
West Ham United,Angelo Obinze Ogbonna,3843,,21
West Ham United,Emerson Palmieri dos Santos,4355,Left Back,33
West Ham United,Kalvin Phillips,4706,Right Defensive Midfield,11
West Ham United,Konstantinos Mavropanos,4781,,15
West Ham United,Tomáš Souček,4870,Right Defensive Midfield,28
West Ham United,Edson Omar Álvarez Velázquez,5567,Left Defensive Midfield,19
West Ham United,Jarrod Bowen,9640,Right Wing,20
West Ham United,Nayef Aguerd,12149,Left Center Back,27
West Ham United,Vladimír Coufal,16570,Right Back,5
West Ham United,Mohammed Kudus,17033,Left Wing,14
West Ham United,Benjamin Johnson,23626,Right Back,2
West Ham United,Divin Mubama,141121,,45
Nottingham Forest,Moussa Niakhate,3198,,19
Nottingham Forest,Cheikhou Kouyaté,3684,,8
Nottingham Forest,Ryan Yates,4239,Right Defensive Midfield,22
Nottingham Forest,Callum Hudson-Odoi,4274,Left Wing,14
Nottingham Forest,Divock Okoth Origi,4747,Center Forward,27
Nottingham Forest,Harry Toffolo,6555,,15
Nottingham Forest,Morgan Gibbs-White,9934,Center Attacking Midfield,10
Nottingham Forest,Matz Sels,10479,Goalkeeper,26
Nottingham Forest,Felipe Augusto de Almeida Monteiro,11167,Right Center Back,18
Nottingham Forest,Matthew Charles Turner,12352,,1
Nottingham Forest,Taiwo Michael Awoniyi,23898,Center Forward,9
Nottingham Forest,Nicolás Martín Domínguez,28672,Right Defensive Midfield,16
Nottingham Forest,Nuno Albertino Varela Tavares,30040,Left Back,3
Nottingham Forest,Giovanni Reyna,34339,,20
Nottingham Forest,Neco Williams,34794,Right Back,7
Nottingham Forest,Danilo dos Santos de Oliveira,46451,Left Defensive Midfield,28
Nottingham Forest,Anthony Elanga,50991,Right Wing,21
Nottingham Forest,Andrew Omobamidele,58467,Center Attacking Midfield,32
Nottingham Forest,Rodrigo Duarte Ribeiro,149579,,37
Nottingham Forest,Murillo Santiago Costa dos Santos,271487,Left Center Back,40
AFC Bournemouth,Dominic Solanke,3614,Center Forward,9
AFC Bournemouth,Lewis Cook,3615,Right Defensive Midfield,4
AFC Bournemouth,Marcus Tavernier,4111,Left Wing,16
AFC Bournemouth,Chris Mepham,4767,,6
AFC Bournemouth,Adam Smith,6409,Right Back,15
AFC Bournemouth,Norberto Murara Neto,6590,Goalkeeper,1
AFC Bournemouth,Enes Ünal,6760,Left Center Forward,26
AFC Bournemouth,Justin Kluivert,8063,Center Attacking Midfield,19
AFC Bournemouth,Antoine Semenyo,9286,Right Wing,24
AFC Bournemouth,Lloyd Kelly,9938,Left Back,5
AFC Bournemouth,Ryan Christie,12510,Left Defensive Midfield,10
AFC Bournemouth,Luis Fernando Sinisterra Lucumí,16184,,17
AFC Bournemouth,Darren Randolph,20066,,12
AFC Bournemouth,Mark Travers,24937,,42
AFC Bournemouth,Marcos Senesi,27773,Left Center Back,25
AFC Bournemouth,Illia Zabarnyi,39136,Right Center Back,27
AFC Bournemouth,Milos Kerkez,89635,,3
AFC Bournemouth,Alex Scott,91951,Center Attacking Midfield,14
AFC Bournemouth,Dango Aboubacar Faissal Ouattara,95042,Right Wing,11
AFC Bournemouth,Maxwell Kinsey-Wellings,357872,,48
Newcastle United,Matt Ritchie,3049,Right Wing,11
Newcastle United,Paul Dummett,3065,,3
Newcastle United,Jamaal Lascelles,3081,,6
Newcastle United,Jacob Murphy,3273,Center Forward,23
Newcastle United,Kieran Trippier,3308,Right Back,2
Newcastle United,Loris Karius,3630,,18
Newcastle United,Martin Dúbravka,3711,Goalkeeper,1
Newcastle United,Dan Burn,3864,Left Back,33
Newcastle United,Sean Longstaff,4031,Right Center Midfield,36
Newcastle United,Harvey Lewis Barnes,4718,Left Wing,15
Newcastle United,Fabian Lukas Schär,5537,Right Center Back,5
Newcastle United,Emil Krafth,6358,,17
Newcastle United,Miguel Ángel Almirón Rejala,12603,Right Wing,24
Newcastle United,Sven Botman,21551,Left Center Back,4
Newcastle United,Bruno Guimarães Rodriguez Moura,25142,Left Center Midfield,39
Newcastle United,Anthony Gordon,28104,Center Forward,10
Newcastle United,Joe White,29381,Left Center Midfield,40
Newcastle United,Valentino Livramento,39241,Left Back,21
Newcastle United,Lewis Miley,134048,Center Defensive Midfield,67
Newcastle United,Lewis Hall,134092,,20
Chelsea,Christopher Nkunku,3025,Left Wing,18
Chelsea,Raheem Sterling,3233,Left Wing,7
Chelsea,Ben Chilwell,3458,Left Back,21
Chelsea,Axel Disasi,7439,Right Center Back,2
Chelsea,Trevoh Chalobah,9026,Right Wing,14
Chelsea,Marcus Bettinelli,12258,,13
Chelsea,Conor Gallagher,29399,Center Attacking Midfield,23
Chelsea,Chukwunonso Madueke,31506,,11
Chelsea,Đorđe Petrović,32565,Goalkeeper,28
Chelsea,Moisés Isaac Caicedo Corozo,37726,Right Defensive Midfield,25
Chelsea,Enzo Fernandez,38718,Left Defensive Midfield,8
Chelsea,Levi Colwill,38992,Left Center Back,26
Chelsea,Malo Gusto,39260,Right Back,27
Chelsea,Cole Palmer,39461,Right Wing,20
Chelsea,Mykhailo Mudryk,39483,,10
Chelsea,Cesare Casadei,44736,Left Attacking Midfield,31
Chelsea,Nicolas Jackson,50497,Center Forward,15
Chelsea,Ishé Samuels-Smith,65402,,53
Chelsea,Alfie Gilchrist,109640,,42
Chelsea,Ollie Harrison,339715,,79
Manchester City,Ederson Santana de Moraes,3067,Goalkeeper,31
Manchester City,Kevin De Bruyne,3089,Center Attacking Midfield,17
Manchester City,Bernardo Mota Veiga de Carvalho e Silva,3193,Left Defensive Midfield,20
Manchester City,Kyle Walker,3205,Right Back,2
Manchester City,John Stones,3244,,5
Manchester City,Nathan Aké,3306,Left Back,6
Manchester City,Phil Foden,4354,Right Wing,47
Manchester City,Rúben Santos Gato Alves Dias,5206,Left Center Back,3
Manchester City,Mateo Kovačić,5456,,8
Manchester City,Manuel Obafemi Akanji,5549,Right Center Back,25
Manchester City,Rodrigo Hernández Cascante,6765,Right Defensive Midfield,16
Manchester City,Stefan Ortega Moreno,9194,,18
Manchester City,Sergio Gómez Martín,22199,,21
Manchester City,Erling Håland,23616,Center Forward,9
Manchester City,Jeremy Doku,23650,Left Wing,11
Manchester City,Julián Álvarez,29560,Left Defensive Midfield,19
Manchester City,Matheus Luiz Nunes,40874,,27
Manchester City,Rico Lewis,48705,,82
Manchester City,Oscar Bobb,104825,,52
Manchester City,Mahamadou Susoho,134106,,76
Manchester United,Christian Dannemann Eriksen,3043,,14
Manchester United,Marcus Rashford,3318,Left Midfield,10
Manchester United,Harry Maguire,3336,Left Center Back,5
Manchester United,Luke Shaw,3382,Left Back,23
Manchester United,Scott McTominay,3620,Right Center Midfield,39
Manchester United,Victor Nilsson Lindelöf,3702,Left Back,2
Manchester United,Bruno Miguel Borges Fernandes,5204,Left Center Midfield,8
Manchester United,Sofyan Amrabat,5234,Center Forward,4
Manchester United,Raphaël Varane,5485,Right Center Back,19
Manchester United,Carlos Henrique Casimiro,5539,Center Defensive Midfield,18
Manchester United,André Onana,8064,Goalkeeper,24
Manchester United,Jonathan Grant Evans,11012,Left Center Back,35
Manchester United,José Diogo Dalot Teixeira,16028,Right Back,20
Manchester United,Antony Matheus dos Santos,25363,,21
Manchester United,Altay Bayındır,30442,,1
Manchester United,Amad Diallo Traoré,32784,,16
Manchester United,Rasmus Winther Højlund,51672,Center Forward,11
Manchester United,Omari Forson,52120,,62
Manchester United,Alejandro Garnacho Ferreyra,52129,Right Midfield,17
Manchester United,Kobbie Mainoo,99174,Right Center Midfield,37
Luton Town,Andros Townsend,3297,Center Forward,30
Luton Town,Amari'i Bell,4128,Left Center Back,29
Luton Town,Carlton Morris,4220,Right Attacking Midfield,9
Luton Town,Ross Barkley,4275,Left Defensive Midfield,6
Luton Town,Reece Burke,4605,,16
Luton Town,Jordan Clark,9442,Left Attacking Midfield,18
Luton Town,Timothy Michael Krul,9467,,23
Luton Town,Pelly Ruddock Mpanzu,9674,,17
Luton Town,Daniel Potts,9681,,3
Luton Town,Chiedozie Ogbene,13306,Right Wing Back,7
Luton Town,Cauley Woodrow,21090,Center Forward,10
Luton Town,Albert-Mboyo Sambi Lokonga,21304,Right Defensive Midfield,28
Luton Town,Luke Berry,22175,Left Wing Back,8
Luton Town,Gabriel Osho,22347,Center Back,2
Luton Town,Tahith Chong,23636,Left Attacking Midfield,14
Luton Town,Thomas Kaminski,23741,Goalkeeper,24
Luton Town,Alfie Doughty,33074,Left Wing Back,45
Luton Town,Issa Kabore,35471,,12
Luton Town,Teden Mengi,43604,Right Center Back,15
Luton Town,Zack Nelson,332827,,43
Aston Villa,Youri Tielemans,2954,Right Center Forward,8
Aston Villa,Calum Chambers,3713,,16
Aston Villa,Matty Cash,4734,Right Back,2
Aston Villa,Ollie Watkins,4760,Left Center Forward,11
Aston Villa,Robin Olsen,5622,,25
Aston Villa,Douglas Luiz Soares de Paulo,6574,Left Defensive Midfield,6
Aston Villa,Clément Lenglet,6826,Right Center Back,17
Aston Villa,Lucas Digne,6849,Left Back,12
Aston Villa,Pau Francisco Torres,6892,Left Center Back,14
Aston Villa,Damián Emiliano Martínez,6909,Goalkeeper,1
Aston Villa,Leon Bailey Butler,8214,Right Midfield,31
Aston Villa,Moussa Diaby,8292,Right Midfield,19
Aston Villa,John McGinn,9974,Right Defensive Midfield,7
Aston Villa,Alejandro Moreno Lopera,11538,Left Back,15
Aston Villa,Nicolò Zaniolo,16062,,22
Aston Villa,Jacob Ramsey,23500,Left Midfield,41
Aston Villa,Morgan Rogers,39354,,27
Aston Villa,Joe Gauci,44158,,18
Aston Villa,Kaine Kesler-Hayden,93376,,29
Aston Villa,Tim Iroegbunam,113387,Right Center Forward,47
Fulham,Willian Borges da Silva,3472,Left Wing,20
Fulham,Alex Iwobi,3647,Left Wing,22
Fulham,Fodé Ballo Touré,3675,,12
Fulham,Marek Rodák,4152,,1
Fulham,Issa Diop,4349,Right Center Back,31
Fulham,Antonee Robinson,4614,Left Back,33
Fulham,Saša Lukić,6687,Right Defensive Midfield,28
Fulham,Andreas Hoelgebaum Pereira,6846,Center Attacking Midfield,18
Fulham,Timothy Castagne,6989,Right Back,21
Fulham,Harry Wilson,9540,Right Wing,8
Fulham,Oluwatosin Adarabioyo,9650,,4
Fulham,Bobby Armani De Cordova-Reid,9923,Right Wing,14
Fulham,Tom Cairney,10284,Left Defensive Midfield,10
Fulham,Adama Traoré Diarra,11333,Center Attacking Midfield,11
Fulham,Harrison Reed,11936,,6
Fulham,João Maria Lobo Alves Palhinha Gonçalves,12169,Right Defensive Midfield,26
Fulham,Bernd Leno,15581,Goalkeeper,17
Fulham,Tim Ream,18242,Left Center Back,13
Fulham,Calvin Bassey Ughelumba,43779,Left Center Back,3
Fulham,Rodrigo Muniz Carvalho,49049,Center Forward,19
Crystal Palace,James Tomkins,3316,,5
Crystal Palace,Joel Ward,3443,Right Center Back,2
Crystal Palace,Jordan Ayew,3450,Right Attacking Midfield,9
Crystal Palace,Jaïro Riedewald,3591,,44
Crystal Palace,Dean Henderson,4073,,30
Crystal Palace,Nathaniel Edwin Clyne,4590,,17
Crystal Palace,Jefferson Andrés Lerma Solís,5678,Right Defensive Midfield,8
Crystal Palace,Jean-Philippe Mateta,7403,Center Forward,14
Crystal Palace,Joachim Andersen,8247,Center Back,16
Crystal Palace,Sam Johnstone,9458,Goalkeeper,1
Crystal Palace,Odsonne Édouard,10544,Left Attacking Midfield,22
Crystal Palace,Daniel Muñoz Mejía,27423,Right Wing Back,12
Crystal Palace,Naouirou Ahamada,39413,Left Attacking Midfield,29
Crystal Palace,Chris Richards,41266,Left Center Back,26
Crystal Palace,Tyrick Mitchell,41437,Left Wing Back,3
Crystal Palace,Adam Wharton,77723,Left Defensive Midfield,20
Crystal Palace,Matheus França de Oliveira,114491,,11
Crystal Palace,Jadan Raymond,138810,,60
Crystal Palace,David Ozoh,138813,Right Defensive Midfield,52
Crystal Palace,Franco Umeh-Chibueze,386028,,55
Everton,Abdoulaye Doucouré,3292,Center Attacking Midfield,16
Everton,Idrissa Gana Gueye,3436,Right Defensive Midfield,27
Everton,Michael Keane,3438,,5
Everton,Jordan Pickford,3468,Goalkeeper,1
Everton,Dominic Calvert-Lewin,3470,Center Forward,9
Everton,Ashley Young,3612,Right Midfield,18
Everton,James Tarkowski,3628,Right Center Back,6
Everton,Ben Godfrey,4076,Right Back,22
Everton,Dwight McNeil,5111,Left Midfield,7
Everton,Jack Harrison,9616,Right Midfield,11
Everton,Vitalii Mykolenko,20827,Left Back,19
Everton,Andrew Michael Lonergan,23512,,31
Everton,James Garner,23625,Left Defensive Midfield,37
Everton,João Manuel Neves Virginia,29378,,12
Everton,Norberto Bercique Gomes Betuncal,30006,Center Attacking Midfield,14
Everton,Jarrad Branthwaite,32762,Left Center Back,32
Everton,Nathan Patterson,37338,,2
Everton,Amadou Onana,48347,Right Defensive Midfield,8
Everton,Lewis Norman Dobbin,50505,,61
Everton,Youssef Ramalho Chermiti,149581,,28
Arsenal,Cédric Ricardo Alves Soares,3329,Right Back,17
Arsenal,Mohamed Naser Elsayed Elneny,3568,,25
Arsenal,Reiss Nelson,3571,Right Wing,24
Arsenal,Edward Nketiah,3737,Center Forward,14
Arsenal,Declan Rice,3943,Center Defensive Midfield,41
Arsenal,David Raya Martin,4127,Goalkeeper,22
Arsenal,Gabriel dos Santos Magalhães,6406,Left Center Back,6
Arsenal,Jorge Luiz Frello Filho,7024,Center Defensive Midfield,20
Arsenal,Martin Ødegaard,8252,Right Center Midfield,8
Arsenal,Kai Havertz,8966,Left Center Midfield,29
Arsenal,Leandro Trossard,16559,Center Forward,19
Arsenal,Emile Smith Rowe,16591,Left Center Midfield,10
Arsenal,William Saliba,17592,Right Center Back,2
Arsenal,Bukayo Saka,22084,Right Wing,7
Arsenal,Aaron Ramsdale,22783,,1
Arsenal,Ben White,22809,Right Back,4
Arsenal,Gabriel Teodoro Martinelli Silva,29976,Left Wing,11
Arsenal,Jakub Piotr Kiwior,44166,Left Back,15
Arsenal,Mauro Gomes Bandeira,161872,,40
Arsenal,James Lannin-Sweet,181938,,73
Burnley,Jack Frank Porteous Cork,3462,,4
Burnley,Charles James Taylor,3627,Left Center Back,3
Burnley,Jay Rodriguez,3685,Left Center Forward,9
Burnley,Johann Berg Guðmunds­son,3720,Right Midfield,7
Burnley,Josh Cullen,4837,,24
Burnley,Jacob Bruun Larsen,8961,Left Midfield,34
Burnley,Joshua Brownhill,9607,Left Defensive Midfield,8
Burnley,Arijanet Murić,16234,,49
Burnley,Sander Berge,16553,Right Defensive Midfield,16
Burnley,Dara Joseph O'Shea,18753,Right Center Back,2
Burnley,Hannes Delcroix,22219,Left Back,44
Burnley,Manuel Benson Hedilazio,23897,,10
Burnley,Victor Alexander da Silva,24016,Right Back,22
Burnley,Lorenz Assignon,39245,Right Back,20
Burnley,James Trafford,42298,Goalkeeper,1
Burnley,Mohamed Zeki Amdouni,48335,Left Center Forward,25
Burnley,David Datro Fofana,89326,Right Center Forward,23
Burnley,Maxime Esteve,112254,Left Center Back,33
Burnley,Aaron Ramsey,122567,Right Midfield,21
Burnley,Wilson Odobert,151924,Left Midfield,47
Liverpool,Joe Gomez,3495,Right Back,2
Liverpool,Mohamed Salah,3531,Right Wing,11
Liverpool,Adrián San Miguel del Castillo,3623,,13
Liverpool,Andrew Robertson,3655,Left Back,26
Liverpool,Virgil van Dijk,3669,Left Center Back,4
Liverpool,Konstantinos Tsimikas,8489,,21
Liverpool,Diogo José Teixeira da Silva,9929,Right Wing,20
Liverpool,Ibrahima Konaté,11135,Right Center Back,5
Liverpool,Cody Mathès Gakpo,20750,Center Forward,18
Liverpool,Ryan Gravenberch,23230,Left Center Midfield,38
Liverpool,Wataru Endo,23721,Center Defensive Midfield,3
Liverpool,Harvey Elliott,24938,Right Center Midfield,19
Liverpool,Luis Fernando Díaz Marulanda,27158,Left Wing,7
Liverpool,Alexis Mac Allister,27886,Right Center Midfield,10
Liverpool,Darwin Gabriel Núñez Ribeiro,32478,Center Forward,9
Liverpool,Curtis Jones,33231,Left Center Midfield,17
Liverpool,Caoimhin Kelleher,34959,Goalkeeper,62
Liverpool,Conor Bradley,40209,Right Back,84
Liverpool,Jarell Quansah,40908,,78
Liverpool,James McConnell,133356,,53
Brentford,Mathias Jørgensen Jatta,3027,,13
Brentford,Ben Mee,3663,Left Center Back,16
Brentford,Ivan Toney,3834,Right Center Forward,17
Brentford,Neal Maupay,4766,Left Center Forward,7
Brentford,Saman Ghoddos,5240,Right Wing Back,14
Brentford,Christian Nørgaard,7097,Center Defensive Midfield,6
Brentford,Yoane Wissa,7294,Left Center Forward,11
Brentford,Thomas Strakosha,7789,,21
Brentford,Kristoffer Vassbakk Ajer,10532,Center Back,20
Brentford,Shandon Baptiste,11403,,26
Brentford,Vitaly Janelt,12074,Left Center Midfield,27
Brentford,Sergio Reguilón Rodríguez,18620,Left Wing Back,12
Brentford,Mathias Jensen,18722,Right Center Midfield,8
Brentford,Mads Roerslev,24440,Right Wing Back,30
Brentford,Mikkel Damsgaard,24443,Left Center Midfield,24
Brentford,Frank Onyeka,24467,Center Defensive Midfield,15
Brentford,Nathan Michael Collins,24824,Right Center Back,22
Brentford,Mark Flekken,25000,Goalkeeper,1
Brentford,Keane Lewis-Potter,32928,Right Wing Back,23
Brentford,Ehor Yarmolyuk,45803,,33
Wolverhampton Wanderers,Craig Dawson,3523,Center Back,15
Wolverhampton Wanderers,Mario Lemina,3951,Right Defensive Midfield,5
Wolverhampton Wanderers,Daniel Bentley,4773,,25
Wolverhampton Wanderers,Hee-Chan Hwang,5620,Center Forward,11
Wolverhampton Wanderers,Nélson Cabral Semedo,6374,Right Wing Back,22
Wolverhampton Wanderers,Pablo Sarabia García,6720,Right Attacking Midfield,21
Wolverhampton Wanderers,Matt Doherty,9925,Left Center Forward,2
Wolverhampton Wanderers,Rayan Aït Nouri,12111,Left Wing Back,3
Wolverhampton Wanderers,José Pedro Malheiro de Sá,18866,Goalkeeper,1
Wolverhampton Wanderers,Jean-Ricner Bellegarde,19718,Right Attacking Midfield,27
Wolverhampton Wanderers,Pedro Lomba Neto,23256,Left Attacking Midfield,7
Wolverhampton Wanderers,Maximilian William Kilman,24940,Right Center Back,23
Wolverhampton Wanderers,Thomas Doyle,34789,,20
Wolverhampton Wanderers,Santiago Ignacio Bueno Sciutto,41138,,4
Wolverhampton Wanderers,João Victor Gomes da Silva,48720,Left Defensive Midfield,8
Wolverhampton Wanderers,Tote António Gomes,48941,Left Center Back,24
Wolverhampton Wanderers,Boubacar Traore,58878,Center Forward,6
Wolverhampton Wanderers,Hugo Bueno,82220,,17
Wolverhampton Wanderers,Nathan Fraser,133454,,63
Wolverhampton Wanderers,Tawanda Chirewa,142702,,62
Tottenham Hotspur,Heung-Min Son,3083,Left Wing,7
Tottenham Hotspur,Ben Davies,3086,Left Back,33
Tottenham Hotspur,Richarlison de Andrade,3280,Center Forward,9
Tottenham Hotspur,Giovani Lo Celso,3313,Right Back,18
Tottenham Hotspur,Pierre-Emile Højbjerg,3570,Left Center Midfield,5
Tottenham Hotspur,Yves Bissouma,4385,Left Defensive Midfield,8
Tottenham Hotspur,Rodrigo Bentancur Colmán,5260,Right Defensive Midfield,30
Tottenham Hotspur,Timo Werner,5557,Center Forward,16
Tottenham Hotspur,James Maddison,9905,Center Attacking Midfield,10
Tottenham Hotspur,Cristian Gabriel Romero,20572,Right Center Back,17
Tottenham Hotspur,Oliver Skipp,22145,,4
Tottenham Hotspur,Bryan Gil Salvatierra,22418,,11
Tottenham Hotspur,Dejan Kulusevski,22818,Right Wing,21
Tottenham Hotspur,Emerson Aparecido Leite de Souza Junior,23522,Right Back,12
Tottenham Hotspur,Brennan Johnson,29377,Center Forward,22
Tottenham Hotspur,Guglielmo Vicario,31225,Goalkeeper,13
Tottenham Hotspur,Micky van de Ven,32547,Left Center Back,37
Tottenham Hotspur,Radu Drăgușin,39615,,6
Tottenham Hotspur,Brandon Austin,48123,,40
Tottenham Hotspur,Pape Matar Sarr,50498,Right Defensive Midfield,29
Manchester City,Ederson Santana de Moraes,3067,Goalkeeper,31
Manchester City,Kevin De Bruyne,3089,Left Attacking Midfield,17
Manchester City,Bernardo Mota Veiga de Carvalho e Silva,3193,Right Wing Back,20
Manchester City,Kyle Walker,3205,,2
Manchester City,John Stones,3244,Left Defensive Midfield,5
Manchester City,Nathan Aké,3306,Left Center Back,6
Manchester City,Phil Foden,4354,Right Attacking Midfield,47
Manchester City,Rúben Santos Gato Alves Dias,5206,Center Back,3
Manchester City,Mateo Kovačić,5456,Left Attacking Midfield,8
Manchester City,Manuel Obafemi Akanji,5549,Right Center Back,25
Manchester City,Rodrigo Hernández Cascante,6765,Right Defensive Midfield,16
Manchester City,Stefan Ortega Moreno,9194,,18
Manchester City,Jack Grealish,9638,,10
Manchester City,Sergio Gómez Martín,22199,,21
Manchester City,Erling Håland,23616,Center Forward,9
Manchester City,Jeremy Doku,23650,Left Wing Back,11
Manchester City,Julián Álvarez,29560,Center Forward,19
Manchester City,Matheus Luiz Nunes,40874,Left Wing Back,27
Manchester City,Rico Lewis,48705,,82
Manchester City,Oscar Bobb,104825,,52
AFC Bournemouth,Dominic Solanke,3614,Center Forward,9
AFC Bournemouth,Lewis Cook,3615,Right Defensive Midfield,4
AFC Bournemouth,Marcus Tavernier,4111,Left Wing,16
AFC Bournemouth,Chris Mepham,4767,,6
AFC Bournemouth,Adam Smith,6409,Right Back,15
AFC Bournemouth,Norberto Murara Neto,6590,Goalkeeper,1
AFC Bournemouth,Enes Ünal,6760,Left Center Midfield,26
AFC Bournemouth,Justin Kluivert,8063,Center Attacking Midfield,19
AFC Bournemouth,Antoine Semenyo,9286,Right Wing,24
AFC Bournemouth,Ryan Christie,12510,Left Defensive Midfield,10
AFC Bournemouth,Luis Fernando Sinisterra Lucumí,16184,Left Back,17
AFC Bournemouth,Ionuț Andrei Radu,18237,,20
AFC Bournemouth,Romain Faivre,22319,Right Center Midfield,8
AFC Bournemouth,Mark Travers,24937,,42
AFC Bournemouth,Marcos Senesi,27773,Left Center Back,25
AFC Bournemouth,Illia Zabarnyi,39136,Right Center Back,27
AFC Bournemouth,Milos Kerkez,89635,Left Back,3
AFC Bournemouth,Alex Scott,91951,Center Attacking Midfield,14
AFC Bournemouth,Dango Aboubacar Faissal Ouattara,95042,Left Wing,11
AFC Bournemouth,Maxwell Kinsey-Wellings,357872,,48
Burnley,Jack Frank Porteous Cork,3462,Right Midfield,4
Burnley,Charles James Taylor,3627,Left Back,3
Burnley,Jay Rodriguez,3685,Center Forward,9
Burnley,Johann Berg Guðmunds­son,3720,Right Midfield,7
Burnley,Josh Cullen,4837,Left Defensive Midfield,24
Burnley,Jacob Bruun Larsen,8961,,34
Burnley,Joshua Brownhill,9607,Left Defensive Midfield,8
Burnley,Arijanet Murić,16234,,49
Burnley,Sander Berge,16553,Right Defensive Midfield,16
Burnley,Dara Joseph O'Shea,18753,Right Center Back,2
Burnley,Hannes Delcroix,22219,,44
Burnley,Manuel Benson Hedilazio,23897,Left Midfield,10
Burnley,Victor Alexander da Silva,24016,Left Back,22
Burnley,Lorenz Assignon,39245,Right Back,20
Burnley,Hjalmar Ekdal,41208,,18
Burnley,James Trafford,42298,Goalkeeper,1
Burnley,Mohamed Zeki Amdouni,48335,Left Center Forward,25
Burnley,David Datro Fofana,89326,Right Center Forward,23
Burnley,Maxime Esteve,112254,Left Center Back,33
Burnley,Wilson Odobert,151924,Left Midfield,47
Crystal Palace,James Tomkins,3316,Center Back,5
Crystal Palace,Joel Ward,3443,Right Center Back,2
Crystal Palace,Jordan Ayew,3450,Right Attacking Midfield,9
Crystal Palace,Dean Henderson,4073,,30
Crystal Palace,Nathaniel Edwin Clyne,4590,,17
Crystal Palace,Jefferson Andrés Lerma Solís,5678,Left Defensive Midfield,8
Crystal Palace,Jean-Philippe Mateta,7403,Center Forward,14
Crystal Palace,Joachim Andersen,8247,Center Back,16
Crystal Palace,Sam Johnstone,9458,Goalkeeper,1
Crystal Palace,Odsonne Édouard,10544,Left Attacking Midfield,22
Crystal Palace,Daniel Muñoz Mejía,27423,Right Wing Back,12
Crystal Palace,Naouirou Ahamada,39413,Right Defensive Midfield,29
Crystal Palace,Chris Richards,41266,Left Center Back,26
Crystal Palace,Tyrick Mitchell,41437,Left Wing Back,3
Crystal Palace,Adam Wharton,77723,Right Defensive Midfield,20
Crystal Palace,Matheus França de Oliveira,114491,Left Attacking Midfield,11
Crystal Palace,Luke Plange,136557,,48
Crystal Palace,Kayden Rodney,138809,,51
Crystal Palace,David Ozoh,138813,Right Defensive Midfield,52
Crystal Palace,Franco Umeh-Chibueze,386028,,55
Newcastle United,Matt Ritchie,3049,,11
Newcastle United,Jamaal Lascelles,3081,Left Center Back,6
Newcastle United,Mark Gillespie,3212,,29
Newcastle United,Jacob Murphy,3273,Right Wing,23
Newcastle United,Kieran Trippier,3308,Right Back,2
Newcastle United,Loris Karius,3630,Goalkeeper,18
Newcastle United,Dan Burn,3864,Left Back,33
Newcastle United,Sean Longstaff,4031,Right Center Midfield,36
Newcastle United,Joseph Willock,4625,Center Defensive Midfield,28
Newcastle United,Harvey Lewis Barnes,4718,Center Forward,15
Newcastle United,Fabian Lukas Schär,5537,Right Center Back,5
Newcastle United,Emil Krafth,6358,,17
Newcastle United,Alexander Isak,8819,Center Forward,14
Newcastle United,Miguel Ángel Almirón Rejala,12603,Right Wing,24
Newcastle United,Sven Botman,21551,Left Center Back,4
Newcastle United,Bruno Guimarães Rodriguez Moura,25142,Center Defensive Midfield,39
Newcastle United,Anthony Gordon,28104,Left Wing,10
Newcastle United,Valentino Livramento,39241,Left Back,21
Newcastle United,Lewis Miley,134048,Left Center Midfield,67
Newcastle United,Lewis Hall,134092,,20
Arsenal,Gabriel Fernando de Jesus,3202,,9
Arsenal,Cédric Ricardo Alves Soares,3329,,17
Arsenal,Mohamed Naser Elsayed Elneny,3568,Center Defensive Midfield,25
Arsenal,Reiss Nelson,3571,Right Wing,24
Arsenal,Edward Nketiah,3737,Center Forward,14
Arsenal,Declan Rice,3943,Left Center Midfield,41
Arsenal,David Raya Martin,4127,Goalkeeper,22
Arsenal,Gabriel dos Santos Magalhães,6406,Left Center Back,6
Arsenal,Jorge Luiz Frello Filho,7024,Center Defensive Midfield,20
Arsenal,Martin Ødegaard,8252,Right Center Midfield,8
Arsenal,Kai Havertz,8966,Center Forward,29
Arsenal,Leandro Trossard,16559,Left Wing,19
Arsenal,Emile Smith Rowe,16591,Right Center Midfield,10
Arsenal,William Saliba,17592,Right Center Back,2
Arsenal,Bukayo Saka,22084,Right Wing,7
Arsenal,Aaron Ramsdale,22783,,1
Arsenal,Ben White,22809,Right Back,4
Arsenal,Gabriel Teodoro Martinelli Silva,29976,Left Wing,11
Arsenal,Fabio Daniel Ferreira Vieira,39162,,21
Arsenal,Jakub Piotr Kiwior,44166,Left Back,15
Nottingham Forest,Moussa Niakhate,3198,Left Back,19
Nottingham Forest,Cheikhou Kouyaté,3684,,8
Nottingham Forest,Ryan Yates,4239,Left Defensive Midfield,22
Nottingham Forest,Callum Hudson-Odoi,4274,Left Wing,14
Nottingham Forest,Divock Okoth Origi,4747,Center Forward,27
Nottingham Forest,Harry Toffolo,6555,Left Center Back,15
Nottingham Forest,Morgan Gibbs-White,9934,Center Attacking Midfield,10
Nottingham Forest,Matz Sels,10479,Goalkeeper,26
Nottingham Forest,Felipe Augusto de Almeida Monteiro,11167,Right Center Back,18
Nottingham Forest,Matthew Charles Turner,12352,,1
Nottingham Forest,Taiwo Michael Awoniyi,23898,Center Forward,9
Nottingham Forest,Gonzalo Ariel Montiel,28263,,29
Nottingham Forest,Nicolás Martín Domínguez,28672,Right Defensive Midfield,16
Nottingham Forest,Giovanni Reyna,34339,Center Attacking Midfield,20
Nottingham Forest,Neco Williams,34794,Right Back,7
Nottingham Forest,Danilo dos Santos de Oliveira,46451,Left Defensive Midfield,28
Nottingham Forest,Anthony Elanga,50991,Right Wing,21
Nottingham Forest,Andrew Omobamidele,58467,Right Center Back,32
Nottingham Forest,Rodrigo Duarte Ribeiro,149579,,37
Nottingham Forest,Murillo Santiago Costa dos Santos,271487,Left Center Back,40
Aston Villa,Youri Tielemans,2954,Center Attacking Midfield,8
Aston Villa,Calum Chambers,3713,Right Center Back,16
Aston Villa,Matty Cash,4734,Right Back,2
Aston Villa,Ollie Watkins,4760,Center Forward,11
Aston Villa,Robin Olsen,5622,,25
Aston Villa,Douglas Luiz Soares de Paulo,6574,Left Defensive Midfield,6
Aston Villa,Clément Lenglet,6826,Right Center Back,17
Aston Villa,Lucas Digne,6849,Left Back,12
Aston Villa,Pau Francisco Torres,6892,Left Center Back,14
Aston Villa,Damián Emiliano Martínez,6909,Goalkeeper,1
Aston Villa,Leon Bailey Butler,8214,Right Wing,31
Aston Villa,Moussa Diaby,8292,Right Wing,19
Aston Villa,John McGinn,9974,Right Defensive Midfield,7
Aston Villa,Alejandro Moreno Lopera,11538,Left Back,15
Aston Villa,Nicolò Zaniolo,16062,Center Attacking Midfield,22
Aston Villa,Jacob Ramsey,23500,Left Wing,41
Aston Villa,Morgan Rogers,39354,Center Forward,27
Aston Villa,Joe Gauci,44158,,18
Aston Villa,Kaine Kesler-Hayden,93376,,29
Aston Villa,Tim Iroegbunam,113387,,47
Everton,Abdoulaye Doucouré,3292,Center Attacking Midfield,16
Everton,Idrissa Gana Gueye,3436,Right Defensive Midfield,27
Everton,Michael Keane,3438,,5
Everton,Jordan Pickford,3468,Goalkeeper,1
Everton,Dominic Calvert-Lewin,3470,Center Forward,9
Everton,Ashley Young,3612,Center Attacking Midfield,18
Everton,James Tarkowski,3628,Right Center Back,6
Everton,Ben Godfrey,4076,Right Back,22
Everton,Séamus Coleman,4589,,23
Everton,Dwight McNeil,5111,Left Midfield,7
Everton,Jack Harrison,9616,Right Midfield,11
Everton,Vitalii Mykolenko,20827,Left Back,19
Everton,James Garner,23625,Left Defensive Midfield,37
Everton,João Manuel Neves Virginia,29378,,12
Everton,Norberto Bercique Gomes Betuncal,30006,Center Forward,14
Everton,Jarrad Branthwaite,32762,Left Center Back,32
Everton,Nathan Patterson,37338,,2
Everton,Amadou Onana,48347,Right Defensive Midfield,8
Everton,Mackenzie Hunt,49671,,58
Everton,Youssef Ramalho Chermiti,149581,,28
Brighton & Hove Albion,Lewis Dunk,3088,Left Center Back,5
Brighton & Hove Albion,Pascal Groß,3097,Left Defensive Midfield,13
Brighton & Hove Albion,Daniel Nii Tackie Mensah Welbeck,3569,Left Center Forward,18
Brighton & Hove Albion,Adam David Lallana,4090,Center Forward,14
Brighton & Hove Albion,Joël Veltman,8067,Right Back,34
Brighton & Hove Albion,Adam Webster,9601,,4
Brighton & Hove Albion,Igor Julio dos Santos de Paulo,9741,Left Back,3
Brighton & Hove Albion,Pervis Josué Estupiñán Tenorio,24085,Left Back,30
Brighton & Hove Albion,Jakub Moder,29480,,15
Brighton & Hove Albion,Jan Paul van Hecke,30691,Right Center Back,29
Brighton & Hove Albion,Anssumane Fati,30756,Left Center Forward,31
Brighton & Hove Albion,Billy Gilmour,31067,Right Defensive Midfield,11
Brighton & Hove Albion,Tariq Lamptey,33602,Right Back,2
Brighton & Hove Albion,Bart Verbruggen,37274,Goalkeeper,1
Brighton & Hove Albion,Julio César Enciso Espínola,47112,Center Attacking Midfield,10
Brighton & Hove Albion,Jason Steele,47553,,23
Brighton & Hove Albion,Evan Ferguson,51156,Right Center Forward,28
Brighton & Hove Albion,Simon Adingra,105392,Left Midfield,24
Brighton & Hove Albion,Facundo Valentín Buonanotte,196954,Right Midfield,40
Brighton & Hove Albion,Carlos Baleba,226169,,20
Tottenham Hotspur,Heung-Min Son,3083,Left Wing,7
Tottenham Hotspur,Richarlison de Andrade,3280,Center Forward,9
Tottenham Hotspur,Giovani Lo Celso,3313,Left Back,18
Tottenham Hotspur,Pierre-Emile Højbjerg,3570,Left Defensive Midfield,5
Tottenham Hotspur,Yves Bissouma,4385,Left Defensive Midfield,8
Tottenham Hotspur,Rodrigo Bentancur Colmán,5260,Center Forward,30
Tottenham Hotspur,James Maddison,9905,Right Defensive Midfield,10
Tottenham Hotspur,Pedro Antonio Porro Sauceda,11292,Right Back,23
Tottenham Hotspur,Cristian Gabriel Romero,20572,Right Center Back,17
Tottenham Hotspur,Oliver Skipp,22145,,4
Tottenham Hotspur,Bryan Gil Salvatierra,22418,Left Midfield,11
Tottenham Hotspur,Dejan Kulusevski,22818,Center Attacking Midfield,21
Tottenham Hotspur,Emerson Aparecido Leite de Souza Junior,23522,Left Back,12
Tottenham Hotspur,Brennan Johnson,29377,Right Wing,22
Tottenham Hotspur,Guglielmo Vicario,31225,Goalkeeper,13
Tottenham Hotspur,Micky van de Ven,32547,Left Center Back,37
Tottenham Hotspur,Radu Drăgușin,39615,,6
Tottenham Hotspur,Brandon Austin,48123,,40
Tottenham Hotspur,Pape Matar Sarr,50498,Right Defensive Midfield,29
Tottenham Hotspur,Mikey Moore,298315,,59
Chelsea,Trevoh Chalobah,9026,Right Center Back,14
Chelsea,Marcus Bettinelli,12258,,13
Chelsea,Marc Cucurella Saseta,17620,Left Back,3
Chelsea,Benoît Badiashile Mukinayi,21368,Left Center Back,5
Chelsea,Conor Gallagher,29399,Left Defensive Midfield,23
Chelsea,Chukwunonso Madueke,31506,Right Wing,11
Chelsea,Đorđe Petrović,32565,Goalkeeper,28
Chelsea,Moisés Isaac Caicedo Corozo,37726,Right Defensive Midfield,25
Chelsea,Cole Palmer,39461,Center Attacking Midfield,20
Chelsea,Mykhailo Mudryk,39483,Left Wing,10
Chelsea,Cesare Casadei,44736,Left Wing,31
Chelsea,Nicolas Jackson,50497,Center Forward,15
Chelsea,Alfie Gilchrist,109640,Right Back,42
Chelsea,Jimi Tauriainen,134084,Center Forward,49
Chelsea,Leo Castledine,134090,,54
Chelsea,Zack Sturge,207686,,46
Chelsea,Deivid Washington de Souza Eugênio,271873,,36
Chelsea,Tyrique George,315975,,67
Chelsea,Kiano Dyer,315976,,78
Chelsea,Joshua Kofi Acheampong,333939,Right Back,63
Luton Town,Andros Townsend,3297,Right Center Forward,30
Luton Town,Amari'i Bell,4128,Left Center Back,29
Luton Town,Carlton Morris,4220,Right Center Forward,9
Luton Town,Ross Barkley,4275,Right Center Midfield,6
Luton Town,Reece Burke,4605,,16
Luton Town,Jordan Clark,9442,Left Center Midfield,18
Luton Town,Timothy Michael Krul,9467,,23
Luton Town,Pelly Ruddock Mpanzu,9674,Center Defensive Midfield,17
Luton Town,Daniel Potts,9681,,3
Luton Town,Chiedozie Ogbene,13306,Right Wing Back,7
Luton Town,Cauley Woodrow,21090,Left Center Forward,10
Luton Town,Albert-Mboyo Sambi Lokonga,21304,Center Defensive Midfield,28
Luton Town,Luke Berry,22175,,8
Luton Town,Gabriel Osho,22347,Center Back,2
Luton Town,Tahith Chong,23636,Left Center Midfield,14
Luton Town,Thomas Kaminski,23741,Goalkeeper,24
Luton Town,Alfie Doughty,33074,Left Wing Back,45
Luton Town,Issa Kabore,35471,Left Wing Back,12
Luton Town,Teden Mengi,43604,Right Center Back,15
Luton Town,Zack Nelson,332827,,43
Liverpool,Joe Gomez,3495,Left Back,2
Liverpool,Adrián San Miguel del Castillo,3623,,13
Liverpool,Andrew Robertson,3655,Right Back,26
Liverpool,Virgil van Dijk,3669,Left Center Back,4
Liverpool,Konstantinos Tsimikas,8489,,21
Liverpool,Ibrahima Konaté,11135,,5
Liverpool,Cody Mathès Gakpo,20750,Center Forward,18
Liverpool,Ryan Gravenberch,23230,Left Center Midfield,38
Liverpool,Wataru Endo,23721,Center Defensive Midfield,3
Liverpool,Harvey Elliott,24938,Right Wing,19
Liverpool,Luis Fernando Díaz Marulanda,27158,Left Wing,7
Liverpool,Alexis Mac Allister,27886,Right Center Midfield,10
Liverpool,Caoimhin Kelleher,34959,Goalkeeper,62
Liverpool,Conor Bradley,40209,Right Back,84
Liverpool,Jarell Quansah,40908,Right Center Back,78
Liverpool,Kaide Gordon,55896,,49
Liverpool,Jayden Danns,133323,Left Wing,76
Liverpool,James McConnell,133356,Right Center Midfield,53
Liverpool,Bobby Clark,136677,Left Center Midfield,42
Liverpool,Trey Nyoni,356483,,98
Fulham,Alex Iwobi,3647,Left Wing,22
Fulham,Fodé Ballo Touré,3675,,12
Fulham,Kenny Tete,3798,,2
Fulham,Marek Rodák,4152,,1
Fulham,Issa Diop,4349,Right Center Back,31
Fulham,Antonee Robinson,4614,Left Back,33
Fulham,Saša Lukić,6687,Left Defensive Midfield,28
Fulham,Andreas Hoelgebaum Pereira,6846,Center Attacking Midfield,18
Fulham,Timothy Castagne,6989,Right Back,21
Fulham,Harry Wilson,9540,Right Wing,8
Fulham,Oluwatosin Adarabioyo,9650,Right Center Back,4
Fulham,Bobby Armani De Cordova-Reid,9923,,14
Fulham,Tom Cairney,10284,Center Attacking Midfield,10
Fulham,Adama Traoré Diarra,11333,Right Defensive Midfield,11
Fulham,Harrison Reed,11936,Right Defensive Midfield,6
Fulham,Bernd Leno,15581,Goalkeeper,17
Fulham,Tim Ream,18242,,13
Fulham,Armando Broja,36885,,9
Fulham,Calvin Bassey Ughelumba,43779,Left Center Back,3
Fulham,Rodrigo Muniz Carvalho,49049,Center Forward,19
Manchester United,Christian Dannemann Eriksen,3043,Left Defensive Midfield,14
Manchester United,Marcus Rashford,3318,Center Forward,10
Manchester United,Harry Maguire,3336,Left Center Back,5
Manchester United,Scott McTominay,3620,Left Defensive Midfield,39
Manchester United,Victor Nilsson Lindelöf,3702,Left Back,2
Manchester United,Bruno Miguel Borges Fernandes,5204,Center Attacking Midfield,8
Manchester United,Sofyan Amrabat,5234,,4
Manchester United,Raphaël Varane,5485,Right Center Back,19
Manchester United,Carlos Henrique Casimiro,5539,Left Defensive Midfield,18
Manchester United,André Onana,8064,Goalkeeper,24
Manchester United,Jonathan Grant Evans,11012,,35
Manchester United,José Diogo Dalot Teixeira,16028,Right Back,20
Manchester United,Antony Matheus dos Santos,25363,Left Back,21
Manchester United,Altay Bayındır,30442,,1
Manchester United,Amad Diallo Traoré,32784,Right Wing,16
Manchester United,Omari Forson,52120,Right Wing,62
Manchester United,Alejandro Garnacho Ferreyra,52129,Left Wing,17
Manchester United,Kobbie Mainoo,99174,Right Defensive Midfield,37
Manchester United,Willy Kambwala Ndengushi,144086,,53
Manchester United,Tobias Christopher Collyer,241998,,65
Brentford,Mathias Jørgensen Jatta,3027,Right Center Back,13
Brentford,Ben Mee,3663,Left Center Back,16
Brentford,Ivan Toney,3834,Right Center Forward,17
Brentford,Neal Maupay,4766,Left Center Forward,7
Brentford,Saman Ghoddos,5240,,14
Brentford,Christian Nørgaard,7097,Center Defensive Midfield,6
Brentford,Yoane Wissa,7294,Left Center Forward,11
Brentford,Thomas Strakosha,7789,,21
Brentford,Kristoffer Vassbakk Ajer,10532,Center Back,20
Brentford,Shandon Baptiste,11403,,26
Brentford,Vitaly Janelt,12074,Right Center Midfield,27
Brentford,Sergio Reguilón Rodríguez,18620,Left Wing Back,12
Brentford,Mathias Jensen,18722,Left Center Midfield,8
Brentford,Mads Roerslev,24440,Left Wing Back,30
Brentford,Mikkel Damsgaard,24443,Right Center Midfield,24
Brentford,Frank Onyeka,24467,Right Center Midfield,15
Brentford,Nathan Michael Collins,24824,Left Center Back,22
Brentford,Mark Flekken,25000,Goalkeeper,1
Brentford,Keane Lewis-Potter,32928,Right Wing Back,23
Brentford,Ehor Yarmolyuk,45803,,33
West Ham United,Łukasz Fabiański,3262,,1
West Ham United,James Ward-Prowse,3328,Center Attacking Midfield,7
West Ham United,Michail Antonio,3349,Left Wing,9
West Ham United,Alphonse Areola,3379,Goalkeeper,23
West Ham United,Kurt Happy Zouma,3456,Left Center Back,4
West Ham United,Daniel William John Ings,3654,,18
West Ham United,Angelo Obinze Ogbonna,3843,,21
West Ham United,Emerson Palmieri dos Santos,4355,Left Back,33
West Ham United,Konstantinos Mavropanos,4781,Right Center Back,15
West Ham United,Tomáš Souček,4870,Right Defensive Midfield,28
West Ham United,Edson Omar Álvarez Velázquez,5567,Left Defensive Midfield,19
West Ham United,Jarrod Bowen,9640,Center Forward,20
West Ham United,Nayef Aguerd,12149,,27
West Ham United,Vladimír Coufal,16570,Right Back,5
West Ham United,Mohammed Kudus,17033,Right Wing,14
West Ham United,Lucas Tolentino Coelho de Lima,22600,Left Wing,10
West Ham United,Benjamin Johnson,23626,Right Wing,2
West Ham United,Divin Mubama,141121,,45
West Ham United,George Earthy,141125,,40
West Ham United,Oliver Scarles,141130,,57
Sheffield United,Oliver McBurnie,3332,Right Center Forward,9
Sheffield United,Tom Davies,3652,Right Center Midfield,22
Sheffield United,Ben Osborn,4732,Left Wing Back,23
Sheffield United,Jack Robinson,10485,Left Center Back,19
Sheffield United,Oliver James Norwood,11013,Right Center Midfield,16
Sheffield United,Jayden Bogle,11896,Right Wing Back,20
Sheffield United,Auston Trusty,12359,Center Back,5
Sheffield United,Gustavo Hamer,15304,Left Center Midfield,8
Sheffield United,Wesley Foderingham,21018,,18
Sheffield United,Anel Ahmedhodžić,27652,Right Center Back,15
Sheffield United,Ivo Grbić,29342,Goalkeeper,13
Sheffield United,Vinicius de Souza Costa,32587,Center Defensive Midfield,21
Sheffield United,Rhian Brewster,34206,Left Center Forward,7
Sheffield United,Yasser Larouci,34793,Left Wing Back,27
Sheffield United,James McAtee,49667,Right Center Forward,28
Sheffield United,William Idamudia Daugaard Osula,121254,Left Center Forward,32
Sheffield United,Sam Curtis,133908,,29
Sheffield United,Andre Brooks,153124,,35
Sheffield United,Oliver Luke Arblaster,214746,,24
Sheffield United,Dovydas Sasnauskas,406078,,46
Wolverhampton Wanderers,Craig Dawson,3523,Center Back,15
Wolverhampton Wanderers,Mario Lemina,3951,Left Defensive Midfield,5
Wolverhampton Wanderers,Daniel Bentley,4773,,25
Wolverhampton Wanderers,Hee-Chan Hwang,5620,Center Forward,11
Wolverhampton Wanderers,Nélson Cabral Semedo,6374,Right Wing Back,22
Wolverhampton Wanderers,Pablo Sarabia García,6720,Right Wing,21
Wolverhampton Wanderers,Matt Doherty,9925,Right Wing,2
Wolverhampton Wanderers,Rayan Aït Nouri,12111,Left Wing Back,3
Wolverhampton Wanderers,José Pedro Malheiro de Sá,18866,Goalkeeper,1
Wolverhampton Wanderers,Jean-Ricner Bellegarde,19718,Center Forward,27
Wolverhampton Wanderers,Pedro Lomba Neto,23256,Left Wing,7
Wolverhampton Wanderers,Maximilian William Kilman,24940,Right Center Back,23
Wolverhampton Wanderers,Thomas Doyle,34789,Left Wing Back,20
Wolverhampton Wanderers,Santiago Ignacio Bueno Sciutto,41138,,4
Wolverhampton Wanderers,João Victor Gomes da Silva,48720,Right Defensive Midfield,8
Wolverhampton Wanderers,Tote António Gomes,48941,Left Center Back,24
Wolverhampton Wanderers,Boubacar Traore,58878,,6
Wolverhampton Wanderers,Hugo Bueno,82220,,17
Wolverhampton Wanderers,Nathan Fraser,133454,,63
Wolverhampton Wanderers,Tawanda Chirewa,142702,,62
AFC Bournemouth,Philip Billing,3331,Center Attacking Midfield,29
AFC Bournemouth,Dominic Solanke,3614,Center Forward,9
AFC Bournemouth,Lewis Cook,3615,Right Defensive Midfield,4
AFC Bournemouth,Marcus Tavernier,4111,Left Wing,16
AFC Bournemouth,Chris Mepham,4767,Left Center Back,6
AFC Bournemouth,Adam Smith,6409,Right Back,15
AFC Bournemouth,Norberto Murara Neto,6590,Goalkeeper,1
AFC Bournemouth,Enes Ünal,6760,Center Forward,26
AFC Bournemouth,Justin Kluivert,8063,Center Attacking Midfield,19
AFC Bournemouth,Antoine Semenyo,9286,Right Wing,24
AFC Bournemouth,Ryan Christie,12510,Left Defensive Midfield,10
AFC Bournemouth,Luis Fernando Sinisterra Lucumí,16184,,17
AFC Bournemouth,Romain Faivre,22319,,8
AFC Bournemouth,Mark Travers,24937,,42
AFC Bournemouth,Marcos Senesi,27773,Left Center Back,25
AFC Bournemouth,Illia Zabarnyi,39136,Right Center Back,27
AFC Bournemouth,Milos Kerkez,89635,Left Back,3
AFC Bournemouth,Alex Scott,91951,Right Defensive Midfield,14
AFC Bournemouth,Dango Aboubacar Faissal Ouattara,95042,Left Back,11
AFC Bournemouth,Maxwell Kinsey-Wellings,357872,,48
Burnley,Jack Frank Porteous Cork,3462,,4
Burnley,Charles James Taylor,3627,Left Back,3
Burnley,Jay Rodriguez,3685,Right Center Back,9
Burnley,Johann Berg Guðmunds­son,3720,Right Defensive Midfield,7
Burnley,Josh Cullen,4837,Left Defensive Midfield,24
Burnley,Jacob Bruun Larsen,8961,Left Midfield,34
Burnley,Arijanet Murić,16234,,49
Burnley,Sander Berge,16553,Right Defensive Midfield,16
Burnley,Dara Joseph O'Shea,18753,Right Center Back,2
Burnley,Mike Trésor Ndayishimiye,21889,,31
Burnley,Hannes Delcroix,22219,,44
Burnley,Manuel Benson Hedilazio,23897,Right Midfield,10
Burnley,Victor Alexander da Silva,24016,Right Midfield,22
Burnley,Lorenz Assignon,39245,Right Back,20
Burnley,Hjalmar Ekdal,41208,,18
Burnley,James Trafford,42298,Goalkeeper,1
Burnley,Mohamed Zeki Amdouni,48335,Left Midfield,25
Burnley,David Datro Fofana,89326,Center Forward,23
Burnley,Maxime Esteve,112254,Left Center Back,33
Burnley,Wilson Odobert,151924,Center Attacking Midfield,47
Manchester United,Christian Dannemann Eriksen,3043,,14
Manchester United,Marcus Rashford,3318,Left Midfield,10
Manchester United,Scott McTominay,3620,Center Attacking Midfield,39
Manchester United,Victor Nilsson Lindelöf,3702,Left Back,2
Manchester United,Bruno Miguel Borges Fernandes,5204,Center Forward,8
Manchester United,Sofyan Amrabat,5234,Left Defensive Midfield,4
Manchester United,Raphaël Varane,5485,Right Center Back,19
Manchester United,Carlos Henrique Casimiro,5539,Right Defensive Midfield,18
Manchester United,André Onana,8064,Goalkeeper,24
Manchester United,Jonathan Grant Evans,11012,Left Center Back,35
Manchester United,José Diogo Dalot Teixeira,16028,Right Back,20
Manchester United,Antony Matheus dos Santos,25363,Left Midfield,21
Manchester United,Altay Bayındır,30442,,1
Manchester United,Amad Diallo Traoré,32784,,16
Manchester United,Omari Forson,52120,Left Midfield,62
Manchester United,Alejandro Garnacho Ferreyra,52129,Right Midfield,17
Manchester United,Kobbie Mainoo,99174,Left Defensive Midfield,37
Manchester United,Willy Kambwala Ndengushi,144086,Left Center Back,53
Manchester United,Habeeb Ogunneye,165918,,75
Manchester United,Tobias Christopher Collyer,241998,,65
Manchester City,Ederson Santana de Moraes,3067,Goalkeeper,31
Manchester City,Kevin De Bruyne,3089,Right Center Midfield,17
Manchester City,Bernardo Mota Veiga de Carvalho e Silva,3193,Left Center Midfield,20
Manchester City,Kyle Walker,3205,Right Back,2
Manchester City,John Stones,3244,Left Center Back,5
Manchester City,Nathan Aké,3306,Left Back,6
Manchester City,Phil Foden,4354,Right Wing,47
Manchester City,Rúben Santos Gato Alves Dias,5206,Right Center Back,3
Manchester City,Mateo Kovačić,5456,,8
Manchester City,Manuel Obafemi Akanji,5549,,25
Manchester City,Rodrigo Hernández Cascante,6765,Center Defensive Midfield,16
Manchester City,Stefan Ortega Moreno,9194,,18
Manchester City,Sergio Gómez Martín,22199,,21
Manchester City,Erling Håland,23616,Center Forward,9
Manchester City,Jeremy Doku,23650,Left Wing,11
Manchester City,Julián Álvarez,29560,Left Center Midfield,19
Manchester City,Joško Gvardiol,33018,,24
Manchester City,Matheus Luiz Nunes,40874,,27
Manchester City,Rico Lewis,48705,,82
Manchester City,Oscar Bobb,104825,Left Wing,52
Wolverhampton Wanderers,Craig Dawson,3523,Center Back,15
Wolverhampton Wanderers,Mario Lemina,3951,Right Defensive Midfield,5
Wolverhampton Wanderers,Daniel Bentley,4773,Goalkeeper,25
Wolverhampton Wanderers,Nélson Cabral Semedo,6374,Right Wing Back,22
Wolverhampton Wanderers,Pablo Sarabia García,6720,Left Attacking Midfield,21
Wolverhampton Wanderers,Matt Doherty,9925,,2
Wolverhampton Wanderers,Rayan Aït Nouri,12111,Left Wing Back,3
Wolverhampton Wanderers,José Pedro Malheiro de Sá,18866,Goalkeeper,1
Wolverhampton Wanderers,Jean-Ricner Bellegarde,19718,Center Forward,27
Wolverhampton Wanderers,Pedro Lomba Neto,23256,Right Attacking Midfield,7
Wolverhampton Wanderers,Maximilian William Kilman,24940,Right Center Back,23
Wolverhampton Wanderers,Thomas Doyle,34789,Left Defensive Midfield,20
Wolverhampton Wanderers,Santiago Ignacio Bueno Sciutto,41138,,4
Wolverhampton Wanderers,Tote António Gomes,48941,Left Center Back,24
Wolverhampton Wanderers,Boubacar Traore,58878,Left Defensive Midfield,6
Wolverhampton Wanderers,Hugo Bueno,82220,Left Center Back,17
Wolverhampton Wanderers,Nathan Fraser,133454,Right Attacking Midfield,63
Wolverhampton Wanderers,Tawanda Chirewa,142702,Left Attacking Midfield,62
Wolverhampton Wanderers,Noha Lemina,144069,,14
Wolverhampton Wanderers,Wesley Okoduwa,382459,,61
Newcastle United,Jamaal Lascelles,3081,,6
Newcastle United,Jacob Murphy,3273,Right Wing,23
Newcastle United,Kieran Trippier,3308,Right Back,2
Newcastle United,Loris Karius,3630,,18
Newcastle United,Martin Dúbravka,3711,Goalkeeper,1
Newcastle United,Dan Burn,3864,Left Back,33
Newcastle United,Sean Longstaff,4031,Right Center Midfield,36
Newcastle United,Joseph Willock,4625,Left Center Midfield,28
Newcastle United,Harvey Lewis Barnes,4718,Center Forward,15
Newcastle United,Fabian Lukas Schär,5537,Right Center Back,5
Newcastle United,Emil Krafth,6358,,17
Newcastle United,Alexander Isak,8819,Center Forward,14
Newcastle United,Miguel Ángel Almirón Rejala,12603,Right Wing,24
Newcastle United,Sven Botman,21551,Left Center Back,4
Newcastle United,Bruno Guimarães Rodriguez Moura,25142,Center Defensive Midfield,39
Newcastle United,Anthony Gordon,28104,Left Wing,10
Newcastle United,Valentino Livramento,39241,Right Back,21
Newcastle United,Elliot Anderson,49702,Center Forward,32
Newcastle United,Lewis Miley,134048,Left Center Midfield,67
Newcastle United,Lewis Hall,134092,,20
Liverpool,Joe Gomez,3495,Center Defensive Midfield,2
Liverpool,Adrián San Miguel del Castillo,3623,,13
Liverpool,Andrew Robertson,3655,Left Back,26
Liverpool,Virgil van Dijk,3669,Left Center Back,4
Liverpool,Konstantinos Tsimikas,8489,Right Back,21
Liverpool,Ibrahima Konaté,11135,Right Center Back,5
Liverpool,Cody Mathès Gakpo,20750,Center Forward,18
Liverpool,Dominik Szoboszlai,21209,Right Center Midfield,8
Liverpool,Wataru Endo,23721,Left Center Midfield,3
Liverpool,Harvey Elliott,24938,Right Wing,19
Liverpool,Luis Fernando Díaz Marulanda,27158,Left Wing,7
Liverpool,Alexis Mac Allister,27886,Right Center Midfield,10
Liverpool,Darwin Gabriel Núñez Ribeiro,32478,Left Back,9
Liverpool,Caoimhin Kelleher,34959,Goalkeeper,62
Liverpool,Conor Bradley,40209,Right Back,84
Liverpool,Jarell Quansah,40908,,78
Liverpool,Jayden Danns,133323,Right Wing,76
Liverpool,Lewis Koumas,133328,,67
Liverpool,James McConnell,133356,,53
Liverpool,Bobby Clark,136677,Left Center Midfield,42
Nottingham Forest,Ibrahim Sangaré,3017,,6
Nottingham Forest,Moussa Niakhate,3198,,19
Nottingham Forest,Cheikhou Kouyaté,3684,,8
Nottingham Forest,Ryan Yates,4239,Right Defensive Midfield,22
Nottingham Forest,Callum Hudson-Odoi,4274,Left Wing,14
Nottingham Forest,Divock Okoth Origi,4747,Right Wing,27
Nottingham Forest,Harry Toffolo,6555,Left Back,15
Nottingham Forest,Morgan Gibbs-White,9934,Center Attacking Midfield,10
Nottingham Forest,Matz Sels,10479,Goalkeeper,26
Nottingham Forest,Felipe Augusto de Almeida Monteiro,11167,,18
Nottingham Forest,Matthew Charles Turner,12352,,1
Nottingham Forest,Taiwo Michael Awoniyi,23898,Center Forward,9
Nottingham Forest,Nicolás Martín Domínguez,28672,Left Defensive Midfield,16
Nottingham Forest,Neco Williams,34794,Right Back,7
Nottingham Forest,Danilo dos Santos de Oliveira,46451,Left Defensive Midfield,28
Nottingham Forest,Anthony Elanga,50991,Center Forward,21
Nottingham Forest,Andrew Omobamidele,58467,Right Center Back,32
Nottingham Forest,Joe Gardner,136675,,53
Nottingham Forest,Rodrigo Duarte Ribeiro,149579,,37
Nottingham Forest,Murillo Santiago Costa dos Santos,271487,Left Center Back,40
Arsenal,Gabriel Fernando de Jesus,3202,Left Wing,9
Arsenal,Cédric Ricardo Alves Soares,3329,Right Back,17
Arsenal,Reiss Nelson,3571,,24
Arsenal,Edward Nketiah,3737,,14
Arsenal,Declan Rice,3943,Left Center Midfield,41
Arsenal,David Raya Martin,4127,Goalkeeper,22
Arsenal,Thomas Teye Partey,6383,Center Defensive Midfield,5
Arsenal,Gabriel dos Santos Magalhães,6406,Left Center Back,6
Arsenal,Jorge Luiz Frello Filho,7024,Center Defensive Midfield,20
Arsenal,Martin Ødegaard,8252,Right Center Midfield,8
Arsenal,Kai Havertz,8966,Center Forward,29
Arsenal,Leandro Trossard,16559,Left Center Midfield,19
Arsenal,Emile Smith Rowe,16591,,10
Arsenal,William Saliba,17592,Right Center Back,2
Arsenal,Bukayo Saka,22084,Right Wing,7
Arsenal,Aaron Ramsdale,22783,,1
Arsenal,Ben White,22809,Right Back,4
Arsenal,Gabriel Teodoro Martinelli Silva,29976,Left Wing,11
Arsenal,Fabio Daniel Ferreira Vieira,39162,Right Wing,21
Arsenal,Jakub Piotr Kiwior,44166,Left Back,15
Sheffield United,Oliver McBurnie,3332,Center Forward,9
Sheffield United,Tom Davies,3652,Left Center Midfield,22
Sheffield United,George Baldock,4571,Right Wing Back,2
Sheffield United,Ben Osborn,4732,Right Center Midfield,23
Sheffield United,Ben Brereton Díaz,4735,,11
Sheffield United,Jack Robinson,10485,Left Center Back,19
Sheffield United,Oliver James Norwood,11013,Right Center Midfield,16
Sheffield United,Jayden Bogle,11896,Right Back,20
Sheffield United,Auston Trusty,12359,Left Back,5
Sheffield United,Gustavo Hamer,15304,Left Midfield,8
Sheffield United,Wesley Foderingham,21018,,18
Sheffield United,Anel Ahmedhodžić,27652,Right Center Back,15
Sheffield United,Ivo Grbić,29342,Goalkeeper,13
Sheffield United,Vinicius de Souza Costa,32587,Center Midfield,21
Sheffield United,Yasser Larouci,34793,,27
Sheffield United,James McAtee,49667,Right Midfield,28
Sheffield United,William Idamudia Daugaard Osula,121254,Center Forward,32
Sheffield United,Sydie Peck,140747,,42
Sheffield United,Andre Brooks,153124,Left Defensive Midfield,35
Sheffield United,Oliver Luke Arblaster,214746,Right Center Back,24
Crystal Palace,James Tomkins,3316,,5
Crystal Palace,Joel Ward,3443,Right Center Back,2
Crystal Palace,Jordan Ayew,3450,Right Attacking Midfield,9
Crystal Palace,Dean Henderson,4073,,30
Crystal Palace,Will Hughes,4588,Right Defensive Midfield,19
Crystal Palace,Nathaniel Edwin Clyne,4590,,17
Crystal Palace,Jefferson Andrés Lerma Solís,5678,Left Defensive Midfield,8
Crystal Palace,Jean-Philippe Mateta,7403,Center Forward,14
Crystal Palace,Joachim Andersen,8247,Center Back,16
Crystal Palace,Eberechi Eze,9000,Left Attacking Midfield,10
Crystal Palace,Sam Johnstone,9458,Goalkeeper,1
Crystal Palace,Odsonne Édouard,10544,Right Attacking Midfield,22
Crystal Palace,Daniel Muñoz Mejía,27423,Right Wing Back,12
Crystal Palace,Naouirou Ahamada,39413,,29
Crystal Palace,Chris Richards,41266,Left Center Back,26
Crystal Palace,Tyrick Mitchell,41437,Left Wing Back,3
Crystal Palace,Adam Wharton,77723,Right Defensive Midfield,20
Crystal Palace,Matheus França de Oliveira,114491,Left Attacking Midfield,11
Crystal Palace,Luke Plange,136557,,48
Crystal Palace,David Ozoh,138813,,52
Tottenham Hotspur,Heung-Min Son,3083,Center Forward,7
Tottenham Hotspur,Ben Davies,3086,,33
Tottenham Hotspur,Giovani Lo Celso,3313,Center Defensive Midfield,18
Tottenham Hotspur,Pierre-Emile Højbjerg,3570,Left Center Midfield,5
Tottenham Hotspur,Yves Bissouma,4385,Right Defensive Midfield,8
Tottenham Hotspur,Rodrigo Bentancur Colmán,5260,Left Defensive Midfield,30
Tottenham Hotspur,Timo Werner,5557,Left Wing,16
Tottenham Hotspur,James Maddison,9905,Center Attacking Midfield,10
Tottenham Hotspur,Cristian Gabriel Romero,20572,Right Center Back,17
Tottenham Hotspur,Oliver Skipp,22145,,4
Tottenham Hotspur,Dejan Kulusevski,22818,Right Wing,21
Tottenham Hotspur,Emerson Aparecido Leite de Souza Junior,23522,Right Back,12
Tottenham Hotspur,Brennan Johnson,29377,Left Defensive Midfield,22
Tottenham Hotspur,Guglielmo Vicario,31225,Goalkeeper,13
Tottenham Hotspur,Micky van de Ven,32547,Left Center Back,37
Tottenham Hotspur,Radu Drăgușin,39615,,6
Tottenham Hotspur,Dane Scarlett,41599,Center Forward,44
Tottenham Hotspur,Brandon Austin,48123,,40
Tottenham Hotspur,Iyenoma Destiny Udogie,48461,Left Back,38
Tottenham Hotspur,Pape Matar Sarr,50498,Left Wing,29
West Ham United,Aaron Cresswell,3062,,3
West Ham United,Łukasz Fabiański,3262,,1
West Ham United,James Ward-Prowse,3328,Center Attacking Midfield,7
West Ham United,Michail Antonio,3349,Center Forward,9
West Ham United,Alphonse Areola,3379,Goalkeeper,23
West Ham United,Kurt Happy Zouma,3456,Left Center Back,4
West Ham United,Daniel William John Ings,3654,,18
West Ham United,Angelo Obinze Ogbonna,3843,Left Back,21
West Ham United,Emerson Palmieri dos Santos,4355,Left Back,33
West Ham United,Kalvin Phillips,4706,Center Attacking Midfield,11
West Ham United,Konstantinos Mavropanos,4781,Right Center Back,15
West Ham United,Tomáš Souček,4870,Right Defensive Midfield,28
West Ham United,Edson Omar Álvarez Velázquez,5567,Left Defensive Midfield,19
West Ham United,Jarrod Bowen,9640,Center Forward,20
West Ham United,Nayef Aguerd,12149,,27
West Ham United,Vladimír Coufal,16570,Right Back,5
West Ham United,Mohammed Kudus,17033,Right Wing,14
West Ham United,Lucas Tolentino Coelho de Lima,22600,Left Wing,10
West Ham United,Benjamin Johnson,23626,Left Wing Back,2
West Ham United,Divin Mubama,141121,,45
Everton,Abdoulaye Doucouré,3292,Center Attacking Midfield,16
Everton,Michael Keane,3438,,5
Everton,Jordan Pickford,3468,Goalkeeper,1
Everton,Dominic Calvert-Lewin,3470,Center Forward,9
Everton,Ashley Young,3612,,18
Everton,James Tarkowski,3628,Right Center Back,6
Everton,Ben Godfrey,4076,Right Back,22
Everton,Séamus Coleman,4589,,23
Everton,Dwight McNeil,5111,Left Midfield,7
Everton,Jack Harrison,9616,Right Midfield,11
Everton,André Filipe Tavares Gomes,10802,Right Midfield,21
Everton,Vitalii Mykolenko,20827,Left Back,19
Everton,James Garner,23625,Left Defensive Midfield,37
Everton,João Manuel Neves Virginia,29378,,12
Everton,Norberto Bercique Gomes Betuncal,30006,Center Forward,14
Everton,Jarrad Branthwaite,32762,Left Center Back,32
Everton,Nathan Patterson,37338,,2
Everton,Amadou Onana,48347,Right Defensive Midfield,8
Everton,Lewis Norman Dobbin,50505,Left Midfield,61
Everton,Youssef Ramalho Chermiti,149581,Center Attacking Midfield,28
Chelsea,Raheem Sterling,3233,Left Wing Back,7
Chelsea,Thiago Emiliano da Silva,3295,,6
Chelsea,Ben Chilwell,3458,Left Wing Back,21
Chelsea,Axel Disasi,7439,Right Center Back,2
Chelsea,Trevoh Chalobah,9026,Center Back,14
Chelsea,Robert Lynch Sanchez,9843,,1
Chelsea,Marc Cucurella Saseta,17620,,3
Chelsea,Conor Gallagher,29399,Right Center Midfield,23
Chelsea,Chukwunonso Madueke,31506,,11
Chelsea,Đorđe Petrović,32565,Goalkeeper,28
Chelsea,Moisés Isaac Caicedo Corozo,37726,Center Defensive Midfield,25
Chelsea,Enzo Fernandez,38718,Left Center Midfield,8
Chelsea,Levi Colwill,38992,Left Center Back,26
Chelsea,Malo Gusto,39260,Right Wing Back,27
Chelsea,Cole Palmer,39461,Right Center Forward,20
Chelsea,Mykhailo Mudryk,39483,Left Center Midfield,10
Chelsea,Cesare Casadei,44736,,31
Chelsea,Nicolas Jackson,50497,Left Center Forward,15
Chelsea,Alfie Gilchrist,109640,,42
Chelsea,Jimi Tauriainen,134084,,49
Brentford,Mathias Jørgensen Jatta,3027,Right Center Back,13
Brentford,Ivan Toney,3834,Right Center Forward,17
Brentford,Neal Maupay,4766,Right Center Forward,7
Brentford,Saman Ghoddos,5240,,14
Brentford,Christian Nørgaard,7097,Center Defensive Midfield,6
Brentford,Yoane Wissa,7294,Left Center Forward,11
Brentford,Thomas Strakosha,7789,,21
Brentford,Kristoffer Vassbakk Ajer,10532,Center Back,20
Brentford,Shandon Baptiste,11403,,26
Brentford,Vitaly Janelt,12074,Left Center Midfield,27
Brentford,Sergio Reguilón Rodríguez,18620,Left Wing Back,12
Brentford,Mathias Jensen,18722,Right Center Midfield,8
Brentford,Mads Roerslev,24440,Right Wing Back,30
Brentford,Mikkel Damsgaard,24443,,24
Brentford,Frank Onyeka,24467,Right Center Midfield,15
Brentford,Nathan Michael Collins,24824,Left Center Back,22
Brentford,Mark Flekken,25000,Goalkeeper,1
Brentford,Keane Lewis-Potter,32928,,23
Brentford,Ehor Yarmolyuk,45803,Right Center Midfield,33
Brentford,Ji-Soo Kim,255191,,36
Brighton & Hove Albion,Lewis Dunk,3088,Center Back,5
Brighton & Hove Albion,Pascal Groß,3097,Center Back,13
Brighton & Hove Albion,Daniel Nii Tackie Mensah Welbeck,3569,,18
Brighton & Hove Albion,Adam David Lallana,4090,Right Attacking Midfield,14
Brighton & Hove Albion,Joël Veltman,8067,Right Center Back,34
Brighton & Hove Albion,Adam Webster,9601,Left Center Back,4
Brighton & Hove Albion,Igor Julio dos Santos de Paulo,9741,,3
Brighton & Hove Albion,Pervis Josué Estupiñán Tenorio,24085,Left Wing Back,30
Brighton & Hove Albion,Jakub Moder,29480,Right Defensive Midfield,15
Brighton & Hove Albion,Jan Paul van Hecke,30691,Left Defensive Midfield,29
Brighton & Hove Albion,Anssumane Fati,30756,Left Attacking Midfield,31
Brighton & Hove Albion,Tariq Lamptey,33602,Right Wing Back,2
Brighton & Hove Albion,Bart Verbruggen,37274,,1
Brighton & Hove Albion,Julio César Enciso Espínola,47112,Left Attacking Midfield,10
Brighton & Hove Albion,Jason Steele,47553,Goalkeeper,23
Brighton & Hove Albion,Evan Ferguson,51156,Center Forward,28
Brighton & Hove Albion,Simon Adingra,105392,Right Wing Back,24
Brighton & Hove Albion,Valentín Barco,130655,,19
Brighton & Hove Albion,Facundo Valentín Buonanotte,196954,Right Attacking Midfield,40
Brighton & Hove Albion,Carlos Baleba,226169,Right Defensive Midfield,20
Fulham,Willian Borges da Silva,3472,Left Wing,20
Fulham,Alex Iwobi,3647,Left Wing,22
Fulham,Fodé Ballo Touré,3675,,12
Fulham,Kenny Tete,3798,,2
Fulham,Marek Rodák,4152,,1
Fulham,Antonee Robinson,4614,Left Back,33
Fulham,Saša Lukić,6687,Left Defensive Midfield,28
Fulham,Andreas Hoelgebaum Pereira,6846,Center Attacking Midfield,18
Fulham,Timothy Castagne,6989,Right Back,21
Fulham,Harry Wilson,9540,Right Wing,8
Fulham,Oluwatosin Adarabioyo,9650,Right Center Back,4
Fulham,Bobby Armani De Cordova-Reid,9923,Left Defensive Midfield,14
Fulham,Tom Cairney,10284,Center Attacking Midfield,10
Fulham,Adama Traoré Diarra,11333,Right Wing,11
Fulham,Harrison Reed,11936,Right Defensive Midfield,6
Fulham,Bernd Leno,15581,Goalkeeper,17
Fulham,Tim Ream,18242,,13
Fulham,Armando Broja,36885,Center Forward,9
Fulham,Calvin Bassey Ughelumba,43779,Left Center Back,3
Fulham,Rodrigo Muniz Carvalho,49049,Center Forward,19
Aston Villa,Youri Tielemans,2954,Center Attacking Midfield,8
Aston Villa,Calum Chambers,3713,,16
Aston Villa,Ezri Konsa Ngoyo,3822,Right Center Back,4
Aston Villa,Matty Cash,4734,Right Back,2
Aston Villa,Ollie Watkins,4760,Center Forward,11
Aston Villa,Robin Olsen,5622,,25
Aston Villa,Douglas Luiz Soares de Paulo,6574,Left Defensive Midfield,6
Aston Villa,Clément Lenglet,6826,Left Center Back,17
Aston Villa,Lucas Digne,6849,Left Back,12
Aston Villa,Pau Francisco Torres,6892,,14
Aston Villa,Damián Emiliano Martínez,6909,Goalkeeper,1
Aston Villa,Leon Bailey Butler,8214,Right Wing,31
Aston Villa,Moussa Diaby,8292,Right Wing,19
Aston Villa,John McGinn,9974,Right Defensive Midfield,7
Aston Villa,Alejandro Moreno Lopera,11538,Left Back,15
Aston Villa,Nicolò Zaniolo,16062,Center Attacking Midfield,22
Aston Villa,Jacob Ramsey,23500,Left Wing,41
Aston Villa,Morgan Rogers,39354,Left Wing,27
Aston Villa,Kaine Kesler-Hayden,93376,,29
Aston Villa,Tim Iroegbunam,113387,Left Wing,47
Luton Town,Andros Townsend,3297,Right Wing,30
Luton Town,Amari'i Bell,4128,Left Center Back,29
Luton Town,Carlton Morris,4220,Center Forward,9
Luton Town,Ross Barkley,4275,Right Defensive Midfield,6
Luton Town,Reece Burke,4605,Right Center Back,16
Luton Town,Jordan Clark,9442,Left Defensive Midfield,18
Luton Town,Timothy Michael Krul,9467,,23
Luton Town,Pelly Ruddock Mpanzu,9674,Left Wing,17
Luton Town,James Shea,11720,,1
Luton Town,Chiedozie Ogbene,13306,Left Center Back,7
Luton Town,Cauley Woodrow,21090,,10
Luton Town,Luke Berry,22175,,8
Luton Town,Tahith Chong,23636,Left Wing,14
Luton Town,Thomas Kaminski,23741,Goalkeeper,24
Luton Town,Alfie Doughty,33074,Left Wing Back,45
Luton Town,Issa Kabore,35471,Right Wing Back,12
Luton Town,Daiki Hashioka,37249,Right Wing,27
Luton Town,Teden Mengi,43604,Center Back,15
Luton Town,Zack Nelson,332827,,43
Luton Town,Axel Piesold,426678,,44
Tottenham Hotspur,Heung-Min Son,3083,Center Forward,7
Tottenham Hotspur,Ben Davies,3086,,33
Tottenham Hotspur,Giovani Lo Celso,3313,,18
Tottenham Hotspur,Pierre-Emile Højbjerg,3570,Left Wing,5
Tottenham Hotspur,Yves Bissouma,4385,Left Defensive Midfield,8
Tottenham Hotspur,Rodrigo Bentancur Colmán,5260,Right Defensive Midfield,30
Tottenham Hotspur,Timo Werner,5557,Center Attacking Midfield,16
Tottenham Hotspur,James Maddison,9905,Center Attacking Midfield,10
Tottenham Hotspur,Pedro Antonio Porro Sauceda,11292,Right Back,23
Tottenham Hotspur,Cristian Gabriel Romero,20572,Right Center Back,17
Tottenham Hotspur,Dejan Kulusevski,22818,Right Wing,21
Tottenham Hotspur,Emerson Aparecido Leite de Souza Junior,23522,,12
Tottenham Hotspur,Brennan Johnson,29377,Left Wing,22
Tottenham Hotspur,Guglielmo Vicario,31225,Goalkeeper,13
Tottenham Hotspur,Micky van de Ven,32547,Left Center Back,37
Tottenham Hotspur,Radu Drăgușin,39615,Left Center Back,6
Tottenham Hotspur,Dane Scarlett,41599,,44
Tottenham Hotspur,Brandon Austin,48123,,40
Tottenham Hotspur,Iyenoma Destiny Udogie,48461,Left Back,38
Tottenham Hotspur,Pape Matar Sarr,50498,Right Defensive Midfield,29
Aston Villa,Youri Tielemans,2954,Left Center Midfield,8
Aston Villa,Diego Carlos Santos Silva,3366,Right Center Back,3
Aston Villa,Ezri Konsa Ngoyo,3822,Right Center Back,4
Aston Villa,Matty Cash,4734,Right Wing Back,2
Aston Villa,Ollie Watkins,4760,Left Center Forward,11
Aston Villa,Robin Olsen,5622,,25
Aston Villa,Douglas Luiz Soares de Paulo,6574,Center Defensive Midfield,6
Aston Villa,Clément Lenglet,6826,Center Back,17
Aston Villa,Lucas Digne,6849,Left Wing Back,12
Aston Villa,Pau Francisco Torres,6892,Left Center Back,14
Aston Villa,Damián Emiliano Martínez,6909,Goalkeeper,1
Aston Villa,Leon Bailey Butler,8214,Right Center Forward,31
Aston Villa,Moussa Diaby,8292,Left Center Midfield,19
Aston Villa,John McGinn,9974,Right Center Midfield,7
Aston Villa,Alejandro Moreno Lopera,11538,Left Back,15
Aston Villa,Nicolò Zaniolo,16062,Center Back,22
Aston Villa,Jhon Jáder Durán Palacio,30976,,24
Aston Villa,Morgan Rogers,39354,,27
Aston Villa,Kaine Kesler-Hayden,93376,,29
Aston Villa,Tim Iroegbunam,113387,Right Defensive Midfield,47
Nottingham Forest,Ibrahim Sangaré,3017,Center Defensive Midfield,6
Nottingham Forest,Moussa Niakhate,3198,,19
Nottingham Forest,Chris Wood,3505,Center Forward,11
Nottingham Forest,Cheikhou Kouyaté,3684,Right Defensive Midfield,8
Nottingham Forest,Ryan Yates,4239,Right Center Midfield,22
Nottingham Forest,Callum Hudson-Odoi,4274,Left Center Midfield,14
Nottingham Forest,Divock Okoth Origi,4747,Right Wing,27
Nottingham Forest,Harry Toffolo,6555,Left Back,15
Nottingham Forest,Willy Boly,9933,,30
Nottingham Forest,Morgan Gibbs-White,9934,Left Wing,10
Nottingham Forest,Matz Sels,10479,Goalkeeper,26
Nottingham Forest,Felipe Augusto de Almeida Monteiro,11167,,18
Nottingham Forest,Matthew Charles Turner,12352,,1
Nottingham Forest,Taiwo Michael Awoniyi,23898,Right Center Midfield,9
Nottingham Forest,Nicolás Martín Domínguez,28672,Left Center Midfield,16
Nottingham Forest,Neco Williams,34794,Right Back,7
Nottingham Forest,Danilo dos Santos de Oliveira,46451,Center Defensive Midfield,28
Nottingham Forest,Anthony Elanga,50991,Right Wing,21
Nottingham Forest,Andrew Omobamidele,58467,Right Center Back,32
Nottingham Forest,Murillo Santiago Costa dos Santos,271487,Left Center Back,40
Brighton & Hove Albion,Lewis Dunk,3088,Left Center Back,5
Brighton & Hove Albion,Pascal Groß,3097,Left Defensive Midfield,13
Brighton & Hove Albion,Daniel Nii Tackie Mensah Welbeck,3569,Center Forward,18
Brighton & Hove Albion,Adam David Lallana,4090,Right Wing,14
Brighton & Hove Albion,Joël Veltman,8067,Right Back,34
Brighton & Hove Albion,Adam Webster,9601,,4
Brighton & Hove Albion,Igor Julio dos Santos de Paulo,9741,Left Back,3
Brighton & Hove Albion,Pervis Josué Estupiñán Tenorio,24085,Left Back,30
Brighton & Hove Albion,Jakub Moder,29480,Center Attacking Midfield,15
Brighton & Hove Albion,Jan Paul van Hecke,30691,Right Center Back,29
Brighton & Hove Albion,Anssumane Fati,30756,Left Wing,31
Brighton & Hove Albion,Tariq Lamptey,33602,Left Wing,2
Brighton & Hove Albion,Bart Verbruggen,37274,Goalkeeper,1
Brighton & Hove Albion,Julio César Enciso Espínola,47112,Center Attacking Midfield,10
Brighton & Hove Albion,Jason Steele,47553,,23
Brighton & Hove Albion,Evan Ferguson,51156,Center Forward,28
Brighton & Hove Albion,Simon Adingra,105392,Right Wing,24
Brighton & Hove Albion,Valentín Barco,130655,,19
Brighton & Hove Albion,Facundo Valentín Buonanotte,196954,,40
Brighton & Hove Albion,Carlos Baleba,226169,Right Defensive Midfield,20
Newcastle United,Matt Ritchie,3049,,11
Newcastle United,Jamaal Lascelles,3081,,6
Newcastle United,Jacob Murphy,3273,Right Wing,23
Newcastle United,Loris Karius,3630,,18
Newcastle United,Matt Targett,3651,,13
Newcastle United,Martin Dúbravka,3711,Goalkeeper,1
Newcastle United,Dan Burn,3864,Left Back,33
Newcastle United,Sean Longstaff,4031,Right Center Midfield,36
Newcastle United,Joseph Willock,4625,Left Center Midfield,28
Newcastle United,Fabian Lukas Schär,5537,Right Center Back,5
Newcastle United,Emil Krafth,6358,Left Back,17
Newcastle United,Alexander Isak,8819,Center Forward,14
Newcastle United,Miguel Ángel Almirón Rejala,12603,Right Wing,24
Newcastle United,Sven Botman,21551,Left Center Back,4
Newcastle United,Bruno Guimarães Rodriguez Moura,25142,Center Defensive Midfield,39
Newcastle United,Anthony Gordon,28104,Left Wing,10
Newcastle United,Joe White,29381,Center Defensive Midfield,40
Newcastle United,Valentino Livramento,39241,Right Back,21
Newcastle United,Elliot Anderson,49702,Left Wing,32
Newcastle United,Lewis Miley,134048,Left Center Midfield,67
Chelsea,Raheem Sterling,3233,Left Wing,7
Chelsea,Thiago Emiliano da Silva,3295,,6
Chelsea,Axel Disasi,7439,Right Center Back,2
Chelsea,Trevoh Chalobah,9026,Left Center Back,14
Chelsea,Robert Lynch Sanchez,9843,,1
Chelsea,Marc Cucurella Saseta,17620,Left Back,3
Chelsea,Conor Gallagher,29399,Center Attacking Midfield,23
Chelsea,Chukwunonso Madueke,31506,,11
Chelsea,Đorđe Petrović,32565,Goalkeeper,28
Chelsea,Moisés Isaac Caicedo Corozo,37726,Right Defensive Midfield,25
Chelsea,Enzo Fernandez,38718,Left Defensive Midfield,8
Chelsea,Malo Gusto,39260,Right Back,27
Chelsea,Cole Palmer,39461,Right Wing,20
Chelsea,Mykhailo Mudryk,39483,Center Attacking Midfield,10
Chelsea,Cesare Casadei,44736,Right Wing,31
Chelsea,Nicolas Jackson,50497,Center Forward,15
Chelsea,Carney Chukwuemeka,89986,Center Forward,17
Chelsea,Alfie Gilchrist,109640,,42
Chelsea,Deivid Washington de Souza Eugênio,271873,,36
Chelsea,Joshua Kofi Acheampong,333939,,63
Luton Town,Andros Townsend,3297,Right Midfield,30
Luton Town,Carlton Morris,4220,Center Forward,9
Luton Town,Ross Barkley,4275,Left Defensive Midfield,6
Luton Town,Reece Burke,4605,Right Center Back,16
Luton Town,Jordan Clark,9442,Right Defensive Midfield,18
Luton Town,Timothy Michael Krul,9467,,23
Luton Town,Pelly Ruddock Mpanzu,9674,,17
Luton Town,James Shea,11720,,1
Luton Town,Chiedozie Ogbene,13306,Right Attacking Midfield,7
Luton Town,Cauley Woodrow,21090,Center Back,10
Luton Town,Luke Berry,22175,Right Defensive Midfield,8
Luton Town,Gabriel Osho,22347,Left Center Back,2
Luton Town,Tahith Chong,23636,Left Attacking Midfield,14
Luton Town,Thomas Kaminski,23741,Goalkeeper,24
Luton Town,Alfie Doughty,33074,Left Wing Back,45
Luton Town,Issa Kabore,35471,Right Wing Back,12
Luton Town,Daiki Hashioka,37249,Left Center Back,27
Luton Town,Teden Mengi,43604,Center Back,15
Luton Town,Zack Nelson,332827,Left Midfield,43
Luton Town,Axel Piesold,426678,,44
Crystal Palace,James Tomkins,3316,,5
Crystal Palace,Joel Ward,3443,Right Center Back,2
Crystal Palace,Jordan Ayew,3450,Right Wing,9
Crystal Palace,Dean Henderson,4073,,30
Crystal Palace,Will Hughes,4588,Right Defensive Midfield,19
Crystal Palace,Nathaniel Edwin Clyne,4590,,17
Crystal Palace,Jefferson Andrés Lerma Solís,5678,Left Defensive Midfield,8
Crystal Palace,Jean-Philippe Mateta,7403,Center Forward,14
Crystal Palace,Joachim Andersen,8247,Center Back,16
Crystal Palace,Eberechi Eze,9000,Left Wing,10
Crystal Palace,Sam Johnstone,9458,Goalkeeper,1
Crystal Palace,Odsonne Édouard,10544,Center Forward,22
Crystal Palace,Daniel Muñoz Mejía,27423,Right Wing Back,12
Crystal Palace,Naouirou Ahamada,39413,Right Wing,29
Crystal Palace,Chris Richards,41266,Left Center Back,26
Crystal Palace,Tyrick Mitchell,41437,Left Wing Back,3
Crystal Palace,Adam Wharton,77723,Right Defensive Midfield,20
Crystal Palace,Luke Plange,136557,,48
Crystal Palace,Kayden Rodney,138809,,51
Crystal Palace,David Ozoh,138813,,52
Manchester City,Ederson Santana de Moraes,3067,Goalkeeper,31
Manchester City,Kevin De Bruyne,3089,Right Center Midfield,17
Manchester City,Bernardo Mota Veiga de Carvalho e Silva,3193,Left Center Midfield,20
Manchester City,Kyle Walker,3205,Right Center Back,2
Manchester City,John Stones,3244,Left Defensive Midfield,5
Manchester City,Nathan Aké,3306,Left Center Back,6
Manchester City,Phil Foden,4354,Right Wing,47
Manchester City,Rúben Santos Gato Alves Dias,5206,,3
Manchester City,Mateo Kovačić,5456,Right Center Midfield,8
Manchester City,Manuel Obafemi Akanji,5549,Center Back,25
Manchester City,Rodrigo Hernández Cascante,6765,Right Defensive Midfield,16
Manchester City,Stefan Ortega Moreno,9194,Goalkeeper,18
Manchester City,Sergio Gómez Martín,22199,,21
Manchester City,Erling Håland,23616,Center Forward,9
Manchester City,Jeremy Doku,23650,Left Wing,11
Manchester City,Julián Álvarez,29560,Left Wing,19
Manchester City,Joško Gvardiol,33018,,24
Manchester City,Matheus Luiz Nunes,40874,,27
Manchester City,Rico Lewis,48705,,82
Manchester City,Oscar Bobb,104825,,52
Liverpool,Joe Gomez,3495,Left Back,2
Liverpool,Mohamed Salah,3531,Left Center Midfield,11
Liverpool,Adrián San Miguel del Castillo,3623,,13
Liverpool,Andrew Robertson,3655,Right Back,26
Liverpool,Virgil van Dijk,3669,Left Center Back,4
Liverpool,Konstantinos Tsimikas,8489,,21
Liverpool,Cody Mathès Gakpo,20750,Center Forward,18
Liverpool,Dominik Szoboszlai,21209,Left Center Midfield,8
Liverpool,Wataru Endo,23721,Center Defensive Midfield,3
Liverpool,Harvey Elliott,24938,Right Wing,19
Liverpool,Luis Fernando Díaz Marulanda,27158,Left Wing,7
Liverpool,Alexis Mac Allister,27886,Right Center Midfield,10
Liverpool,Darwin Gabriel Núñez Ribeiro,32478,Center Forward,9
Liverpool,Caoimhin Kelleher,34959,Goalkeeper,62
Liverpool,Conor Bradley,40209,Right Back,84
Liverpool,Jarell Quansah,40908,Right Center Back,78
Liverpool,Lewis Koumas,133328,,67
Liverpool,James McConnell,133356,,53
Liverpool,Bobby Clark,136677,,42
Liverpool,Amara Nallo,338674,,65
Everton,Abdoulaye Doucouré,3292,Center Attacking Midfield,16
Everton,Michael Keane,3438,,5
Everton,Jordan Pickford,3468,Goalkeeper,1
Everton,Dominic Calvert-Lewin,3470,Center Forward,9
Everton,Ashley Young,3612,Right Defensive Midfield,18
Everton,James Tarkowski,3628,Right Center Back,6
Everton,Ben Godfrey,4076,Right Back,22
Everton,Séamus Coleman,4589,,23
Everton,Dwight McNeil,5111,Left Midfield,7
Everton,Jack Harrison,9616,Right Midfield,11
Everton,André Filipe Tavares Gomes,10802,Center Attacking Midfield,21
Everton,Vitalii Mykolenko,20827,Left Back,19
Everton,James Garner,23625,Right Defensive Midfield,37
Everton,João Manuel Neves Virginia,29378,,12
Everton,Norberto Bercique Gomes Betuncal,30006,Center Forward,14
Everton,Jarrad Branthwaite,32762,Left Center Back,32
Everton,Nathan Patterson,37338,,2
Everton,Amadou Onana,48347,Left Defensive Midfield,8
Everton,Lewis Norman Dobbin,50505,Right Midfield,61
Everton,Youssef Ramalho Chermiti,149581,Left Back,28
Manchester United,Christian Dannemann Eriksen,3043,,14
Manchester United,Marcus Rashford,3318,Left Midfield,10
Manchester United,Scott McTominay,3620,Right Center Midfield,39
Manchester United,Victor Nilsson Lindelöf,3702,Left Back,2
Manchester United,Bruno Miguel Borges Fernandes,5204,Center Forward,8
Manchester United,Sofyan Amrabat,5234,Left Center Midfield,4
Manchester United,Raphaël Varane,5485,Left Center Back,19
Manchester United,Carlos Henrique Casimiro,5539,Center Defensive Midfield,18
Manchester United,André Onana,8064,Goalkeeper,24
Manchester United,Jonathan Grant Evans,11012,Right Center Back,35
Manchester United,José Diogo Dalot Teixeira,16028,Right Back,20
Manchester United,Antony Matheus dos Santos,25363,Right Midfield,21
Manchester United,Altay Bayındır,30442,,1
Manchester United,Amad Diallo Traoré,32784,,16
Manchester United,Alejandro Garnacho Ferreyra,52129,Right Midfield,17
Manchester United,Dermot Mee,52134,,45
Manchester United,Kobbie Mainoo,99174,Left Center Midfield,37
Manchester United,Willy Kambwala Ndengushi,144086,Right Center Back,53
Manchester United,Habeeb Ogunneye,165918,,75
Manchester United,Tobias Christopher Collyer,241998,,65
Sheffield United,Oliver McBurnie,3332,Left Center Forward,9
Sheffield United,Tom Davies,3652,Right Center Midfield,22
Sheffield United,George Baldock,4571,Right Center Back,2
Sheffield United,Ben Osborn,4732,Left Wing Back,23
Sheffield United,Ben Brereton Díaz,4735,Right Center Forward,11
Sheffield United,Jack Robinson,10485,Left Center Back,19
Sheffield United,Oliver James Norwood,11013,Right Defensive Midfield,16
Sheffield United,Jayden Bogle,11896,Right Wing Back,20
Sheffield United,Auston Trusty,12359,Center Back,5
Sheffield United,Gustavo Hamer,15304,Left Center Midfield,8
Sheffield United,Wesley Foderingham,21018,,18
Sheffield United,Anel Ahmedhodžić,27652,Right Wing Back,15
Sheffield United,Ivo Grbić,29342,Goalkeeper,13
Sheffield United,Vinicius de Souza Costa,32587,Left Defensive Midfield,21
Sheffield United,Yasser Larouci,34793,,27
Sheffield United,James McAtee,49667,Center Forward,28
Sheffield United,William Idamudia Daugaard Osula,121254,Center Forward,32
Sheffield United,Sam Curtis,133908,,29
Sheffield United,Andre Brooks,153124,,35
Sheffield United,Oliver Luke Arblaster,214746,Center Defensive Midfield,24
AFC Bournemouth,Philip Billing,3331,Left Defensive Midfield,29
AFC Bournemouth,Dominic Solanke,3614,Center Forward,9
AFC Bournemouth,Lewis Cook,3615,Right Defensive Midfield,4
AFC Bournemouth,Marcus Tavernier,4111,Left Wing,16
AFC Bournemouth,Chris Mepham,4767,Right Center Back,6
AFC Bournemouth,Adam Smith,6409,Right Back,15
AFC Bournemouth,Norberto Murara Neto,6590,Goalkeeper,1
AFC Bournemouth,Enes Ünal,6760,Center Attacking Midfield,26
AFC Bournemouth,Justin Kluivert,8063,Center Attacking Midfield,19
AFC Bournemouth,Antoine Semenyo,9286,Right Wing,24
AFC Bournemouth,Ryan Christie,12510,Left Defensive Midfield,10
AFC Bournemouth,Tyler Adams,12751,,18
AFC Bournemouth,Luis Fernando Sinisterra Lucumí,16184,Left Wing,17
AFC Bournemouth,Romain Faivre,22319,,8
AFC Bournemouth,Mark Travers,24937,,42
AFC Bournemouth,Illia Zabarnyi,39136,Left Center Back,27
AFC Bournemouth,Milos Kerkez,89635,Left Back,3
AFC Bournemouth,Alex Scott,91951,Right Defensive Midfield,14
AFC Bournemouth,Dango Aboubacar Faissal Ouattara,95042,Left Back,11
AFC Bournemouth,Maxwell Kinsey-Wellings,357872,,48
Burnley,Jack Frank Porteous Cork,3462,,4
Burnley,Charles James Taylor,3627,Left Back,3
Burnley,Jay Rodriguez,3685,,9
Burnley,Johann Berg Guðmunds­son,3720,Right Wing,7
Burnley,Josh Cullen,4837,Right Defensive Midfield,24
Burnley,Jacob Bruun Larsen,8961,Left Midfield,34
Burnley,Joshua Brownhill,9607,Left Center Forward,8
Burnley,Arijanet Murić,16234,,49
Burnley,Sander Berge,16553,Left Defensive Midfield,16
Burnley,Dara Joseph O'Shea,18753,Right Center Back,2
Burnley,Mike Trésor Ndayishimiye,21889,,31
Burnley,Hannes Delcroix,22219,Center Back,44
Burnley,Manuel Benson Hedilazio,23897,,10
Burnley,Victor Alexander da Silva,24016,Right Midfield,22
Burnley,Lorenz Assignon,39245,Right Back,20
Burnley,James Trafford,42298,Goalkeeper,1
Burnley,Mohamed Zeki Amdouni,48335,,25
Burnley,David Datro Fofana,89326,Right Center Forward,23
Burnley,Maxime Esteve,112254,Left Center Back,33
Burnley,Wilson Odobert,151924,Left Center Forward,47
West Ham United,Aaron Cresswell,3062,Left Back,3
West Ham United,Łukasz Fabiański,3262,,1
West Ham United,James Ward-Prowse,3328,Center Attacking Midfield,7
West Ham United,Michail Antonio,3349,Center Forward,9
West Ham United,Alphonse Areola,3379,Goalkeeper,23
West Ham United,Kurt Happy Zouma,3456,,4
West Ham United,Daniel William John Ings,3654,Left Center Back,18
West Ham United,Angelo Obinze Ogbonna,3843,,21
West Ham United,Kalvin Phillips,4706,Left Defensive Midfield,11
West Ham United,Konstantinos Mavropanos,4781,Right Center Back,15
West Ham United,Tomáš Souček,4870,Right Defensive Midfield,28
West Ham United,Edson Omar Álvarez Velázquez,5567,Left Defensive Midfield,19
West Ham United,Jarrod Bowen,9640,Center Forward,20
West Ham United,Nayef Aguerd,12149,Left Center Back,27
West Ham United,Vladimír Coufal,16570,Right Back,5
West Ham United,Mohammed Kudus,17033,Right Wing,14
West Ham United,Lucas Tolentino Coelho de Lima,22600,Left Wing,10
West Ham United,Benjamin Johnson,23626,,2
West Ham United,Divin Mubama,141121,,45
West Ham United,George Earthy,141125,,40
Fulham,Willian Borges da Silva,3472,Center Attacking Midfield,20
Fulham,Alex Iwobi,3647,Left Wing,22
Fulham,Kenny Tete,3798,,2
Fulham,Marek Rodák,4152,,1
Fulham,Antonee Robinson,4614,Left Back,33
Fulham,Saša Lukić,6687,Left Defensive Midfield,28
Fulham,Andreas Hoelgebaum Pereira,6846,Center Attacking Midfield,18
Fulham,Timothy Castagne,6989,Right Back,21
Fulham,Harry Wilson,9540,Right Wing,8
Fulham,Oluwatosin Adarabioyo,9650,Right Center Back,4
Fulham,Bobby Armani De Cordova-Reid,9923,,14
Fulham,Tom Cairney,10284,Right Defensive Midfield,10
Fulham,Adama Traoré Diarra,11333,Right Wing,11
Fulham,Harrison Reed,11936,Right Defensive Midfield,6
Fulham,João Maria Lobo Alves Palhinha Gonçalves,12169,Center Defensive Midfield,26
Fulham,Bernd Leno,15581,Goalkeeper,17
Fulham,Tim Ream,18242,,13
Fulham,Armando Broja,36885,Right Back,9
Fulham,Calvin Bassey Ughelumba,43779,Left Center Back,3
Fulham,Rodrigo Muniz Carvalho,49049,Center Forward,19
Wolverhampton Wanderers,Mario Lemina,3951,Right Defensive Midfield,5
Wolverhampton Wanderers,Daniel Bentley,4773,,25
Wolverhampton Wanderers,Nélson Cabral Semedo,6374,Right Back,22
Wolverhampton Wanderers,Pablo Sarabia García,6720,Center Attacking Midfield,21
Wolverhampton Wanderers,Matt Doherty,9925,Left Wing Back,2
Wolverhampton Wanderers,Rayan Aït Nouri,12111,Left Back,3
Wolverhampton Wanderers,José Pedro Malheiro de Sá,18866,Goalkeeper,1
Wolverhampton Wanderers,Jean-Ricner Bellegarde,19718,Left Wing,27
Wolverhampton Wanderers,Pedro Lomba Neto,23256,Right Wing,7
Wolverhampton Wanderers,Maximilian William Kilman,24940,Left Center Back,23
Wolverhampton Wanderers,Thomas Doyle,34789,Right Defensive Midfield,20
Wolverhampton Wanderers,Santiago Ignacio Bueno Sciutto,41138,Right Center Back,4
Wolverhampton Wanderers,João Victor Gomes da Silva,48720,Left Defensive Midfield,8
Wolverhampton Wanderers,Tote António Gomes,48941,Left Center Back,24
Wolverhampton Wanderers,Boubacar Traore,58878,,6
Wolverhampton Wanderers,Hugo Bueno,82220,,17
Wolverhampton Wanderers,Nathan Fraser,133454,Center Forward,63
Wolverhampton Wanderers,Tawanda Chirewa,142702,,62
Wolverhampton Wanderers,Noha Lemina,144069,,14
Wolverhampton Wanderers,Leon Chiwome,298630,,84
Brentford,Mathias Jørgensen Jatta,3027,Right Center Back,13
Brentford,Ivan Toney,3834,Left Center Forward,17
Brentford,Neal Maupay,4766,Left Center Forward,7
Brentford,Saman Ghoddos,5240,Center Defensive Midfield,14
Brentford,Christian Nørgaard,7097,Center Defensive Midfield,6
Brentford,Yoane Wissa,7294,Right Center Forward,11
Brentford,Thomas Strakosha,7789,,21
Brentford,Kristoffer Vassbakk Ajer,10532,Center Back,20
Brentford,Shandon Baptiste,11403,,26
Brentford,Vitaly Janelt,12074,Left Center Midfield,27
Brentford,Mathias Jensen,18722,Center Defensive Midfield,8
Brentford,Mads Roerslev,24440,Right Wing Back,30
Brentford,Mikkel Damsgaard,24443,Right Center Back,24
Brentford,Frank Onyeka,24467,Right Center Midfield,15
Brentford,Nathan Michael Collins,24824,Left Center Back,22
Brentford,Mark Flekken,25000,Goalkeeper,1
Brentford,Keane Lewis-Potter,32928,Left Wing Back,23
Brentford,Ehor Yarmolyuk,45803,Right Center Midfield,33
Brentford,Ji-Soo Kim,255191,,36
Brentford,Benjamin Arthur,304292,,50
Arsenal,Gabriel Fernando de Jesus,3202,Center Forward,9
Arsenal,Cédric Ricardo Alves Soares,3329,,17
Arsenal,Reiss Nelson,3571,Left Wing,24
Arsenal,Oleksandr Zinchenko,3575,Left Back,35
Arsenal,Edward Nketiah,3737,,14
Arsenal,Declan Rice,3943,Left Center Midfield,41
Arsenal,Thomas Teye Partey,6383,Right Center Midfield,5
Arsenal,Gabriel dos Santos Magalhães,6406,Left Center Back,6
Arsenal,Jorge Luiz Frello Filho,7024,Center Defensive Midfield,20
Arsenal,Martin Ødegaard,8252,Right Center Midfield,8
Arsenal,Kai Havertz,8966,Center Forward,29
Arsenal,Leandro Trossard,16559,Left Wing,19
Arsenal,Emile Smith Rowe,16591,,10
Arsenal,William Saliba,17592,Right Center Back,2
Arsenal,Bukayo Saka,22084,Right Wing,7
Arsenal,Aaron Ramsdale,22783,Goalkeeper,1
Arsenal,Ben White,22809,Right Back,4
Arsenal,Fabio Daniel Ferreira Vieira,39162,,21
Arsenal,Jakub Piotr Kiwior,44166,Left Back,15
Arsenal,Karl Jakob Hein,46809,,31
Brentford,Mathias Jørgensen Jatta,3027,Right Center Back,13
Brentford,Ivan Toney,3834,Right Center Forward,17
Brentford,Neal Maupay,4766,Left Center Midfield,7
Brentford,Bryan Mbeumo,4935,Left Center Forward,19
Brentford,Saman Ghoddos,5240,,14
Brentford,Yoane Wissa,7294,Left Center Forward,11
Brentford,Thomas Strakosha,7789,,21
Brentford,Kristoffer Vassbakk Ajer,10532,Center Back,20
Brentford,Shandon Baptiste,11403,Center Defensive Midfield,26
Brentford,Vitaly Janelt,12074,Center Defensive Midfield,27
Brentford,Sergio Reguilón Rodríguez,18620,Left Wing Back,12
Brentford,Mathias Jensen,18722,Left Center Midfield,8
Brentford,Mads Roerslev,24440,Right Wing Back,30
Brentford,Mikkel Damsgaard,24443,,24
Brentford,Frank Onyeka,24467,Right Center Midfield,15
Brentford,Nathan Michael Collins,24824,Left Center Back,22
Brentford,Mark Flekken,25000,Goalkeeper,1
Brentford,Keane Lewis-Potter,32928,Left Back,23
Brentford,Ehor Yarmolyuk,45803,Right Center Midfield,33
Brentford,Ji-Soo Kim,255191,,36
Burnley,Jack Frank Porteous Cork,3462,,4
Burnley,Charles James Taylor,3627,Left Back,3
Burnley,Jay Rodriguez,3685,,9
Burnley,Johann Berg Guðmunds­son,3720,,7
Burnley,Josh Cullen,4837,Right Defensive Midfield,24
Burnley,Jacob Bruun Larsen,8961,Left Midfield,34
Burnley,Joshua Brownhill,9607,Center Attacking Midfield,8
Burnley,Arijanet Murić,16234,Goalkeeper,49
Burnley,Sander Berge,16553,Left Defensive Midfield,16
Burnley,Dara Joseph O'Shea,18753,Right Center Back,2
Burnley,Manuel Benson Hedilazio,23897,,10
Burnley,Victor Alexander da Silva,24016,Right Midfield,22
Burnley,Lyle Foster,29840,Center Forward,17
Burnley,Lorenz Assignon,39245,Right Back,20
Burnley,Hjalmar Ekdal,41208,,18
Burnley,James Trafford,42298,,1
Burnley,Mohamed Zeki Amdouni,48335,Left Midfield,25
Burnley,David Datro Fofana,89326,Center Forward,23
Burnley,Maxime Esteve,112254,Left Center Back,33
Burnley,Wilson Odobert,151924,Center Attacking Midfield,47
Chelsea,Raheem Sterling,3233,Left Wing,7
Chelsea,Thiago Emiliano da Silva,3295,Right Wing Back,6
Chelsea,Axel Disasi,7439,Right Center Back,2
Chelsea,Trevoh Chalobah,9026,Center Back,14
Chelsea,Marcus Bettinelli,12258,,13
Chelsea,Marc Cucurella Saseta,17620,Left Back,3
Chelsea,Benoît Badiashile Mukinayi,21368,Left Center Back,5
Chelsea,Conor Gallagher,29399,Center Attacking Midfield,23
Chelsea,Chukwunonso Madueke,31506,Right Wing,11
Chelsea,Đorđe Petrović,32565,Goalkeeper,28
Chelsea,Moisés Isaac Caicedo Corozo,37726,Left Defensive Midfield,25
Chelsea,Enzo Fernandez,38718,Right Defensive Midfield,8
Chelsea,Mykhailo Mudryk,39483,Left Wing,10
Chelsea,Cesare Casadei,44736,Right Wing,31
Chelsea,Nicolas Jackson,50497,Center Forward,15
Chelsea,Carney Chukwuemeka,89986,,17
Chelsea,Alfie Gilchrist,109640,Right Back,42
Chelsea,Jimi Tauriainen,134084,,49
Chelsea,Deivid Washington de Souza Eugênio,271873,,36
Chelsea,Kiano Dyer,315976,,78
Arsenal,Gabriel Fernando de Jesus,3202,Center Forward,9
Arsenal,Oleksandr Zinchenko,3575,Left Back,35
Arsenal,Edward Nketiah,3737,,14
Arsenal,Declan Rice,3943,Left Center Midfield,41
Arsenal,David Raya Martin,4127,Goalkeeper,22
Arsenal,Thomas Teye Partey,6383,Center Defensive Midfield,5
Arsenal,Gabriel dos Santos Magalhães,6406,Left Center Back,6
Arsenal,Jorge Luiz Frello Filho,7024,Center Defensive Midfield,20
Arsenal,Martin Ødegaard,8252,Right Center Midfield,8
Arsenal,Kai Havertz,8966,Center Forward,29
Arsenal,Leandro Trossard,16559,Left Wing,19
Arsenal,Emile Smith Rowe,16591,,10
Arsenal,William Saliba,17592,Right Center Back,2
Arsenal,Bukayo Saka,22084,Right Wing,7
Arsenal,Aaron Ramsdale,22783,,1
Arsenal,Ben White,22809,Right Back,4
Arsenal,Takehiro Tomiyasu,23730,Left Back,18
Arsenal,Gabriel Teodoro Martinelli Silva,29976,Left Wing,11
Arsenal,Fabio Daniel Ferreira Vieira,39162,Right Wing,21
Arsenal,Jakub Piotr Kiwior,44166,,15
Manchester City,Ederson Santana de Moraes,3067,Goalkeeper,31
Manchester City,Kevin De Bruyne,3089,Center Attacking Midfield,17
Manchester City,Bernardo Mota Veiga de Carvalho e Silva,3193,Right Wing,20
Manchester City,Kyle Walker,3205,Right Back,2
Manchester City,John Stones,3244,,5
Manchester City,Nathan Aké,3306,Left Center Back,6
Manchester City,Phil Foden,4354,Left Wing,47
Manchester City,Rúben Santos Gato Alves Dias,5206,,3
Manchester City,Mateo Kovačić,5456,Left Defensive Midfield,8
Manchester City,Manuel Obafemi Akanji,5549,Right Center Back,25
Manchester City,Rodrigo Hernández Cascante,6765,Right Defensive Midfield,16
Manchester City,Stefan Ortega Moreno,9194,,18
Manchester City,Jack Grealish,9638,Left Wing,10
Manchester City,Sergio Gómez Martín,22199,Left Center Midfield,21
Manchester City,Jeremy Doku,23650,Right Wing,11
Manchester City,Julián Álvarez,29560,Center Forward,19
Manchester City,Joško Gvardiol,33018,Left Back,24
Manchester City,Matheus Luiz Nunes,40874,Center Attacking Midfield,27
Manchester City,Rico Lewis,48705,Right Back,82
Manchester City,Oscar Bobb,104825,,52
Brighton & Hove Albion,Lewis Dunk,3088,Left Center Back,5
Brighton & Hove Albion,Pascal Groß,3097,Left Center Forward,13
Brighton & Hove Albion,Daniel Nii Tackie Mensah Welbeck,3569,Right Attacking Midfield,18
Brighton & Hove Albion,Adam David Lallana,4090,Right Center Forward,14
Brighton & Hove Albion,Joël Veltman,8067,Right Back,34
Brighton & Hove Albion,Adam Webster,9601,,4
Brighton & Hove Albion,Igor Julio dos Santos de Paulo,9741,Left Back,3
Brighton & Hove Albion,João Pedro Junqueira de Jesus,25299,Left Attacking Midfield,9
Brighton & Hove Albion,Jakub Moder,29480,Left Defensive Midfield,15
Brighton & Hove Albion,Jan Paul van Hecke,30691,Right Center Back,29
Brighton & Hove Albion,Anssumane Fati,30756,,31
Brighton & Hove Albion,Bart Verbruggen,37274,,1
Brighton & Hove Albion,Julio César Enciso Espínola,47112,,10
Brighton & Hove Albion,Jason Steele,47553,Goalkeeper,23
Brighton & Hove Albion,Simon Adingra,105392,Right Wing,24
Brighton & Hove Albion,Valentín Barco,130655,Left Back,19
Brighton & Hove Albion,Odeluga Offiah,134392,Right Back,42
Brighton & Hove Albion,Facundo Valentín Buonanotte,196954,,40
Brighton & Hove Albion,Carlos Baleba,226169,Right Defensive Midfield,20
Brighton & Hove Albion,Mark O’Mahony,374448,Right Center Forward,55
Newcastle United,Matt Ritchie,3049,Right Wing Back,11
Newcastle United,Paul Dummett,3065,,3
Newcastle United,Jacob Murphy,3273,Right Wing Back,23
Newcastle United,Callum Wilson,3616,Right Wing Back,9
Newcastle United,Loris Karius,3630,,18
Newcastle United,Martin Dúbravka,3711,Goalkeeper,1
Newcastle United,Dan Burn,3864,Left Center Back,33
Newcastle United,Sean Longstaff,4031,Right Defensive Midfield,36
Newcastle United,Harvey Lewis Barnes,4718,Left Attacking Midfield,15
Newcastle United,Fabian Lukas Schär,5537,Center Back,5
Newcastle United,Emil Krafth,6358,Right Center Back,17
Newcastle United,Alexander Isak,8819,Center Forward,14
Newcastle United,Bruno Guimarães Rodriguez Moura,25142,Left Defensive Midfield,39
Newcastle United,Anthony Gordon,28104,Right Attacking Midfield,10
Newcastle United,Joe White,29381,Right Defensive Midfield,40
Newcastle United,Valentino Livramento,39241,,21
Newcastle United,Elliot Anderson,49702,Left Wing Back,32
Newcastle United,Ben Parkinson,134050,,63
Newcastle United,Lewis Hall,134092,Left Attacking Midfield,20
Newcastle United,Alex Murphy,406072,,54
Crystal Palace,James Tomkins,3316,,5
Crystal Palace,Joel Ward,3443,Right Wing Back,2
Crystal Palace,Jordan Ayew,3450,Right Attacking Midfield,9
Crystal Palace,Jeffrey Schlupp,3520,Left Attacking Midfield,15
Crystal Palace,Jaïro Riedewald,3591,Right Defensive Midfield,44
Crystal Palace,Remi Matthews,4059,,31
Crystal Palace,Dean Henderson,4073,Goalkeeper,30
Crystal Palace,Will Hughes,4588,Left Defensive Midfield,19
Crystal Palace,Nathaniel Edwin Clyne,4590,Right Center Back,17
Crystal Palace,Jean-Philippe Mateta,7403,Center Forward,14
Crystal Palace,Joachim Andersen,8247,Center Back,16
Crystal Palace,Eberechi Eze,9000,Left Attacking Midfield,10
Crystal Palace,Odsonne Édouard,10544,,22
Crystal Palace,Michael Olise,24215,Right Attacking Midfield,7
Crystal Palace,Daniel Muñoz Mejía,27423,Right Wing Back,12
Crystal Palace,Naouirou Ahamada,39413,,29
Crystal Palace,Chris Richards,41266,Left Center Back,26
Crystal Palace,Tyrick Mitchell,41437,Left Wing Back,3
Crystal Palace,Adam Wharton,77723,Right Defensive Midfield,20
Crystal Palace,David Ozoh,138813,,52
Liverpool,Joe Gomez,3495,Right Back,2
Liverpool,Mohamed Salah,3531,Right Wing,11
Liverpool,Andrew Robertson,3655,Left Back,26
Liverpool,Trent Alexander-Arnold,3664,Right Back,66
Liverpool,Virgil van Dijk,3669,Left Center Back,4
Liverpool,Alisson Ramsés Becker,5547,Goalkeeper,1
Liverpool,Konstantinos Tsimikas,8489,Left Back,21
Liverpool,Ibrahima Konaté,11135,Right Center Back,5
Liverpool,Dominik Szoboszlai,21209,Right Center Midfield,8
Liverpool,Ryan Gravenberch,23230,,38
Liverpool,Wataru Endo,23721,Right Center Midfield,3
Liverpool,Harvey Elliott,24938,Left Center Midfield,19
Liverpool,Luis Fernando Díaz Marulanda,27158,Left Wing,7
Liverpool,Alexis Mac Allister,27886,Center Defensive Midfield,10
Liverpool,Darwin Gabriel Núñez Ribeiro,32478,Center Forward,9
Liverpool,Curtis Jones,33231,Left Center Midfield,17
Liverpool,Caoimhin Kelleher,34959,,62
Liverpool,Jarell Quansah,40908,Right Center Back,78
Liverpool,Jayden Danns,133323,,76
Liverpool,Bobby Clark,136677,,42
Everton,Abdoulaye Doucouré,3292,Left Center Midfield,16
Everton,Idrissa Gana Gueye,3436,Center Defensive Midfield,27
Everton,Michael Keane,3438,,5
Everton,Jordan Pickford,3468,Goalkeeper,1
Everton,Dominic Calvert-Lewin,3470,Center Forward,9
Everton,Ashley Young,3612,Left Back,18
Everton,James Tarkowski,3628,Right Center Back,6
Everton,Ben Godfrey,4076,Right Back,22
Everton,Dwight McNeil,5111,Left Midfield,7
Everton,Jack Harrison,9616,Right Midfield,11
Everton,André Filipe Tavares Gomes,10802,,21
Everton,Arnaut Danjuma Groeneveld,16284,,10
Everton,Vitalii Mykolenko,20827,Left Back,19
Everton,James Garner,23625,Right Center Midfield,37
Everton,João Manuel Neves Virginia,29378,,12
Everton,Jarrad Branthwaite,32762,Left Center Back,32
Everton,Lewis Warrington,47257,,51
Everton,Amadou Onana,48347,Center Defensive Midfield,8
Everton,Mackenzie Hunt,49671,,58
Everton,Youssef Ramalho Chermiti,149581,Center Forward,28
Tottenham Hotspur,Heung-Min Son,3083,Center Forward,7
Tottenham Hotspur,Ben Davies,3086,,33
Tottenham Hotspur,Richarlison de Andrade,3280,Right Wing,9
Tottenham Hotspur,Giovani Lo Celso,3313,Right Center Forward,18
Tottenham Hotspur,Pierre-Emile Højbjerg,3570,Right Defensive Midfield,5
Tottenham Hotspur,Yves Bissouma,4385,Right Defensive Midfield,8
Tottenham Hotspur,Rodrigo Bentancur Colmán,5260,Center Attacking Midfield,30
Tottenham Hotspur,Timo Werner,5557,Left Defensive Midfield,16
Tottenham Hotspur,James Maddison,9905,Center Attacking Midfield,10
Tottenham Hotspur,Pedro Antonio Porro Sauceda,11292,Right Back,23
Tottenham Hotspur,Cristian Gabriel Romero,20572,Right Center Back,17
Tottenham Hotspur,Oliver Skipp,22145,,4
Tottenham Hotspur,Dejan Kulusevski,22818,Right Wing,21
Tottenham Hotspur,Emerson Aparecido Leite de Souza Junior,23522,,12
Tottenham Hotspur,Brennan Johnson,29377,Left Wing,22
Tottenham Hotspur,Guglielmo Vicario,31225,Goalkeeper,13
Tottenham Hotspur,Radu Drăgușin,39615,Left Center Back,6
Tottenham Hotspur,Brandon Austin,48123,,40
Tottenham Hotspur,Iyenoma Destiny Udogie,48461,Left Back,38
Tottenham Hotspur,Pape Matar Sarr,50498,Left Defensive Midfield,29
Fulham,Willian Borges da Silva,3472,Left Wing,20
Fulham,Alex Iwobi,3647,Right Wing,22
Fulham,Kenny Tete,3798,Right Back,2
Fulham,Marek Rodák,4152,,1
Fulham,Antonee Robinson,4614,Left Back,33
Fulham,Raúl Alonso Jiménez Rodríguez,5568,Center Forward,7
Fulham,Saša Lukić,6687,Right Defensive Midfield,28
Fulham,Andreas Hoelgebaum Pereira,6846,Center Attacking Midfield,18
Fulham,Timothy Castagne,6989,Right Back,21
Fulham,Harry Wilson,9540,Center Attacking Midfield,8
Fulham,Oluwatosin Adarabioyo,9650,Right Center Back,4
Fulham,Bobby Armani De Cordova-Reid,9923,Center Attacking Midfield,14
Fulham,Tom Cairney,10284,,10
Fulham,Adama Traoré Diarra,11333,,11
Fulham,Harrison Reed,11936,Right Defensive Midfield,6
Fulham,João Maria Lobo Alves Palhinha Gonçalves,12169,Left Defensive Midfield,26
Fulham,Bernd Leno,15581,Goalkeeper,17
Fulham,Tim Ream,18242,,13
Fulham,Calvin Bassey Ughelumba,43779,Left Center Back,3
Fulham,Rodrigo Muniz Carvalho,49049,Center Forward,19
Nottingham Forest,Ibrahim Sangaré,3017,Left Defensive Midfield,6
Nottingham Forest,Chris Wood,3505,Center Forward,11
Nottingham Forest,Cheikhou Kouyaté,3684,,8
Nottingham Forest,Ryan Yates,4239,Right Defensive Midfield,22
Nottingham Forest,Callum Hudson-Odoi,4274,Right Wing,14
Nottingham Forest,Divock Okoth Origi,4747,Right Wing,27
Nottingham Forest,Harry Toffolo,6555,Left Back,15
Nottingham Forest,Willy Boly,9933,Right Center Back,30
Nottingham Forest,Morgan Gibbs-White,9934,Center Attacking Midfield,10
Nottingham Forest,Matz Sels,10479,Goalkeeper,26
Nottingham Forest,Felipe Augusto de Almeida Monteiro,11167,Center Forward,18
Nottingham Forest,Matthew Charles Turner,12352,,1
Nottingham Forest,Nicolás Martín Domínguez,28672,Center Forward,16
Nottingham Forest,Giovanni Reyna,34339,,20
Nottingham Forest,Neco Williams,34794,Right Back,7
Nottingham Forest,Danilo dos Santos de Oliveira,46451,,28
Nottingham Forest,Anthony Elanga,50991,Left Wing,21
Nottingham Forest,Andrew Omobamidele,58467,,32
Nottingham Forest,Rodrigo Duarte Ribeiro,149579,,37
Nottingham Forest,Murillo Santiago Costa dos Santos,271487,Left Center Back,40
Luton Town,Andros Townsend,3297,Right Defensive Midfield,30
Luton Town,Carlton Morris,4220,Center Forward,9
Luton Town,Ross Barkley,4275,Left Defensive Midfield,6
Luton Town,Reece Burke,4605,Right Center Back,16
Luton Town,Jordan Clark,9442,Right Attacking Midfield,18
Luton Town,Timothy Michael Krul,9467,,23
Luton Town,Pelly Ruddock Mpanzu,9674,Right Defensive Midfield,17
Luton Town,James Shea,11720,,1
Luton Town,Chiedozie Ogbene,13306,Right Wing Back,7
Luton Town,Cauley Woodrow,21090,Left Attacking Midfield,10
Luton Town,Luke Berry,22175,Right Defensive Midfield,8
Luton Town,Tahith Chong,23636,Left Attacking Midfield,14
Luton Town,Thomas Kaminski,23741,Goalkeeper,24
Luton Town,Alfie Doughty,33074,Left Wing Back,45
Luton Town,Issa Kabore,35471,Left Center Back,12
Luton Town,Daiki Hashioka,37249,,27
Luton Town,Teden Mengi,43604,Center Back,15
Luton Town,Zack Nelson,332827,,43
Luton Town,Axel Piesold,426678,,44
Luton Town,Dominic dos Santos Martins,428276,,48
Aston Villa,Youri Tielemans,2954,Right Defensive Midfield,8
Aston Villa,Diego Carlos Santos Silva,3366,,3
Aston Villa,Calum Chambers,3713,,16
Aston Villa,Ezri Konsa Ngoyo,3822,Right Back,4
Aston Villa,Matty Cash,4734,Right Back,2
Aston Villa,Ollie Watkins,4760,Left Center Forward,11
Aston Villa,Robin Olsen,5622,,25
Aston Villa,Douglas Luiz Soares de Paulo,6574,Left Defensive Midfield,6
Aston Villa,Clément Lenglet,6826,Right Center Back,17
Aston Villa,Lucas Digne,6849,Left Back,12
Aston Villa,Pau Francisco Torres,6892,Left Center Back,14
Aston Villa,Damián Emiliano Martínez,6909,Goalkeeper,1
Aston Villa,Leon Bailey Butler,8214,Right Midfield,31
Aston Villa,Moussa Diaby,8292,Right Center Forward,19
Aston Villa,Alejandro Moreno Lopera,11538,Left Back,15
Aston Villa,Nicolò Zaniolo,16062,Left Midfield,22
Aston Villa,Jhon Jáder Durán Palacio,30976,Right Center Forward,24
Aston Villa,Morgan Rogers,39354,Left Midfield,27
Aston Villa,Kaine Kesler-Hayden,93376,,29
Aston Villa,Tim Iroegbunam,113387,,47
West Ham United,Aaron Cresswell,3062,Left Back,3
West Ham United,Łukasz Fabiański,3262,,1
West Ham United,James Ward-Prowse,3328,Left Center Forward,7
West Ham United,Michail Antonio,3349,Center Forward,9
West Ham United,Alphonse Areola,3379,Goalkeeper,23
West Ham United,Kurt Happy Zouma,3456,Left Center Back,4
West Ham United,Daniel William John Ings,3654,,18
West Ham United,Angelo Obinze Ogbonna,3843,,21
West Ham United,Emerson Palmieri dos Santos,4355,Left Back,33
West Ham United,Kalvin Phillips,4706,,11
West Ham United,Konstantinos Mavropanos,4781,Right Center Back,15
West Ham United,Tomáš Souček,4870,Left Defensive Midfield,28
West Ham United,Edson Omar Álvarez Velázquez,5567,Right Defensive Midfield,19
West Ham United,Jarrod Bowen,9640,Right Wing,20
West Ham United,Nayef Aguerd,12149,,27
West Ham United,Vladimír Coufal,16570,Right Back,5
West Ham United,Mohammed Kudus,17033,Left Wing,14
West Ham United,Lucas Tolentino Coelho de Lima,22600,Center Attacking Midfield,10
West Ham United,Benjamin Johnson,23626,Center Forward,2
West Ham United,George Earthy,141125,,40
AFC Bournemouth,Philip Billing,3331,,29
AFC Bournemouth,Dominic Solanke,3614,Center Forward,9
AFC Bournemouth,Lewis Cook,3615,Right Defensive Midfield,4
AFC Bournemouth,Adam Smith,6409,Right Back,15
AFC Bournemouth,Norberto Murara Neto,6590,,1
AFC Bournemouth,Enes Ünal,6760,Center Forward,26
AFC Bournemouth,Justin Kluivert,8063,Left Wing,19
AFC Bournemouth,Antoine Semenyo,9286,Right Wing,24
AFC Bournemouth,Lloyd Kelly,9938,Center Attacking Midfield,5
AFC Bournemouth,Ryan Christie,12510,Left Defensive Midfield,10
AFC Bournemouth,Maximillian James Aarons,16689,,37
AFC Bournemouth,James Hill,24867,Left Center Back,23
AFC Bournemouth,Mark Travers,24937,Goalkeeper,42
AFC Bournemouth,Marcos Senesi,27773,Left Center Back,25
AFC Bournemouth,Illia Zabarnyi,39136,Right Center Back,27
AFC Bournemouth,Milos Kerkez,89635,Left Back,3
AFC Bournemouth,Alex Scott,91951,Center Attacking Midfield,14
AFC Bournemouth,Dango Aboubacar Faissal Ouattara,95042,Left Wing,11
AFC Bournemouth,Dominic Sadi,304175,,49
AFC Bournemouth,Michael Dacosta Gonzales,357874,,50
Wolverhampton Wanderers,Mario Lemina,3951,Center Defensive Midfield,5
Wolverhampton Wanderers,Daniel Bentley,4773,,25
Wolverhampton Wanderers,Hee-Chan Hwang,5620,Center Forward,11
Wolverhampton Wanderers,Nélson Cabral Semedo,6374,Right Back,22
Wolverhampton Wanderers,Pablo Sarabia García,6720,Right Midfield,21
Wolverhampton Wanderers,Matt Doherty,9925,Right Wing Back,2
Wolverhampton Wanderers,Rayan Aït Nouri,12111,Left Midfield,3
Wolverhampton Wanderers,Matheus Santos Carneiro da Cunha,12425,Left Center Midfield,12
Wolverhampton Wanderers,José Pedro Malheiro de Sá,18866,Goalkeeper,1
Wolverhampton Wanderers,Maximilian William Kilman,24940,Left Center Back,23
Wolverhampton Wanderers,Thomas Doyle,34789,Left Center Midfield,20
Wolverhampton Wanderers,Santiago Ignacio Bueno Sciutto,41138,Right Center Back,4
Wolverhampton Wanderers,João Victor Gomes da Silva,48720,Right Center Midfield,8
Wolverhampton Wanderers,Tote António Gomes,48941,Left Back,24
Wolverhampton Wanderers,Boubacar Traore,58878,Right Defensive Midfield,6
Wolverhampton Wanderers,Hugo Bueno,82220,,17
Wolverhampton Wanderers,Nathan Fraser,133454,Left Center Back,63
Wolverhampton Wanderers,Tawanda Chirewa,142702,Right Attacking Midfield,62
Wolverhampton Wanderers,Fletcher Holman,346675,,37
Wolverhampton Wanderers,Wesley Okoduwa,382459,,61
Sheffield United,Mason Holgate,3640,Right Center Back,30
Sheffield United,Ben Osborn,4732,Left Wing Back,23
Sheffield United,Ben Brereton Díaz,4735,Left Center Forward,11
Sheffield United,Oliver James Norwood,11013,Right Wing Back,16
Sheffield United,Jayden Bogle,11896,Right Wing Back,20
Sheffield United,Auston Trusty,12359,Left Center Back,5
Sheffield United,Gustavo Hamer,15304,Right Center Midfield,8
Sheffield United,Wesley Foderingham,21018,Goalkeeper,18
Sheffield United,Anel Ahmedhodžić,27652,Center Back,15
Sheffield United,Ivo Grbić,29342,,13
Sheffield United,Vinicius de Souza Costa,32587,Left Defensive Midfield,21
Sheffield United,Yasser Larouci,34793,,27
Sheffield United,Anis Ben Slimane,35592,,25
Sheffield United,James McAtee,49667,Center Forward,28
Sheffield United,Cameron Archer,50563,Right Center Forward,10
Sheffield United,William Idamudia Daugaard Osula,121254,Center Forward,32
Sheffield United,Sam Curtis,133908,,29
Sheffield United,Andre Brooks,153124,Left Center Midfield,35
Sheffield United,Owen Hampson,183645,,44
Sheffield United,Oliver Luke Arblaster,214746,Center Defensive Midfield,24
Manchester United,Christian Dannemann Eriksen,3043,Left Defensive Midfield,14
Manchester United,Harry Maguire,3336,Left Center Back,5
Manchester United,Scott McTominay,3620,Center Defensive Midfield,39
Manchester United,Aaron Wan-Bissaka,3690,Right Back,29
Manchester United,Bruno Miguel Borges Fernandes,5204,Center Attacking Midfield,8
Manchester United,Sofyan Amrabat,5234,Center Defensive Midfield,4
Manchester United,Carlos Henrique Casimiro,5539,Right Center Back,18
Manchester United,André Onana,8064,Goalkeeper,24
Manchester United,José Diogo Dalot Teixeira,16028,Left Back,20
Manchester United,Antony Matheus dos Santos,25363,Right Wing,21
Manchester United,Altay Bayındır,30442,,1
Manchester United,Amad Diallo Traoré,32784,Right Wing,16
Manchester United,Rasmus Winther Højlund,51672,Center Forward,11
Manchester United,Omari Forson,52120,,62
Manchester United,Alejandro Garnacho Ferreyra,52129,Left Wing,17
Manchester United,Louis Jackson,57546,,78
Manchester United,Kobbie Mainoo,99174,Right Defensive Midfield,37
Manchester United,Habeeb Ogunneye,165918,,75
Manchester United,Ethan Wheatley,306934,Center Forward,84
Manchester United,Harry Amass,354570,,70
Brighton & Hove Albion,Lewis Dunk,3088,Left Center Back,5
Brighton & Hove Albion,Pascal Groß,3097,Left Defensive Midfield,13
Brighton & Hove Albion,Daniel Nii Tackie Mensah Welbeck,3569,Center Forward,18
Brighton & Hove Albion,Adam David Lallana,4090,Center Attacking Midfield,14
Brighton & Hove Albion,Joël Veltman,8067,Right Back,34
Brighton & Hove Albion,Adam Webster,9601,,4
Brighton & Hove Albion,Igor Julio dos Santos de Paulo,9741,,3
Brighton & Hove Albion,Pervis Josué Estupiñán Tenorio,24085,Left Back,30
Brighton & Hove Albion,Jakub Moder,29480,Center Attacking Midfield,15
Brighton & Hove Albion,Jan Paul van Hecke,30691,Right Center Back,29
Brighton & Hove Albion,Anssumane Fati,30756,,31
Brighton & Hove Albion,Tariq Lamptey,33602,Right Wing,2
Brighton & Hove Albion,Bart Verbruggen,37274,Goalkeeper,1
Brighton & Hove Albion,Jason Steele,47553,,23
Brighton & Hove Albion,Evan Ferguson,51156,Center Forward,28
Brighton & Hove Albion,Simon Adingra,105392,Left Wing,24
Brighton & Hove Albion,Valentín Barco,130655,Left Back,19
Brighton & Hove Albion,Samy Chouchane,155305,,48
Brighton & Hove Albion,Facundo Valentín Buonanotte,196954,Right Wing,40
Brighton & Hove Albion,Carlos Baleba,226169,Right Defensive Midfield,20
Liverpool,Joe Gomez,3495,Left Back,2
Liverpool,Mohamed Salah,3531,Right Wing,11
Liverpool,Adrián San Miguel del Castillo,3623,,13
Liverpool,Virgil van Dijk,3669,Left Center Back,4
Liverpool,Konstantinos Tsimikas,8489,,21
Liverpool,Ibrahima Konaté,11135,,5
Liverpool,Cody Mathès Gakpo,20750,Left Wing,18
Liverpool,Dominik Szoboszlai,21209,Left Center Midfield,8
Liverpool,Ryan Gravenberch,23230,Left Center Midfield,38
Liverpool,Wataru Endo,23721,Center Defensive Midfield,3
Liverpool,Harvey Elliott,24938,Center Forward,19
Liverpool,Luis Fernando Díaz Marulanda,27158,Left Wing,7
Liverpool,Alexis Mac Allister,27886,Right Center Midfield,10
Liverpool,Darwin Gabriel Núñez Ribeiro,32478,Center Forward,9
Liverpool,Caoimhin Kelleher,34959,Goalkeeper,62
Liverpool,Conor Bradley,40209,Right Back,84
Liverpool,Jarell Quansah,40908,Right Center Back,78
Liverpool,Jayden Danns,133323,,76
Liverpool,James McConnell,133356,,53
Liverpool,Bobby Clark,136677,,42
Wolverhampton Wanderers,Mario Lemina,3951,Left Attacking Midfield,5
Wolverhampton Wanderers,Daniel Bentley,4773,,25
Wolverhampton Wanderers,Nélson Cabral Semedo,6374,Right Wing Back,22
Wolverhampton Wanderers,Pablo Sarabia García,6720,Right Attacking Midfield,21
Wolverhampton Wanderers,Matt Doherty,9925,Right Wing Back,2
Wolverhampton Wanderers,Rayan Aït Nouri,12111,Left Wing Back,3
Wolverhampton Wanderers,José Pedro Malheiro de Sá,18866,Goalkeeper,1
Wolverhampton Wanderers,Maximilian William Kilman,24940,Center Back,23
Wolverhampton Wanderers,Thomas Doyle,34789,Right Defensive Midfield,20
Wolverhampton Wanderers,Santiago Ignacio Bueno Sciutto,41138,Right Center Back,4
Wolverhampton Wanderers,João Victor Gomes da Silva,48720,Left Defensive Midfield,8
Wolverhampton Wanderers,Tote António Gomes,48941,Left Center Back,24
Wolverhampton Wanderers,Boubacar Traore,58878,Right Defensive Midfield,6
Wolverhampton Wanderers,Hugo Bueno,82220,Left Wing Back,17
Wolverhampton Wanderers,Ty Barnett,133451,,45
Wolverhampton Wanderers,Nathan Fraser,133454,Center Forward,63
Wolverhampton Wanderers,Tawanda Chirewa,142702,Right Defensive Midfield,62
Wolverhampton Wanderers,Noha Lemina,144069,,14
Wolverhampton Wanderers,Leon Chiwome,298630,Center Forward,84
Wolverhampton Wanderers,Fletcher Holman,346675,,37
Aston Villa,Youri Tielemans,2954,Right Defensive Midfield,8
Aston Villa,Diego Carlos Santos Silva,3366,Right Center Back,3
Aston Villa,Calum Chambers,3713,,16
Aston Villa,Ezri Konsa Ngoyo,3822,Right Back,4
Aston Villa,Ollie Watkins,4760,Left Center Forward,11
Aston Villa,Robin Olsen,5622,,25
Aston Villa,Douglas Luiz Soares de Paulo,6574,Left Defensive Midfield,6
Aston Villa,Clément Lenglet,6826,,17
Aston Villa,Lucas Digne,6849,Left Back,12
Aston Villa,Pau Francisco Torres,6892,Left Center Back,14
Aston Villa,Damián Emiliano Martínez,6909,Goalkeeper,1
Aston Villa,Leon Bailey Butler,8214,Right Midfield,31
Aston Villa,Moussa Diaby,8292,Right Center Forward,19
Aston Villa,Alejandro Moreno Lopera,11538,Left Back,15
Aston Villa,Nicolò Zaniolo,16062,Left Midfield,22
Aston Villa,Jhon Jáder Durán Palacio,30976,Left Center Forward,24
Aston Villa,Morgan Rogers,39354,Left Midfield,27
Aston Villa,Kaine Kesler-Hayden,93376,Right Wing,29
Aston Villa,Tim Iroegbunam,113387,Right Center Forward,47
Aston Villa,Omari Kellyman,332163,,71
Manchester United,Christian Dannemann Eriksen,3043,,14
Manchester United,Marcus Rashford,3318,Left Wing,10
Manchester United,Harry Maguire,3336,Right Center Back,5
Manchester United,Scott McTominay,3620,Right Defensive Midfield,39
Manchester United,Aaron Wan-Bissaka,3690,Left Back,29
Manchester United,Victor Nilsson Lindelöf,3702,Right Center Back,2
Manchester United,Tom Heaton,4693,,22
Manchester United,Bruno Miguel Borges Fernandes,5204,Center Attacking Midfield,8
Manchester United,Sofyan Amrabat,5234,,4
Manchester United,Raphaël Varane,5485,Left Center Back,19
Manchester United,Carlos Henrique Casimiro,5539,Left Defensive Midfield,18
Manchester United,Mason Mount,7843,Left Wing,7
Manchester United,André Onana,8064,Goalkeeper,24
Manchester United,José Diogo Dalot Teixeira,16028,Right Back,20
Manchester United,Antony Matheus dos Santos,25363,Right Wing,21
Manchester United,Lisandro Martínez,27768,Left Center Back,6
Manchester United,Rasmus Winther Højlund,51672,Center Forward,11
Manchester United,Alejandro Garnacho Ferreyra,52129,Right Wing,17
Manchester United,Kobbie Mainoo,99174,Left Defensive Midfield,37
Manchester United,Willy Kambwala Ndengushi,144086,,53
Brentford,Mathias Jørgensen Jatta,3027,Right Center Back,13
Brentford,Ivan Toney,3834,Right Center Forward,17
Brentford,Neal Maupay,4766,Right Wing Back,7
Brentford,Bryan Mbeumo,4935,Left Center Forward,19
Brentford,Saman Ghoddos,5240,Left Wing Back,14
Brentford,Yoane Wissa,7294,Left Center Forward,11
Brentford,Thomas Strakosha,7789,,21
Brentford,Kristoffer Vassbakk Ajer,10532,Center Back,20
Brentford,Shandon Baptiste,11403,,26
Brentford,Vitaly Janelt,12074,Center Defensive Midfield,27
Brentford,Mathias Jensen,18722,Right Center Midfield,8
Brentford,Mads Roerslev,24440,Right Wing Back,30
Brentford,Mikkel Damsgaard,24443,Left Center Midfield,24
Brentford,Frank Onyeka,24467,,15
Brentford,Nathan Michael Collins,24824,Left Center Back,22
Brentford,Mark Flekken,25000,Goalkeeper,1
Brentford,Keane Lewis-Potter,32928,Left Wing Back,23
Brentford,Ehor Yarmolyuk,45803,Left Center Midfield,33
Brentford,Ji-Soo Kim,255191,,36
Brentford,Ryan Trevitt,304184,,32
Burnley,Jack Frank Porteous Cork,3462,,4
Burnley,Charles James Taylor,3627,Right Center Forward,3
Burnley,Jay Rodriguez,3685,Center Forward,9
Burnley,Johann Berg Guðmunds­son,3720,Right Midfield,7
Burnley,Josh Cullen,4837,Right Defensive Midfield,24
Burnley,Jacob Bruun Larsen,8961,Right Midfield,34
Burnley,Joshua Brownhill,9607,Left Midfield,8
Burnley,Arijanet Murić,16234,Goalkeeper,49
Burnley,Sander Berge,16553,Left Defensive Midfield,16
Burnley,Dara Joseph O'Shea,18753,Right Center Back,2
Burnley,Mike Trésor Ndayishimiye,21889,,31
Burnley,Manuel Benson Hedilazio,23897,,10
Burnley,Victor Alexander da Silva,24016,Left Back,22
Burnley,Lyle Foster,29840,Left Center Forward,17
Burnley,Lorenz Assignon,39245,Right Back,20
Burnley,Hjalmar Ekdal,41208,,18
Burnley,James Trafford,42298,,1
Burnley,Mohamed Zeki Amdouni,48335,Right Center Forward,25
Burnley,Maxime Esteve,112254,Left Center Back,33
Burnley,Wilson Odobert,151924,Left Midfield,47
Chelsea,Raheem Sterling,3233,Right Defensive Midfield,7
Chelsea,Thiago Emiliano da Silva,3295,,6
Chelsea,Axel Disasi,7439,Right Center Back,2
Chelsea,Marcus Bettinelli,12258,,13
Chelsea,Marc Cucurella Saseta,17620,Left Back,3
Chelsea,Benoît Badiashile Mukinayi,21368,Left Center Back,5
Chelsea,Conor Gallagher,29399,Center Attacking Midfield,23
Chelsea,Chukwunonso Madueke,31506,Right Wing,11
Chelsea,Đorđe Petrović,32565,Goalkeeper,28
Chelsea,Moisés Isaac Caicedo Corozo,37726,Right Defensive Midfield,25
Chelsea,Enzo Fernandez,38718,Left Defensive Midfield,8
Chelsea,Malo Gusto,39260,Right Back,27
Chelsea,Cole Palmer,39461,Right Wing,20
Chelsea,Mykhailo Mudryk,39483,Left Wing,10
Chelsea,Cesare Casadei,44736,,31
Chelsea,Nicolas Jackson,50497,Center Forward,15
Chelsea,Alfie Gilchrist,109640,Right Back,42
Chelsea,Jimi Tauriainen,134084,,49
Chelsea,Deivid Washington de Souza Eugênio,271873,,36
Chelsea,Joshua Kofi Acheampong,333939,,63
Arsenal,Gabriel Fernando de Jesus,3202,Left Wing,9
Arsenal,Oleksandr Zinchenko,3575,,35
Arsenal,Edward Nketiah,3737,,14
Arsenal,Declan Rice,3943,Left Center Midfield,41
Arsenal,David Raya Martin,4127,Goalkeeper,22
Arsenal,Thomas Teye Partey,6383,Center Defensive Midfield,5
Arsenal,Gabriel dos Santos Magalhães,6406,Left Center Back,6
Arsenal,Jorge Luiz Frello Filho,7024,Center Defensive Midfield,20
Arsenal,Martin Ødegaard,8252,Right Center Midfield,8
Arsenal,Kai Havertz,8966,Center Forward,29
Arsenal,Leandro Trossard,16559,Left Wing,19
Arsenal,Emile Smith Rowe,16591,,10
Arsenal,William Saliba,17592,Right Center Back,2
Arsenal,Bukayo Saka,22084,Right Wing,7
Arsenal,Aaron Ramsdale,22783,,1
Arsenal,Ben White,22809,Right Back,4
Arsenal,Takehiro Tomiyasu,23730,Left Back,18
Arsenal,Gabriel Teodoro Martinelli Silva,29976,Right Wing,11
Arsenal,Fabio Daniel Ferreira Vieira,39162,,21
Arsenal,Jakub Piotr Kiwior,44166,Left Back,15
Manchester City,Kevin De Bruyne,3089,Right Center Midfield,17
Manchester City,Bernardo Mota Veiga de Carvalho e Silva,3193,Right Midfield,20
Manchester City,John Stones,3244,,5
Manchester City,Nathan Aké,3306,Left Center Back,6
Manchester City,Phil Foden,4354,Left Midfield,47
Manchester City,Scott Carson,4815,,33
Manchester City,Rúben Santos Gato Alves Dias,5206,Right Center Back,3
Manchester City,Mateo Kovačić,5456,Left Center Midfield,8
Manchester City,Manuel Obafemi Akanji,5549,Right Back,25
Manchester City,Rodrigo Hernández Cascante,6765,Center Defensive Midfield,16
Manchester City,Stefan Ortega Moreno,9194,Goalkeeper,18
Manchester City,Jack Grealish,9638,Left Center Midfield,10
Manchester City,Sergio Gómez Martín,22199,,21
Manchester City,Erling Håland,23616,Center Forward,9
Manchester City,Jeremy Doku,23650,Left Midfield,11
Manchester City,Julián Álvarez,29560,,19
Manchester City,Joško Gvardiol,33018,Left Back,24
Manchester City,Matheus Luiz Nunes,40874,,27
Manchester City,Rico Lewis,48705,Left Center Back,82
Manchester City,Oscar Bobb,104825,,52
Everton,Abdoulaye Doucouré,3292,Center Attacking Midfield,16
Everton,Idrissa Gana Gueye,3436,,27
Everton,Michael Keane,3438,,5
Everton,Jordan Pickford,3468,Goalkeeper,1
Everton,Dominic Calvert-Lewin,3470,Center Forward,9
Everton,Ashley Young,3612,Left Midfield,18
Everton,James Tarkowski,3628,Right Center Back,6
Everton,Ben Godfrey,4076,Left Back,22
Everton,Séamus Coleman,4589,Right Back,23
Everton,Dwight McNeil,5111,Left Midfield,7
Everton,Jack Harrison,9616,Right Midfield,11
Everton,André Filipe Tavares Gomes,10802,Center Attacking Midfield,21
Everton,James Garner,23625,Left Defensive Midfield,37
Everton,João Manuel Neves Virginia,29378,,12
Everton,Norberto Bercique Gomes Betuncal,30006,Right Defensive Midfield,14
Everton,Jarrad Branthwaite,32762,Left Center Back,32
Everton,Nathan Patterson,37338,,2
Everton,Lewis Warrington,47257,,51
Everton,Amadou Onana,48347,Right Defensive Midfield,8
Everton,Youssef Ramalho Chermiti,149581,,28
AFC Bournemouth,Philip Billing,3331,Center Attacking Midfield,29
AFC Bournemouth,Dominic Solanke,3614,Center Forward,9
AFC Bournemouth,Lewis Cook,3615,Left Defensive Midfield,4
AFC Bournemouth,Marcus Tavernier,4111,Left Wing,16
AFC Bournemouth,Chris Mepham,4767,Left Center Back,6
AFC Bournemouth,Adam Smith,6409,Right Back,15
AFC Bournemouth,Norberto Murara Neto,6590,Goalkeeper,1
AFC Bournemouth,Enes Ünal,6760,Center Forward,26
AFC Bournemouth,Justin Kluivert,8063,Center Attacking Midfield,19
AFC Bournemouth,Antoine Semenyo,9286,Right Wing,24
AFC Bournemouth,Lloyd Kelly,9938,Left Back,5
AFC Bournemouth,Tyler Adams,12751,Right Defensive Midfield,18
AFC Bournemouth,Maximillian James Aarons,16689,,37
AFC Bournemouth,Romain Faivre,22319,,8
AFC Bournemouth,James Hill,24867,,23
AFC Bournemouth,Mark Travers,24937,,42
AFC Bournemouth,Illia Zabarnyi,39136,Right Center Back,27
AFC Bournemouth,Milos Kerkez,89635,Left Back,3
AFC Bournemouth,Alex Scott,91951,,14
AFC Bournemouth,Dango Aboubacar Faissal Ouattara,95042,Left Wing,11
Luton Town,Andros Townsend,3297,Right Center Forward,30
Luton Town,Carlton Morris,4220,Left Center Forward,9
Luton Town,Ross Barkley,4275,Center Attacking Midfield,6
Luton Town,Reece Burke,4605,Right Center Back,16
Luton Town,Jordan Clark,9442,Right Center Midfield,18
Luton Town,Timothy Michael Krul,9467,,23
Luton Town,Pelly Ruddock Mpanzu,9674,Center Defensive Midfield,17
Luton Town,James Shea,11720,,1
Luton Town,Fred Onyedinma,13249,Left Center Midfield,32
Luton Town,Cauley Woodrow,21090,Left Back,10
Luton Town,Luke Berry,22175,Right Center Midfield,8
Luton Town,Tahith Chong,23636,Left Center Midfield,14
Luton Town,Thomas Kaminski,23741,Goalkeeper,24
Luton Town,Alfie Doughty,33074,Left Back,45
Luton Town,Issa Kabore,35471,Right Back,12
Luton Town,Daiki Hashioka,37249,Right Center Back,27
Luton Town,Teden Mengi,43604,Left Center Back,15
Luton Town,Zack Nelson,332827,,43
Luton Town,Joseph Nathan Johnson,393324,,38
Luton Town,Axel Piesold,426678,,44
Tottenham Hotspur,Heung-Min Son,3083,Center Forward,7
Tottenham Hotspur,Ben Davies,3086,,33
Tottenham Hotspur,Richarlison de Andrade,3280,Center Defensive Midfield,9
Tottenham Hotspur,Giovani Lo Celso,3313,Left Center Midfield,18
Tottenham Hotspur,Pierre-Emile Højbjerg,3570,Center Defensive Midfield,5
Tottenham Hotspur,Yves Bissouma,4385,Left Defensive Midfield,8
Tottenham Hotspur,Rodrigo Bentancur Colmán,5260,Right Center Midfield,30
Tottenham Hotspur,Timo Werner,5557,Left Wing,16
Tottenham Hotspur,James Maddison,9905,Center Attacking Midfield,10
Tottenham Hotspur,Pedro Antonio Porro Sauceda,11292,Right Back,23
Tottenham Hotspur,Cristian Gabriel Romero,20572,Right Center Back,17
Tottenham Hotspur,Dejan Kulusevski,22818,Right Wing,21
Tottenham Hotspur,Emerson Aparecido Leite de Souza Junior,23522,,12
Tottenham Hotspur,Brennan Johnson,29377,Right Wing,22
Tottenham Hotspur,Guglielmo Vicario,31225,Goalkeeper,13
Tottenham Hotspur,Micky van de Ven,32547,,37
Tottenham Hotspur,Radu Drăgușin,39615,Left Center Back,6
Tottenham Hotspur,Brandon Austin,48123,,40
Tottenham Hotspur,Iyenoma Destiny Udogie,48461,Left Back,38
Tottenham Hotspur,Pape Matar Sarr,50498,Right Defensive Midfield,29
Crystal Palace,James Tomkins,3316,,5
Crystal Palace,Joel Ward,3443,Right Center Back,2
Crystal Palace,Jordan Ayew,3450,Right Attacking Midfield,9
Crystal Palace,Jeffrey Schlupp,3520,Right Attacking Midfield,15
Crystal Palace,Remi Matthews,4059,,31
Crystal Palace,Dean Henderson,4073,Goalkeeper,30
Crystal Palace,Will Hughes,4588,Right Defensive Midfield,19
Crystal Palace,Nathaniel Edwin Clyne,4590,Left Wing Back,17
Crystal Palace,Jefferson Andrés Lerma Solís,5678,Left Defensive Midfield,8
Crystal Palace,Jean-Philippe Mateta,7403,Center Forward,14
Crystal Palace,Joachim Andersen,8247,Center Back,16
Crystal Palace,Eberechi Eze,9000,Left Attacking Midfield,10
Crystal Palace,Daniel Muñoz Mejía,27423,Right Wing Back,12
Crystal Palace,Naouirou Ahamada,39413,,29
Crystal Palace,Chris Richards,41266,Left Center Back,26
Crystal Palace,Tyrick Mitchell,41437,Left Wing Back,3
Crystal Palace,Adam Wharton,77723,Right Defensive Midfield,20
Crystal Palace,Roshaun Mathurin,133184,,61
Crystal Palace,David Ozoh,138813,,52
Crystal Palace,Franco Umeh-Chibueze,386028,,55
Nottingham Forest,Ibrahim Sangaré,3017,Left Defensive Midfield,6
Nottingham Forest,Chris Wood,3505,Center Forward,11
Nottingham Forest,Ryan Yates,4239,Right Defensive Midfield,22
Nottingham Forest,Callum Hudson-Odoi,4274,Left Wing,14
Nottingham Forest,Divock Okoth Origi,4747,Right Wing,27
Nottingham Forest,Harry Toffolo,6555,Left Back,15
Nottingham Forest,Morgan Gibbs-White,9934,Center Attacking Midfield,10
Nottingham Forest,Matz Sels,10479,Goalkeeper,26
Nottingham Forest,Felipe Augusto de Almeida Monteiro,11167,Right Center Back,18
Nottingham Forest,Temitayo Olufisayo Olaoluwa Aina,11492,Left Back,43
Nottingham Forest,Matthew Charles Turner,12352,,1
Nottingham Forest,Gonzalo Ariel Montiel,28263,,29
Nottingham Forest,Nicolás Martín Domínguez,28672,,16
Nottingham Forest,Giovanni Reyna,34339,Right Wing,20
Nottingham Forest,Neco Williams,34794,Right Back,7
Nottingham Forest,Danilo dos Santos de Oliveira,46451,,28
Nottingham Forest,Anthony Elanga,50991,Center Attacking Midfield,21
Nottingham Forest,Andrew Omobamidele,58467,,32
Nottingham Forest,Rodrigo Duarte Ribeiro,149579,,37
Nottingham Forest,Murillo Santiago Costa dos Santos,271487,Left Center Back,40
West Ham United,Aaron Cresswell,3062,,3
West Ham United,Gnaly Maxwell Cornet,3162,,17
West Ham United,Łukasz Fabiański,3262,Goalkeeper,1
West Ham United,James Ward-Prowse,3328,Left Defensive Midfield,7
West Ham United,Michail Antonio,3349,Center Forward,9
West Ham United,Alphonse Areola,3379,Goalkeeper,23
West Ham United,Kurt Happy Zouma,3456,Left Center Back,4
West Ham United,Daniel William John Ings,3654,Right Back,18
West Ham United,Angelo Obinze Ogbonna,3843,,21
West Ham United,Emerson Palmieri dos Santos,4355,Left Back,33
West Ham United,Kalvin Phillips,4706,Center Forward,11
West Ham United,Konstantinos Mavropanos,4781,Right Center Back,15
West Ham United,Tomáš Souček,4870,Right Defensive Midfield,28
West Ham United,Jarrod Bowen,9640,Right Wing,20
West Ham United,Vladimír Coufal,16570,Right Back,5
West Ham United,Mohammed Kudus,17033,Left Wing,14
West Ham United,Lucas Tolentino Coelho de Lima,22600,Center Attacking Midfield,10
West Ham United,Benjamin Johnson,23626,Center Attacking Midfield,2
West Ham United,Divin Mubama,141121,,45
West Ham United,George Earthy,141125,,40
Newcastle United,Matt Ritchie,3049,,11
Newcastle United,Paul Dummett,3065,,3
Newcastle United,Jamaal Lascelles,3081,Right Center Back,6
Newcastle United,Jacob Murphy,3273,Right Wing,23
Newcastle United,Loris Karius,3630,,18
Newcastle United,Martin Dúbravka,3711,Goalkeeper,1
Newcastle United,Dan Burn,3864,Left Back,33
Newcastle United,Sean Longstaff,4031,Right Center Midfield,36
Newcastle United,Joseph Willock,4625,Left Center Midfield,28
Newcastle United,Harvey Lewis Barnes,4718,Right Wing,15
Newcastle United,Fabian Lukas Schär,5537,Left Center Back,5
Newcastle United,Emil Krafth,6358,Right Back,17
Newcastle United,Alexander Isak,8819,Center Forward,14
Newcastle United,Miguel Ángel Almirón Rejala,12603,Left Back,24
Newcastle United,Bruno Guimarães Rodriguez Moura,25142,Center Defensive Midfield,39
Newcastle United,Anthony Gordon,28104,Left Wing,10
Newcastle United,Joe White,29381,,40
Newcastle United,Valentino Livramento,39241,Right Back,21
Newcastle United,Elliot Anderson,49702,Left Center Midfield,32
Newcastle United,Lewis Hall,134092,Right Back,20
Fulham,Willian Borges da Silva,3472,Left Wing,20
Fulham,Alex Iwobi,3647,Right Wing,22
Fulham,Kenny Tete,3798,Right Back,2
Fulham,Marek Rodák,4152,,1
Fulham,Antonee Robinson,4614,Left Back,33
Fulham,Raúl Alonso Jiménez Rodríguez,5568,Right Center Back,7
Fulham,Saša Lukić,6687,Right Defensive Midfield,28
Fulham,Andreas Hoelgebaum Pereira,6846,Center Attacking Midfield,18
Fulham,Timothy Castagne,6989,Right Back,21
Fulham,Harry Wilson,9540,,8
Fulham,Oluwatosin Adarabioyo,9650,Right Center Back,4
Fulham,Bobby Armani De Cordova-Reid,9923,Right Center Midfield,14
Fulham,Tom Cairney,10284,Left Center Midfield,10
Fulham,Adama Traoré Diarra,11333,Right Defensive Midfield,11
Fulham,Harrison Reed,11936,,6
Fulham,João Maria Lobo Alves Palhinha Gonçalves,12169,Left Defensive Midfield,26
Fulham,Bernd Leno,15581,Goalkeeper,17
Fulham,Tim Ream,18242,,13
Fulham,Calvin Bassey Ughelumba,43779,Left Center Back,3
Fulham,Rodrigo Muniz Carvalho,49049,Center Forward,19
Sheffield United,Oliver McBurnie,3332,Right Center Forward,9
Sheffield United,Mason Holgate,3640,Right Center Back,30
Sheffield United,Ben Osborn,4732,Left Wing Back,23
Sheffield United,Ben Brereton Díaz,4735,Left Center Forward,11
Sheffield United,Jack Robinson,10485,Left Center Back,19
Sheffield United,Oliver James Norwood,11013,Center Defensive Midfield,16
Sheffield United,Jayden Bogle,11896,Right Wing Back,20
Sheffield United,Auston Trusty,12359,Right Center Midfield,5
Sheffield United,Gustavo Hamer,15304,Left Center Midfield,8
Sheffield United,Wesley Foderingham,21018,,18
Sheffield United,Anel Ahmedhodžić,27652,Center Back,15
Sheffield United,Ivo Grbić,29342,Goalkeeper,13
Sheffield United,Vinicius de Souza Costa,32587,Right Center Midfield,21
Sheffield United,Yasser Larouci,34793,,27
Sheffield United,Anis Ben Slimane,35592,,25
Sheffield United,James McAtee,49667,Right Center Forward,28
Sheffield United,William Idamudia Daugaard Osula,121254,,32
Sheffield United,Sam Curtis,133908,,29
Sheffield United,Andre Brooks,153124,,35
Sheffield United,Oliver Luke Arblaster,214746,Center Defensive Midfield,24
Crystal Palace,James Tomkins,3316,,5
Crystal Palace,Joel Ward,3443,Right Center Back,2
Crystal Palace,Jordan Ayew,3450,Right Wing,9
Crystal Palace,Jeffrey Schlupp,3520,Right Wing,15
Crystal Palace,Remi Matthews,4059,,31
Crystal Palace,Dean Henderson,4073,Goalkeeper,30
Crystal Palace,Will Hughes,4588,Left Defensive Midfield,19
Crystal Palace,Nathaniel Edwin Clyne,4590,,17
Crystal Palace,Jefferson Andrés Lerma Solís,5678,Left Center Back,8
Crystal Palace,Jean-Philippe Mateta,7403,Center Forward,14
Crystal Palace,Joachim Andersen,8247,Center Back,16
Crystal Palace,Eberechi Eze,9000,Left Wing,10
Crystal Palace,Odsonne Édouard,10544,Right Defensive Midfield,22
Crystal Palace,Daniel Muñoz Mejía,27423,Right Wing Back,12
Crystal Palace,Naouirou Ahamada,39413,,29
Crystal Palace,Tyrick Mitchell,41437,Left Wing Back,3
Crystal Palace,Adam Wharton,77723,Right Defensive Midfield,20
Crystal Palace,Roshaun Mathurin,133184,,61
Crystal Palace,David Ozoh,138813,Left Defensive Midfield,52
Crystal Palace,Franco Umeh-Chibueze,386028,,55
AFC Bournemouth,Philip Billing,3331,Left Center Midfield,29
AFC Bournemouth,Dominic Solanke,3614,Center Forward,9
AFC Bournemouth,Lewis Cook,3615,Right Center Back,4
AFC Bournemouth,Marcus Tavernier,4111,Right Wing,16
AFC Bournemouth,Adam Smith,6409,Right Back,15
AFC Bournemouth,Norberto Murara Neto,6590,Goalkeeper,1
AFC Bournemouth,Enes Ünal,6760,Center Forward,26
AFC Bournemouth,Justin Kluivert,8063,Center Attacking Midfield,19
AFC Bournemouth,Antoine Semenyo,9286,Right Wing,24
AFC Bournemouth,Lloyd Kelly,9938,Left Back,5
AFC Bournemouth,Ryan Christie,12510,Right Center Midfield,10
AFC Bournemouth,Tyler Adams,12751,,18
AFC Bournemouth,Maximillian James Aarons,16689,Right Back,37
AFC Bournemouth,Romain Faivre,22319,,8
AFC Bournemouth,James Hill,24867,,23
AFC Bournemouth,Mark Travers,24937,,42
AFC Bournemouth,Illia Zabarnyi,39136,Left Center Back,27
AFC Bournemouth,Milos Kerkez,89635,Left Back,3
AFC Bournemouth,Alex Scott,91951,Center Defensive Midfield,14
AFC Bournemouth,Dango Aboubacar Faissal Ouattara,95042,Left Wing,11
Luton Town,Andros Townsend,3297,Right Attacking Midfield,30
Luton Town,Carlton Morris,4220,Center Forward,9
Luton Town,Ross Barkley,4275,Right Defensive Midfield,6
Luton Town,Jordan Clark,9442,Left Attacking Midfield,18
Luton Town,Timothy Michael Krul,9467,,23
Luton Town,Pelly Ruddock Mpanzu,9674,Left Defensive Midfield,17
Luton Town,James Shea,11720,,1
Luton Town,Fred Onyedinma,13249,Right Wing Back,32
Luton Town,Cauley Woodrow,21090,Right Wing Back,10
Luton Town,Luke Berry,22175,Right Attacking Midfield,8
Luton Town,Tahith Chong,23636,Left Attacking Midfield,14
Luton Town,Thomas Kaminski,23741,Goalkeeper,24
Luton Town,Alfie Doughty,33074,Left Wing Back,45
Luton Town,Issa Kabore,35471,Left Center Back,12
Luton Town,Daiki Hashioka,37249,Right Center Back,27
Luton Town,Teden Mengi,43604,Center Back,15
Luton Town,Zack Nelson,332827,,43
Luton Town,Joseph Nathan Johnson,393324,,38
Luton Town,Axel Piesold,426678,,44
Luton Town,Christian Chigozie,429906,,42
Arsenal,Gabriel Fernando de Jesus,3202,,9
Arsenal,Reiss Nelson,3571,Right Wing,24
Arsenal,Oleksandr Zinchenko,3575,Left Back,35
Arsenal,Edward Nketiah,3737,Center Forward,14
Arsenal,Declan Rice,3943,Center Defensive Midfield,41
Arsenal,David Raya Martin,4127,Goalkeeper,22
Arsenal,Thomas Teye Partey,6383,Center Defensive Midfield,5
Arsenal,Gabriel dos Santos Magalhães,6406,Left Center Back,6
Arsenal,Jorge Luiz Frello Filho,7024,Left Center Midfield,20
Arsenal,Martin Ødegaard,8252,Right Center Midfield,8
Arsenal,Kai Havertz,8966,Center Forward,29
Arsenal,Leandro Trossard,16559,Left Wing,19
Arsenal,Emile Smith Rowe,16591,Left Center Midfield,10
Arsenal,William Saliba,17592,Right Center Back,2
Arsenal,Aaron Ramsdale,22783,,1
Arsenal,Ben White,22809,Right Back,4
Arsenal,Takehiro Tomiyasu,23730,Left Back,18
Arsenal,Gabriel Teodoro Martinelli Silva,29976,Right Wing,11
Arsenal,Fabio Daniel Ferreira Vieira,39162,,21
Arsenal,Jakub Piotr Kiwior,44166,,15
Brighton & Hove Albion,Lewis Dunk,3088,Left Center Back,5
Brighton & Hove Albion,Pascal Groß,3097,Left Defensive Midfield,13
Brighton & Hove Albion,Daniel Nii Tackie Mensah Welbeck,3569,Right Wing,18
Brighton & Hove Albion,Adam David Lallana,4090,Center Attacking Midfield,14
Brighton & Hove Albion,Joël Veltman,8067,Right Back,34
Brighton & Hove Albion,Igor Julio dos Santos de Paulo,9741,Left Back,3
Brighton & Hove Albion,Pervis Josué Estupiñán Tenorio,24085,,30
Brighton & Hove Albion,João Pedro Junqueira de Jesus,25299,Center Forward,9
Brighton & Hove Albion,Jakub Moder,29480,Right Back,15
Brighton & Hove Albion,Jan Paul van Hecke,30691,Right Center Back,29
Brighton & Hove Albion,Tariq Lamptey,33602,Left Wing,2
Brighton & Hove Albion,Bart Verbruggen,37274,Goalkeeper,1
Brighton & Hove Albion,Julio César Enciso Espínola,47112,Center Attacking Midfield,10
Brighton & Hove Albion,Jason Steele,47553,,23
Brighton & Hove Albion,Simon Adingra,105392,Left Wing,24
Brighton & Hove Albion,Odeluga Offiah,134392,,42
Brighton & Hove Albion,Cameron Peupion,134921,,44
Brighton & Hove Albion,Facundo Valentín Buonanotte,196954,Right Wing,40
Brighton & Hove Albion,Carlos Baleba,226169,Right Defensive Midfield,20
Brighton & Hove Albion,Mark O’Mahony,374448,,55
Brentford,Mathias Jørgensen Jatta,3027,Right Center Back,13
Brentford,Ivan Toney,3834,Left Center Forward,17
Brentford,Neal Maupay,4766,,7
Brentford,Bryan Mbeumo,4935,Right Center Forward,19
Brentford,Saman Ghoddos,5240,,14
Brentford,Yoane Wissa,7294,Right Center Forward,11
Brentford,Thomas Strakosha,7789,,21
Brentford,Kristoffer Vassbakk Ajer,10532,Center Back,20
Brentford,Shandon Baptiste,11403,,26
Brentford,Vitaly Janelt,12074,Center Defensive Midfield,27
Brentford,Sergio Reguilón Rodríguez,18620,Left Wing Back,12
Brentford,Mathias Jensen,18722,Left Center Midfield,8
Brentford,Mads Roerslev,24440,Right Wing Back,30
Brentford,Mikkel Damsgaard,24443,Right Center Midfield,24
Brentford,Frank Onyeka,24467,Left Center Midfield,15
Brentford,Nathan Michael Collins,24824,Left Center Back,22
Brentford,Mark Flekken,25000,Goalkeeper,1
Brentford,Keane Lewis-Potter,32928,Left Wing Back,23
Brentford,Ehor Yarmolyuk,45803,Right Center Midfield,33
Brentford,Ji-Soo Kim,255191,,36
Wolverhampton Wanderers,Mario Lemina,3951,Right Defensive Midfield,5
Wolverhampton Wanderers,Daniel Bentley,4773,,25
Wolverhampton Wanderers,Nélson Cabral Semedo,6374,Right Center Back,22
Wolverhampton Wanderers,Pablo Sarabia García,6720,Right Attacking Midfield,21
Wolverhampton Wanderers,Matt Doherty,9925,Right Wing Back,2
Wolverhampton Wanderers,Rayan Aït Nouri,12111,Left Attacking Midfield,3
Wolverhampton Wanderers,Matheus Santos Carneiro da Cunha,12425,Center Forward,12
Wolverhampton Wanderers,José Pedro Malheiro de Sá,18866,Goalkeeper,1
Wolverhampton Wanderers,Maximilian William Kilman,24940,Center Back,23
Wolverhampton Wanderers,Thomas Doyle,34789,,20
Wolverhampton Wanderers,Santiago Ignacio Bueno Sciutto,41138,Left Wing Back,4
Wolverhampton Wanderers,João Victor Gomes da Silva,48720,Left Defensive Midfield,8
Wolverhampton Wanderers,Tote António Gomes,48941,Left Center Back,24
Wolverhampton Wanderers,Boubacar Traore,58878,Right Attacking Midfield,6
Wolverhampton Wanderers,Hugo Bueno,82220,Left Wing Back,17
Wolverhampton Wanderers,Ty Barnett,133451,,45
Wolverhampton Wanderers,Nathan Fraser,133454,,63
Wolverhampton Wanderers,Tawanda Chirewa,142702,,62
Wolverhampton Wanderers,Noha Lemina,144069,,14
Wolverhampton Wanderers,Leon Chiwome,298630,Center Forward,84
Burnley,Jack Frank Porteous Cork,3462,,4
Burnley,Charles James Taylor,3627,Left Back,3
Burnley,Jay Rodriguez,3685,Center Forward,9
Burnley,Johann Berg Guðmunds­son,3720,,7
Burnley,Josh Cullen,4837,Right Defensive Midfield,24
Burnley,Jacob Bruun Larsen,8961,Left Midfield,34
Burnley,Joshua Brownhill,9607,,8
Burnley,Lawrence Vigouroux,9813,,29
Burnley,Arijanet Murić,16234,Goalkeeper,49
Burnley,Sander Berge,16553,Left Defensive Midfield,16
Burnley,Dara Joseph O'Shea,18753,Right Center Back,2
Burnley,Hannes Delcroix,22219,,44
Burnley,Manuel Benson Hedilazio,23897,Right Wing,10
Burnley,Victor Alexander da Silva,24016,Right Back,22
Burnley,Lyle Foster,29840,Right Midfield,17
Burnley,Hjalmar Ekdal,41208,,18
Burnley,Mohamed Zeki Amdouni,48335,,25
Burnley,David Datro Fofana,89326,Left Center Forward,23
Burnley,Maxime Esteve,112254,Left Center Back,33
Burnley,Wilson Odobert,151924,Right Center Forward,47
Fulham,Willian Borges da Silva,3472,Right Wing,20
Fulham,Alex Iwobi,3647,Left Wing,22
Fulham,Kenny Tete,3798,Right Back,2
Fulham,Marek Rodák,4152,,1
Fulham,Antonee Robinson,4614,Left Back,33
Fulham,Raúl Alonso Jiménez Rodríguez,5568,,7
Fulham,Saša Lukić,6687,Right Defensive Midfield,28
Fulham,Andreas Hoelgebaum Pereira,6846,Center Attacking Midfield,18
Fulham,Timothy Castagne,6989,,21
Fulham,Harry Wilson,9540,Right Wing,8
Fulham,Oluwatosin Adarabioyo,9650,Right Center Back,4
Fulham,Bobby Armani De Cordova-Reid,9923,Center Attacking Midfield,14
Fulham,Tom Cairney,10284,Right Defensive Midfield,10
Fulham,Adama Traoré Diarra,11333,Left Wing,11
Fulham,Harrison Reed,11936,Right Defensive Midfield,6
Fulham,João Maria Lobo Alves Palhinha Gonçalves,12169,Left Defensive Midfield,26
Fulham,Bernd Leno,15581,Goalkeeper,17
Fulham,Tim Ream,18242,,13
Fulham,Calvin Bassey Ughelumba,43779,Left Center Back,3
Fulham,Rodrigo Muniz Carvalho,49049,Center Forward,19
Nottingham Forest,Ibrahim Sangaré,3017,,6
Nottingham Forest,Moussa Niakhate,3198,,19
Nottingham Forest,Chris Wood,3505,Center Forward,11
Nottingham Forest,Cheikhou Kouyaté,3684,,8
Nottingham Forest,Ryan Yates,4239,Right Defensive Midfield,22
Nottingham Forest,Callum Hudson-Odoi,4274,Left Wing,14
Nottingham Forest,Divock Okoth Origi,4747,Left Wing,27
Nottingham Forest,Harry Toffolo,6555,Left Back,15
Nottingham Forest,Morgan Gibbs-White,9934,Center Attacking Midfield,10
Nottingham Forest,Matz Sels,10479,Goalkeeper,26
Nottingham Forest,Temitayo Olufisayo Olaoluwa Aina,11492,Left Back,43
Nottingham Forest,Matthew Charles Turner,12352,,1
Nottingham Forest,Gonzalo Ariel Montiel,28263,,29
Nottingham Forest,Nicolás Martín Domínguez,28672,Right Wing,16
Nottingham Forest,Giovanni Reyna,34339,Center Attacking Midfield,20
Nottingham Forest,Neco Williams,34794,Right Back,7
Nottingham Forest,Danilo dos Santos de Oliveira,46451,Left Defensive Midfield,28
Nottingham Forest,Anthony Elanga,50991,Right Wing,21
Nottingham Forest,Andrew Omobamidele,58467,Right Center Back,32
Nottingham Forest,Murillo Santiago Costa dos Santos,271487,Left Center Back,40
Tottenham Hotspur,Heung-Min Son,3083,Center Forward,7
Tottenham Hotspur,Ben Davies,3086,,33
Tottenham Hotspur,Richarlison de Andrade,3280,Center Forward,9
Tottenham Hotspur,Giovani Lo Celso,3313,Right Wing,18
Tottenham Hotspur,Pierre-Emile Højbjerg,3570,Right Defensive Midfield,5
Tottenham Hotspur,Yves Bissouma,4385,Right Defensive Midfield,8
Tottenham Hotspur,Rodrigo Bentancur Colmán,5260,Left Defensive Midfield,30
Tottenham Hotspur,Timo Werner,5557,Left Wing,16
Tottenham Hotspur,James Maddison,9905,Center Attacking Midfield,10
Tottenham Hotspur,Pedro Antonio Porro Sauceda,11292,Right Back,23
Tottenham Hotspur,Cristian Gabriel Romero,20572,Right Center Back,17
Tottenham Hotspur,Dejan Kulusevski,22818,Center Attacking Midfield,21
Tottenham Hotspur,Emerson Aparecido Leite de Souza Junior,23522,,12
Tottenham Hotspur,Brennan Johnson,29377,Right Wing,22
Tottenham Hotspur,Guglielmo Vicario,31225,Goalkeeper,13
Tottenham Hotspur,Micky van de Ven,32547,Left Center Back,37
Tottenham Hotspur,Radu Drăgușin,39615,,6
Tottenham Hotspur,Brandon Austin,48123,,40
Tottenham Hotspur,Iyenoma Destiny Udogie,48461,Left Back,38
Tottenham Hotspur,Pape Matar Sarr,50498,Left Defensive Midfield,29
West Ham United,Aaron Cresswell,3062,,3
West Ham United,Gnaly Maxwell Cornet,3162,,17
West Ham United,Łukasz Fabiański,3262,Goalkeeper,1
West Ham United,James Ward-Prowse,3328,Left Center Midfield,7
West Ham United,Michail Antonio,3349,Center Forward,9
West Ham United,Kurt Happy Zouma,3456,Left Center Back,4
West Ham United,Daniel William John Ings,3654,,18
West Ham United,Angelo Obinze Ogbonna,3843,,21
West Ham United,Emerson Palmieri dos Santos,4355,Left Back,33
West Ham United,Kalvin Phillips,4706,,11
West Ham United,Konstantinos Mavropanos,4781,Right Center Back,15
West Ham United,Tomáš Souček,4870,Center Defensive Midfield,28
West Ham United,Jarrod Bowen,9640,Right Wing,20
West Ham United,Vladimír Coufal,16570,Right Back,5
West Ham United,Mohammed Kudus,17033,Left Wing,14
West Ham United,Lucas Tolentino Coelho de Lima,22600,Right Center Midfield,10
West Ham United,Benjamin Johnson,23626,,2
West Ham United,Joseph Anang,44682,,49
West Ham United,Divin Mubama,141121,,45
West Ham United,George Earthy,141125,,40
Everton,Abdoulaye Doucouré,3292,Center Attacking Midfield,16
Everton,Idrissa Gana Gueye,3436,Left Defensive Midfield,27
Everton,Michael Keane,3438,,5
Everton,Jordan Pickford,3468,Goalkeeper,1
Everton,Dominic Calvert-Lewin,3470,Center Forward,9
Everton,Ashley Young,3612,Right Midfield,18
Everton,James Tarkowski,3628,Right Center Back,6
Everton,Ben Godfrey,4076,Right Back,22
Everton,Séamus Coleman,4589,Right Back,23
Everton,Dwight McNeil,5111,Left Midfield,7
Everton,Jack Harrison,9616,,11
Everton,André Filipe Tavares Gomes,10802,Center Attacking Midfield,21
Everton,Vitalii Mykolenko,20827,Left Back,19
Everton,James Garner,23625,Left Defensive Midfield,37
Everton,João Manuel Neves Virginia,29378,,12
Everton,Norberto Bercique Gomes Betuncal,30006,Center Forward,14
Everton,Jarrad Branthwaite,32762,Left Center Back,32
Everton,Nathan Patterson,37338,,2
Everton,Amadou Onana,48347,Right Defensive Midfield,8
Everton,Youssef Ramalho Chermiti,149581,Center Forward,28
Newcastle United,Matt Ritchie,3049,,11
Newcastle United,Paul Dummett,3065,Left Back,3
Newcastle United,Mark Gillespie,3212,,29
Newcastle United,Jacob Murphy,3273,Right Wing,23
Newcastle United,Loris Karius,3630,,18
Newcastle United,Martin Dúbravka,3711,Goalkeeper,1
Newcastle United,Dan Burn,3864,Left Center Back,33
Newcastle United,Sean Longstaff,4031,Right Center Midfield,36
Newcastle United,Joseph Willock,4625,Left Center Midfield,28
Newcastle United,Harvey Lewis Barnes,4718,Left Wing,15
Newcastle United,Fabian Lukas Schär,5537,Right Center Back,5
Newcastle United,Emil Krafth,6358,Right Back,17
Newcastle United,Alexander Isak,8819,Center Forward,14
Newcastle United,Bruno Guimarães Rodriguez Moura,25142,Center Defensive Midfield,39
Newcastle United,Joe White,29381,,40
Newcastle United,Elliot Anderson,49702,Left Center Midfield,32
Newcastle United,Amadou Diallo,110771,,49
Newcastle United,Ben Parkinson,134050,,63
Newcastle United,Lewis Hall,134092,Left Back,20
Newcastle United,Alex Murphy,406072,,54
Sheffield United,Oliver McBurnie,3332,Right Center Forward,9
Sheffield United,Mason Holgate,3640,Right Center Back,30
Sheffield United,Ben Osborn,4732,Left Center Midfield,23
Sheffield United,Ben Brereton Díaz,4735,Left Center Forward,11
Sheffield United,Jack Robinson,10485,Left Center Back,19
Sheffield United,Oliver James Norwood,11013,,16
Sheffield United,Jayden Bogle,11896,Right Wing Back,20
Sheffield United,Auston Trusty,12359,Left Wing Back,5
Sheffield United,Gustavo Hamer,15304,Left Center Midfield,8
Sheffield United,Wesley Foderingham,21018,,18
Sheffield United,Anel Ahmedhodžić,27652,Center Back,15
Sheffield United,Ivo Grbić,29342,Goalkeeper,13
Sheffield United,Vinicius de Souza Costa,32587,Right Center Midfield,21
Sheffield United,Yasser Larouci,34793,,27
Sheffield United,Anis Ben Slimane,35592,Right Midfield,25
Sheffield United,James McAtee,49667,Right Center Forward,28
Sheffield United,William Idamudia Daugaard Osula,121254,Left Center Forward,32
Sheffield United,Sam Curtis,133908,,29
Sheffield United,Andre Brooks,153124,Left Center Midfield,35
Sheffield United,Oliver Luke Arblaster,214746,Center Defensive Midfield,24
Liverpool,Joe Gomez,3495,Left Back,2
Liverpool,Mohamed Salah,3531,Right Wing,11
Liverpool,Adrián San Miguel del Castillo,3623,,13
Liverpool,Andrew Robertson,3655,Left Center Midfield,26
Liverpool,Virgil van Dijk,3669,Left Center Back,4
Liverpool,Konstantinos Tsimikas,8489,,21
Liverpool,Ibrahima Konaté,11135,Right Center Back,5
Liverpool,Cody Mathès Gakpo,20750,Center Defensive Midfield,18
Liverpool,Dominik Szoboszlai,21209,Right Center Midfield,8
Liverpool,Ryan Gravenberch,23230,Left Center Midfield,38
Liverpool,Harvey Elliott,24938,Right Wing,19
Liverpool,Luis Fernando Díaz Marulanda,27158,Left Wing,7
Liverpool,Alexis Mac Allister,27886,Center Defensive Midfield,10
Liverpool,Darwin Gabriel Núñez Ribeiro,32478,Center Forward,9
Liverpool,Curtis Jones,33231,Right Center Midfield,17
Liverpool,Caoimhin Kelleher,34959,Goalkeeper,62
Liverpool,Conor Bradley,40209,Right Back,84
Liverpool,Jarell Quansah,40908,,78
Liverpool,Jayden Danns,133323,,76
Liverpool,Bobby Clark,136677,,42
Aston Villa,Youri Tielemans,2954,Right Defensive Midfield,8
Aston Villa,Diego Carlos Santos Silva,3366,Right Center Back,3
Aston Villa,Calum Chambers,3713,Left Defensive Midfield,16
Aston Villa,Ezri Konsa Ngoyo,3822,Right Back,4
Aston Villa,Robin Olsen,5622,Goalkeeper,25
Aston Villa,Douglas Luiz Soares de Paulo,6574,Left Defensive Midfield,6
Aston Villa,Clément Lenglet,6826,Left Center Back,17
Aston Villa,Lucas Digne,6849,Left Back,12
Aston Villa,Pau Francisco Torres,6892,,14
Aston Villa,Leon Bailey Butler,8214,Right Wing,31
Aston Villa,Moussa Diaby,8292,Right Wing,19
Aston Villa,Alejandro Moreno Lopera,11538,Center Forward,15
Aston Villa,Nicolò Zaniolo,16062,Left Wing,22
Aston Villa,Jhon Jáder Durán Palacio,30976,Center Forward,24
Aston Villa,Morgan Rogers,39354,Center Attacking Midfield,27
Aston Villa,Joe Gauci,44158,,18
Aston Villa,Kaine Kesler-Hayden,93376,,29
Aston Villa,Tim Iroegbunam,113387,Right Defensive Midfield,47
Aston Villa,Omari Kellyman,332163,Center Forward,71
Manchester City,Kevin De Bruyne,3089,,17
Manchester City,Bernardo Mota Veiga de Carvalho e Silva,3193,Left Center Midfield,20
Manchester City,John Stones,3244,,5
Manchester City,Phil Foden,4354,Right Center Midfield,47
Manchester City,Scott Carson,4815,,33
Manchester City,Rúben Santos Gato Alves Dias,5206,Left Center Back,3
Manchester City,Mateo Kovačić,5456,Left Center Midfield,8
Manchester City,Manuel Obafemi Akanji,5549,Right Center Back,25
Manchester City,Rodrigo Hernández Cascante,6765,Center Defensive Midfield,16
Manchester City,Stefan Ortega Moreno,9194,Goalkeeper,18
Manchester City,Jack Grealish,9638,Left Wing,10
Manchester City,Sergio Gómez Martín,22199,Right Wing,21
Manchester City,Erling Håland,23616,,9
Manchester City,Jeremy Doku,23650,Right Wing,11
Manchester City,Julián Álvarez,29560,Center Forward,19
Manchester City,Joško Gvardiol,33018,Left Back,24
Manchester City,Matheus Luiz Nunes,40874,Center Defensive Midfield,27
Manchester City,Rico Lewis,48705,Right Back,82
Manchester City,Oscar Bobb,104825,Right Center Midfield,52
Manchester City,Mahamadou Susoho,134106,,76
Manchester United,Christian Dannemann Eriksen,3043,,14
Manchester United,Marcus Rashford,3318,Center Forward,10
Manchester United,Harry Maguire,3336,Right Center Back,5
Manchester United,Scott McTominay,3620,Right Defensive Midfield,39
Manchester United,Aaron Wan-Bissaka,3690,Right Back,29
Manchester United,Tom Heaton,4693,,22
Manchester United,Bruno Miguel Borges Fernandes,5204,Center Attacking Midfield,8
Manchester United,Sofyan Amrabat,5234,,4
Manchester United,Raphaël Varane,5485,Left Center Back,19
Manchester United,Carlos Henrique Casimiro,5539,Right Defensive Midfield,18
Manchester United,Mason Mount,7843,Left Wing,7
Manchester United,André Onana,8064,Goalkeeper,24
Manchester United,Jonathan Grant Evans,11012,Left Center Back,35
Manchester United,José Diogo Dalot Teixeira,16028,Left Back,20
Manchester United,Antony Matheus dos Santos,25363,Right Wing,21
Manchester United,Amad Diallo Traoré,32784,,16
Manchester United,Rasmus Winther Højlund,51672,Center Forward,11
Manchester United,Alejandro Garnacho Ferreyra,52129,Left Wing,17
Manchester United,Kobbie Mainoo,99174,Left Defensive Midfield,37
Manchester United,Willy Kambwala Ndengushi,144086,Left Center Back,53
Chelsea,Raheem Sterling,3233,Left Wing,7
Chelsea,Thiago Emiliano da Silva,3295,,6
Chelsea,Axel Disasi,7439,Right Center Back,2
Chelsea,Trevoh Chalobah,9026,Right Center Back,14
Chelsea,Marcus Bettinelli,12258,,13
Chelsea,Marc Cucurella Saseta,17620,Left Back,3
Chelsea,Benoît Badiashile Mukinayi,21368,Left Center Back,5
Chelsea,Conor Gallagher,29399,Center Attacking Midfield,23
Chelsea,Chukwunonso Madueke,31506,Left Defensive Midfield,11
Chelsea,Đorđe Petrović,32565,Goalkeeper,28
Chelsea,Moisés Isaac Caicedo Corozo,37726,Left Defensive Midfield,25
Chelsea,Enzo Fernandez,38718,Right Defensive Midfield,8
Chelsea,Malo Gusto,39260,Right Back,27
Chelsea,Cole Palmer,39461,Right Wing,20
Chelsea,Mykhailo Mudryk,39483,Left Wing,10
Chelsea,Cesare Casadei,44736,,31
Chelsea,Nicolas Jackson,50497,Center Forward,15
Chelsea,Carney Chukwuemeka,89986,Left Defensive Midfield,17
Chelsea,Alfie Gilchrist,109640,Right Back,42
Chelsea,Jimi Tauriainen,134084,,49
Arsenal,Gabriel Fernando de Jesus,3202,Left Wing,9
Arsenal,Oleksandr Zinchenko,3575,Left Back,35
Arsenal,Edward Nketiah,3737,Center Forward,14
Arsenal,Declan Rice,3943,Left Center Midfield,41
Arsenal,David Raya Martin,4127,Goalkeeper,22
Arsenal,Thomas Teye Partey,6383,,5
Arsenal,Gabriel dos Santos Magalhães,6406,Left Center Back,6
Arsenal,Jorge Luiz Frello Filho,7024,Center Defensive Midfield,20
Arsenal,Martin Ødegaard,8252,Right Center Midfield,8
Arsenal,Kai Havertz,8966,Center Forward,29
Arsenal,Leandro Trossard,16559,Left Wing,19
Arsenal,Emile Smith Rowe,16591,,10
Arsenal,William Saliba,17592,Right Center Back,2
Arsenal,Bukayo Saka,22084,Right Wing,7
Arsenal,Aaron Ramsdale,22783,,1
Arsenal,Ben White,22809,Right Back,4
Arsenal,Takehiro Tomiyasu,23730,Left Back,18
Arsenal,Gabriel Teodoro Martinelli Silva,29976,Right Wing,11
Arsenal,Fabio Daniel Ferreira Vieira,39162,Right Center Midfield,21
Arsenal,Jakub Piotr Kiwior,44166,,15
Brighton & Hove Albion,Lewis Dunk,3088,Left Center Back,5
Brighton & Hove Albion,Pascal Groß,3097,Left Defensive Midfield,13
Brighton & Hove Albion,Daniel Nii Tackie Mensah Welbeck,3569,Center Forward,18
Brighton & Hove Albion,Adam David Lallana,4090,,14
Brighton & Hove Albion,Joël Veltman,8067,,34
Brighton & Hove Albion,Igor Julio dos Santos de Paulo,9741,,3
Brighton & Hove Albion,Pervis Josué Estupiñán Tenorio,24085,Left Back,30
Brighton & Hove Albion,João Pedro Junqueira de Jesus,25299,Left Wing,9
Brighton & Hove Albion,Jakub Moder,29480,Center Attacking Midfield,15
Brighton & Hove Albion,Jan Paul van Hecke,30691,Right Center Back,29
Brighton & Hove Albion,Anssumane Fati,30756,Center Forward,31
Brighton & Hove Albion,Tariq Lamptey,33602,Right Back,2
Brighton & Hove Albion,Bart Verbruggen,37274,Goalkeeper,1
Brighton & Hove Albion,Julio César Enciso Espínola,47112,Left Wing,10
Brighton & Hove Albion,Jason Steele,47553,,23
Brighton & Hove Albion,Simon Adingra,105392,Right Wing,24
Brighton & Hove Albion,Valentín Barco,130655,,19
Brighton & Hove Albion,Cameron Peupion,134921,,44
Brighton & Hove Albion,Facundo Valentín Buonanotte,196954,Right Wing,40
Brighton & Hove Albion,Carlos Baleba,226169,Right Defensive Midfield,20
Manchester City,Ederson Santana de Moraes,3067,,31
Manchester City,Kevin De Bruyne,3089,Left Center Midfield,17
Manchester City,Bernardo Mota Veiga de Carvalho e Silva,3193,Left Center Midfield,20
Manchester City,John Stones,3244,Right Center Back,5
Manchester City,Phil Foden,4354,,47
Manchester City,Rúben Santos Gato Alves Dias,5206,Center Back,3
Manchester City,Mateo Kovačić,5456,Left Defensive Midfield,8
Manchester City,Manuel Obafemi Akanji,5549,Left Center Back,25
Manchester City,Rodrigo Hernández Cascante,6765,Left Defensive Midfield,16
Manchester City,Stefan Ortega Moreno,9194,Goalkeeper,18
Manchester City,Jack Grealish,9638,Left Wing,10
Manchester City,Sergio Gómez Martín,22199,,21
Manchester City,Erling Håland,23616,Center Forward,9
Manchester City,Jeremy Doku,23650,,11
Manchester City,Julián Álvarez,29560,Right Center Midfield,19
Manchester City,Joško Gvardiol,33018,Left Center Back,24
Manchester City,Matheus Luiz Nunes,40874,Right Center Midfield,27
Manchester City,Rico Lewis,48705,Right Defensive Midfield,82
Manchester City,Oscar Bobb,104825,Right Wing,52
Manchester City,Mahamadou Susoho,134106,,76
Crystal Palace,James Tomkins,3316,,5
Crystal Palace,Joel Ward,3443,Right Center Back,2
Crystal Palace,Jordan Ayew,3450,Right Wing,9
Crystal Palace,Jeffrey Schlupp,3520,Left Wing,15
Crystal Palace,Remi Matthews,4059,,31
Crystal Palace,Dean Henderson,4073,Goalkeeper,30
Crystal Palace,Will Hughes,4588,Left Defensive Midfield,19
Crystal Palace,Nathaniel Edwin Clyne,4590,Left Wing Back,17
Crystal Palace,Jefferson Andrés Lerma Solís,5678,Left Center Back,8
Crystal Palace,Jean-Philippe Mateta,7403,Center Forward,14
Crystal Palace,Joachim Andersen,8247,Center Back,16
Crystal Palace,Eberechi Eze,9000,Left Wing,10
Crystal Palace,Odsonne Édouard,10544,Center Forward,22
Crystal Palace,Michael Olise,24215,Right Wing,7
Crystal Palace,Daniel Muñoz Mejía,27423,Right Wing Back,12
Crystal Palace,Naouirou Ahamada,39413,Left Defensive Midfield,29
Crystal Palace,Tyrick Mitchell,41437,Left Wing Back,3
Crystal Palace,Adam Wharton,77723,Right Defensive Midfield,20
Crystal Palace,David Ozoh,138813,,52
Crystal Palace,Franco Umeh-Chibueze,386028,,55
Burnley,Jack Frank Porteous Cork,3462,,4
Burnley,Charles James Taylor,3627,Left Back,3
Burnley,Jay Rodriguez,3685,Right Back,9
Burnley,Johann Berg Guðmunds­son,3720,Left Wing,7
Burnley,Josh Cullen,4837,Left Defensive Midfield,24
Burnley,Jacob Bruun Larsen,8961,Left Wing,34
Burnley,Joshua Brownhill,9607,Left Wing,8
Burnley,Lawrence Vigouroux,9813,,29
Burnley,Arijanet Murić,16234,Goalkeeper,49
Burnley,Sander Berge,16553,Right Defensive Midfield,16
Burnley,Dara Joseph O'Shea,18753,Right Center Back,2
Burnley,Hannes Delcroix,22219,,44
Burnley,Manuel Benson Hedilazio,23897,,10
Burnley,Victor Alexander da Silva,24016,Center Forward,22
Burnley,Lyle Foster,29840,Right Wing,17
Burnley,Lorenz Assignon,39245,Right Back,20
Burnley,Mohamed Zeki Amdouni,48335,Left Back,25
Burnley,David Datro Fofana,89326,Center Forward,23
Burnley,Maxime Esteve,112254,Left Center Back,33
Burnley,Wilson Odobert,151924,Center Attacking Midfield,47
Everton,Abdoulaye Doucouré,3292,Center Attacking Midfield,16
Everton,Michael Keane,3438,,5
Everton,Jordan Pickford,3468,Goalkeeper,1
Everton,Dominic Calvert-Lewin,3470,Center Forward,9
Everton,Ashley Young,3612,Right Midfield,18
Everton,James Tarkowski,3628,Right Center Back,6
Everton,Ben Godfrey,4076,,22
Everton,Séamus Coleman,4589,Right Back,23
Everton,Dwight McNeil,5111,Left Midfield,7
Everton,Jack Harrison,9616,Right Midfield,11
Everton,André Filipe Tavares Gomes,10802,Left Defensive Midfield,21
Everton,Vitalii Mykolenko,20827,Left Back,19
Everton,Andrew Michael Lonergan,23512,,31
Everton,James Garner,23625,Right Defensive Midfield,37
Everton,João Manuel Neves Virginia,29378,,12
Everton,Norberto Bercique Gomes Betuncal,30006,Center Forward,14
Everton,Jarrad Branthwaite,32762,Left Center Back,32
Everton,Nathan Patterson,37338,,2
Everton,Lewis Warrington,47257,,51
Everton,Youssef Ramalho Chermiti,149581,,28
Newcastle United,Matt Ritchie,3049,Right Wing,11
Newcastle United,Paul Dummett,3065,Left Back,3
Newcastle United,Mark Gillespie,3212,,29
Newcastle United,Jacob Murphy,3273,Right Wing,23
Newcastle United,Loris Karius,3630,,18
Newcastle United,Martin Dúbravka,3711,Goalkeeper,1
Newcastle United,Dan Burn,3864,Left Center Back,33
Newcastle United,Sean Longstaff,4031,Right Center Midfield,36
Newcastle United,Joseph Willock,4625,Left Center Midfield,28
Newcastle United,Harvey Lewis Barnes,4718,Right Wing,15
Newcastle United,Fabian Lukas Schär,5537,Right Center Back,5
Newcastle United,Emil Krafth,6358,Right Back,17
Newcastle United,Alexander Isak,8819,Center Forward,14
Newcastle United,Bruno Guimarães Rodriguez Moura,25142,Center Defensive Midfield,39
Newcastle United,Anthony Gordon,28104,Left Wing,10
Newcastle United,Joe White,29381,,40
Newcastle United,Elliot Anderson,49702,Left Center Midfield,32
Newcastle United,Amadou Diallo,110771,,49
Newcastle United,Lewis Hall,134092,Left Back,20
Newcastle United,Alex Murphy,406072,,54
Fulham,Willian Borges da Silva,3472,Left Wing,20
Fulham,Alex Iwobi,3647,Right Wing,22
Fulham,Marek Rodák,4152,,1
Fulham,Antonee Robinson,4614,Left Back,33
Fulham,Raúl Alonso Jiménez Rodríguez,5568,Left Center Forward,7
Fulham,Saša Lukić,6687,Right Defensive Midfield,28
Fulham,Andreas Hoelgebaum Pereira,6846,Center Attacking Midfield,18
Fulham,Timothy Castagne,6989,Right Back,21
Fulham,Harry Wilson,9540,Left Wing,8
Fulham,Oluwatosin Adarabioyo,9650,Right Center Back,4
Fulham,Bobby Armani De Cordova-Reid,9923,,14
Fulham,Tom Cairney,10284,Left Defensive Midfield,10
Fulham,Adama Traoré Diarra,11333,Right Wing,11
Fulham,Harrison Reed,11936,,6
Fulham,João Maria Lobo Alves Palhinha Gonçalves,12169,Right Defensive Midfield,26
Fulham,Bernd Leno,15581,Goalkeeper,17
Fulham,Tim Ream,18242,,13
Fulham,Armando Broja,36885,Right Center Forward,9
Fulham,Calvin Bassey Ughelumba,43779,Left Center Back,3
Fulham,Rodrigo Muniz Carvalho,49049,Center Forward,19
AFC Bournemouth,Philip Billing,3331,Center Attacking Midfield,29
AFC Bournemouth,Dominic Solanke,3614,Center Forward,9
AFC Bournemouth,Lewis Cook,3615,Right Defensive Midfield,4
AFC Bournemouth,Marcus Tavernier,4111,Right Wing,16
AFC Bournemouth,Adam Smith,6409,Right Back,15
AFC Bournemouth,Norberto Murara Neto,6590,Goalkeeper,1
AFC Bournemouth,Enes Ünal,6760,Center Forward,26
AFC Bournemouth,Justin Kluivert,8063,Center Attacking Midfield,19
AFC Bournemouth,Antoine Semenyo,9286,Left Wing,24
AFC Bournemouth,Lloyd Kelly,9938,Left Center Back,5
AFC Bournemouth,Ryan Christie,12510,Left Defensive Midfield,10
AFC Bournemouth,Maximillian James Aarons,16689,,37
AFC Bournemouth,Romain Faivre,22319,,8
AFC Bournemouth,James Hill,24867,,23
AFC Bournemouth,Mark Travers,24937,,42
AFC Bournemouth,Marcos Senesi,27773,Left Back,25
AFC Bournemouth,Illia Zabarnyi,39136,Right Center Back,27
AFC Bournemouth,Milos Kerkez,89635,Left Back,3
AFC Bournemouth,Alex Scott,91951,Right Defensive Midfield,14
AFC Bournemouth,Dango Aboubacar Faissal Ouattara,95042,Right Wing,11
Luton Town,Andros Townsend,3297,Right Attacking Midfield,30
Luton Town,Carlton Morris,4220,Center Forward,9
Luton Town,Ross Barkley,4275,Right Defensive Midfield,6
Luton Town,Reece Burke,4605,Center Back,16
Luton Town,Jordan Clark,9442,Left Defensive Midfield,18
Luton Town,Timothy Michael Krul,9467,,23
Luton Town,Pelly Ruddock Mpanzu,9674,,17
Luton Town,James Shea,11720,,1
Luton Town,Fred Onyedinma,13249,Right Attacking Midfield,32
Luton Town,Cauley Woodrow,21090,Left Wing,10
Luton Town,Luke Berry,22175,Right Wing Back,8
Luton Town,Tahith Chong,23636,Left Attacking Midfield,14
Luton Town,Thomas Kaminski,23741,Goalkeeper,24
Luton Town,Alfie Doughty,33074,Left Wing Back,45
Luton Town,Issa Kabore,35471,Right Center Back,12
Luton Town,Daiki Hashioka,37249,Right Wing Back,27
Luton Town,Teden Mengi,43604,Left Center Back,15
Luton Town,Zack Nelson,332827,,43
Luton Town,Joseph Nathan Johnson,393324,,38
Luton Town,Axel Piesold,426678,,44
Chelsea,Raheem Sterling,3233,,7
Chelsea,Thiago Emiliano da Silva,3295,Right Center Back,6
Chelsea,Axel Disasi,7439,Right Back,2
Chelsea,Trevoh Chalobah,9026,Left Center Back,14
Chelsea,Marcus Bettinelli,12258,,13
Chelsea,Marc Cucurella Saseta,17620,Left Back,3
Chelsea,Benoît Badiashile Mukinayi,21368,Left Back,5
Chelsea,Conor Gallagher,29399,Left Wing,23
Chelsea,Chukwunonso Madueke,31506,Right Wing,11
Chelsea,Đorđe Petrović,32565,Goalkeeper,28
Chelsea,Moisés Isaac Caicedo Corozo,37726,Left Defensive Midfield,25
Chelsea,Enzo Fernandez,38718,Right Defensive Midfield,8
Chelsea,Cole Palmer,39461,Center Attacking Midfield,20
Chelsea,Mykhailo Mudryk,39483,Left Wing,10
Chelsea,Teddy Sharman-Lowe,44677,,38
Chelsea,Cesare Casadei,44736,Center Forward,31
Chelsea,Nicolas Jackson,50497,Center Forward,15
Chelsea,Carney Chukwuemeka,89986,Center Attacking Midfield,17
Chelsea,Alfie Gilchrist,109640,,42
Chelsea,Deivid Washington de Souza Eugênio,271873,,36
Sheffield United,Oliver McBurnie,3332,Left Center Forward,9
Sheffield United,Mason Holgate,3640,Right Center Back,30
Sheffield United,Ben Osborn,4732,Left Center Midfield,23
Sheffield United,Ben Brereton Díaz,4735,Right Center Forward,11
Sheffield United,Jack Robinson,10485,Left Center Back,19
Sheffield United,Oliver James Norwood,11013,,16
Sheffield United,Jayden Bogle,11896,Right Wing Back,20
Sheffield United,Auston Trusty,12359,Left Wing Back,5
Sheffield United,Gustavo Hamer,15304,Right Center Midfield,8
Sheffield United,Wesley Foderingham,21018,,18
Sheffield United,Anel Ahmedhodžić,27652,Center Back,15
Sheffield United,Ivo Grbić,29342,Goalkeeper,13
Sheffield United,Vinicius de Souza Costa,32587,Left Center Back,21
Sheffield United,Yasser Larouci,34793,,27
Sheffield United,Anis Ben Slimane,35592,,25
Sheffield United,James McAtee,49667,Right Center Back,28
Sheffield United,Cameron Archer,50563,Center Back,10
Sheffield United,William Idamudia Daugaard Osula,121254,,32
Sheffield United,Andre Brooks,153124,,35
Sheffield United,Oliver Luke Arblaster,214746,Center Defensive Midfield,24
Nottingham Forest,Ibrahim Sangaré,3017,Right Defensive Midfield,6
Nottingham Forest,Moussa Niakhate,3198,,19
Nottingham Forest,Chris Wood,3505,Center Forward,11
Nottingham Forest,Ryan Yates,4239,Right Defensive Midfield,22
Nottingham Forest,Callum Hudson-Odoi,4274,Left Midfield,14
Nottingham Forest,Divock Okoth Origi,4747,Center Forward,27
Nottingham Forest,Harry Toffolo,6555,,15
Nottingham Forest,Morgan Gibbs-White,9934,Center Attacking Midfield,10
Nottingham Forest,Matz Sels,10479,Goalkeeper,26
Nottingham Forest,Temitayo Olufisayo Olaoluwa Aina,11492,Left Back,43
Nottingham Forest,Matthew Charles Turner,12352,,1
Nottingham Forest,Gonzalo Ariel Montiel,28263,Right Back,29
Nottingham Forest,Nicolás Martín Domínguez,28672,Center Attacking Midfield,16
Nottingham Forest,Giovanni Reyna,34339,Left Defensive Midfield,20
Nottingham Forest,Neco Williams,34794,Right Back,7
Nottingham Forest,Danilo dos Santos de Oliveira,46451,Left Defensive Midfield,28
Nottingham Forest,Anthony Elanga,50991,Right Midfield,21
Nottingham Forest,Andrew Omobamidele,58467,Right Center Back,32
Nottingham Forest,Rodrigo Duarte Ribeiro,149579,,37
Nottingham Forest,Murillo Santiago Costa dos Santos,271487,Left Center Back,40
Tottenham Hotspur,Heung-Min Son,3083,Center Forward,7
Tottenham Hotspur,Ben Davies,3086,,33
Tottenham Hotspur,Giovani Lo Celso,3313,Left Wing,18
Tottenham Hotspur,Pierre-Emile Højbjerg,3570,Left Defensive Midfield,5
Tottenham Hotspur,Yves Bissouma,4385,Left Defensive Midfield,8
Tottenham Hotspur,Rodrigo Bentancur Colmán,5260,Right Defensive Midfield,30
Tottenham Hotspur,Timo Werner,5557,Left Wing,16
Tottenham Hotspur,James Maddison,9905,Center Attacking Midfield,10
Tottenham Hotspur,Pedro Antonio Porro Sauceda,11292,Right Back,23
Tottenham Hotspur,Cristian Gabriel Romero,20572,Right Center Back,17
Tottenham Hotspur,Dejan Kulusevski,22818,Center Attacking Midfield,21
Tottenham Hotspur,Emerson Aparecido Leite de Souza Junior,23522,,12
Tottenham Hotspur,Brennan Johnson,29377,Right Wing,22
Tottenham Hotspur,Guglielmo Vicario,31225,Goalkeeper,13
Tottenham Hotspur,Micky van de Ven,32547,Left Center Back,37
Tottenham Hotspur,Radu Drăgușin,39615,,6
Tottenham Hotspur,Dane Scarlett,41599,Right Wing,44
Tottenham Hotspur,Brandon Austin,48123,,40
Tottenham Hotspur,Iyenoma Destiny Udogie,48461,Left Back,38
Tottenham Hotspur,Pape Matar Sarr,50498,Right Defensive Midfield,29
West Ham United,Aaron Cresswell,3062,Right Wing,3
West Ham United,Gnaly Maxwell Cornet,3162,,17
West Ham United,Łukasz Fabiański,3262,Goalkeeper,1
West Ham United,James Ward-Prowse,3328,Center Attacking Midfield,7
West Ham United,Michail Antonio,3349,Center Forward,9
West Ham United,Kurt Happy Zouma,3456,Left Center Back,4
West Ham United,Daniel William John Ings,3654,,18
West Ham United,Angelo Obinze Ogbonna,3843,,21
West Ham United,Emerson Palmieri dos Santos,4355,Left Back,33
West Ham United,Kalvin Phillips,4706,,11
West Ham United,Konstantinos Mavropanos,4781,Right Center Back,15
West Ham United,Tomáš Souček,4870,Right Defensive Midfield,28
West Ham United,Edson Omar Álvarez Velázquez,5567,Left Defensive Midfield,19
West Ham United,Jarrod Bowen,9640,Center Forward,20
West Ham United,Nayef Aguerd,12149,,27
West Ham United,Vladimír Coufal,16570,Right Back,5
West Ham United,Mohammed Kudus,17033,Right Wing,14
West Ham United,Lucas Tolentino Coelho de Lima,22600,Left Wing,10
West Ham United,Benjamin Johnson,23626,Right Back,2
West Ham United,Joseph Anang,44682,,49
Wolverhampton Wanderers,Craig Dawson,3523,,15
Wolverhampton Wanderers,Mario Lemina,3951,Right Defensive Midfield,5
Wolverhampton Wanderers,Daniel Bentley,4773,,25
Wolverhampton Wanderers,Nélson Cabral Semedo,6374,Right Wing Back,22
Wolverhampton Wanderers,Pablo Sarabia García,6720,Center Forward,21
Wolverhampton Wanderers,Matt Doherty,9925,Left Wing Back,2
Wolverhampton Wanderers,Rayan Aït Nouri,12111,Right Attacking Midfield,3
Wolverhampton Wanderers,Matheus Santos Carneiro da Cunha,12425,Right Attacking Midfield,12
Wolverhampton Wanderers,José Pedro Malheiro de Sá,18866,Goalkeeper,1
Wolverhampton Wanderers,Maximilian William Kilman,24940,Center Back,23
Wolverhampton Wanderers,Thomas Doyle,34789,Left Attacking Midfield,20
Wolverhampton Wanderers,Santiago Ignacio Bueno Sciutto,41138,Right Center Back,4
Wolverhampton Wanderers,João Victor Gomes da Silva,48720,Left Defensive Midfield,8
Wolverhampton Wanderers,Tote António Gomes,48941,Left Center Back,24
Wolverhampton Wanderers,Boubacar Traore,58878,Right Defensive Midfield,6
Wolverhampton Wanderers,Hugo Bueno,82220,Left Wing Back,17
Wolverhampton Wanderers,Nathan Fraser,133454,,63
Wolverhampton Wanderers,Tawanda Chirewa,142702,Right Attacking Midfield,62
Wolverhampton Wanderers,Noha Lemina,144069,,14
Wolverhampton Wanderers,Leon Chiwome,298630,Center Forward,84
Liverpool,Joe Gomez,3495,Right Back,2
Liverpool,Mohamed Salah,3531,Right Wing,11
Liverpool,Adrián San Miguel del Castillo,3623,,13
Liverpool,Andrew Robertson,3655,Left Back,26
Liverpool,Virgil van Dijk,3669,Left Center Back,4
Liverpool,Konstantinos Tsimikas,8489,,21
Liverpool,Ibrahima Konaté,11135,,5
Liverpool,Cody Mathès Gakpo,20750,Center Forward,18
Liverpool,Dominik Szoboszlai,21209,Right Center Midfield,8
Liverpool,Ryan Gravenberch,23230,,38
Liverpool,Wataru Endo,23721,Center Defensive Midfield,3
Liverpool,Harvey Elliott,24938,Center Defensive Midfield,19
Liverpool,Luis Fernando Díaz Marulanda,27158,Left Wing,7
Liverpool,Alexis Mac Allister,27886,Left Center Midfield,10
Liverpool,Darwin Gabriel Núñez Ribeiro,32478,Center Forward,9
Liverpool,Curtis Jones,33231,Right Center Midfield,17
Liverpool,Caoimhin Kelleher,34959,Goalkeeper,62
Liverpool,Conor Bradley,40209,Right Back,84
Liverpool,Jarell Quansah,40908,Right Center Back,78
Liverpool,Jayden Danns,133323,,76
Manchester United,Christian Dannemann Eriksen,3043,,14
Manchester United,Marcus Rashford,3318,Left Midfield,10
Manchester United,Harry Maguire,3336,Left Center Back,5
Manchester United,Aaron Wan-Bissaka,3690,Left Back,29
Manchester United,Bruno Miguel Borges Fernandes,5204,Left Center Midfield,8
Manchester United,Sofyan Amrabat,5234,Left Midfield,4
Manchester United,Carlos Henrique Casimiro,5539,Center Defensive Midfield,18
Manchester United,Mason Mount,7843,Left Center Midfield,7
Manchester United,André Onana,8064,Goalkeeper,24
Manchester United,José Diogo Dalot Teixeira,16028,Right Back,20
Manchester United,Antony Matheus dos Santos,25363,Left Midfield,21
Manchester United,Altay Bayındır,30442,,1
Manchester United,Amad Diallo Traoré,32784,,16
Manchester United,Rasmus Winther Højlund,51672,Center Forward,11
Manchester United,Omari Forson,52120,,62
Manchester United,Alejandro Garnacho Ferreyra,52129,Right Midfield,17
Manchester United,Kobbie Mainoo,99174,Right Center Midfield,37
Manchester United,Willy Kambwala Ndengushi,144086,Right Center Back,53
Manchester United,Habeeb Ogunneye,165918,,75
Manchester United,Harry Amass,354570,,70
Brentford,Mathias Jørgensen Jatta,3027,Right Center Back,13
Brentford,Ivan Toney,3834,Left Center Midfield,17
Brentford,Neal Maupay,4766,Right Center Forward,7
Brentford,Bryan Mbeumo,4935,Right Center Forward,19
Brentford,Saman Ghoddos,5240,,14
Brentford,Yoane Wissa,7294,Left Center Forward,11
Brentford,Thomas Strakosha,7789,,21
Brentford,Kristoffer Vassbakk Ajer,10532,Center Back,20
Brentford,Shandon Baptiste,11403,,26
Brentford,Vitaly Janelt,12074,Center Defensive Midfield,27
Brentford,Sergio Reguilón Rodríguez,18620,Left Wing Back,12
Brentford,Mathias Jensen,18722,Right Center Midfield,8
Brentford,Mads Roerslev,24440,Right Wing Back,30
Brentford,Mikkel Damsgaard,24443,Left Center Midfield,24
Brentford,Frank Onyeka,24467,Right Center Midfield,15
Brentford,Nathan Michael Collins,24824,Left Center Back,22
Brentford,Mark Flekken,25000,Goalkeeper,1
Brentford,Keane Lewis-Potter,32928,Left Wing Back,23
Brentford,Ehor Yarmolyuk,45803,Left Center Forward,33
Brentford,Ji-Soo Kim,255191,,36
Aston Villa,Youri Tielemans,2954,Right Defensive Midfield,8
Aston Villa,Diego Carlos Santos Silva,3366,Right Center Back,3
Aston Villa,Calum Chambers,3713,,16
Aston Villa,Ezri Konsa Ngoyo,3822,Right Back,4
Aston Villa,Ollie Watkins,4760,Center Forward,11
Aston Villa,Robin Olsen,5622,,25
Aston Villa,Douglas Luiz Soares de Paulo,6574,Left Defensive Midfield,6
Aston Villa,Lucas Digne,6849,Left Back,12
Aston Villa,Pau Francisco Torres,6892,Left Center Back,14
Aston Villa,Damián Emiliano Martínez,6909,Goalkeeper,1
Aston Villa,Leon Bailey Butler,8214,Right Midfield,31
Aston Villa,Moussa Diaby,8292,Right Midfield,19
Aston Villa,John McGinn,9974,Center Attacking Midfield,7
Aston Villa,Alejandro Moreno Lopera,11538,Left Back,15
Aston Villa,Nicolò Zaniolo,16062,Left Midfield,22
Aston Villa,Jhon Jáder Durán Palacio,30976,Right Center Forward,24
Aston Villa,Morgan Rogers,39354,Left Midfield,27
Aston Villa,Kaine Kesler-Hayden,93376,,29
Aston Villa,Tim Iroegbunam,113387,,47
Aston Villa,Omari Kellyman,332163,,71
Fulham,Willian Borges da Silva,3472,Left Wing,20
Fulham,Alex Iwobi,3647,Right Wing,22
Fulham,Marek Rodák,4152,,1
Fulham,Issa Diop,4349,,31
Fulham,Antonee Robinson,4614,Left Back,33
Fulham,Raúl Alonso Jiménez Rodríguez,5568,,7
Fulham,Saša Lukić,6687,Right Defensive Midfield,28
Fulham,Andreas Hoelgebaum Pereira,6846,Center Attacking Midfield,18
Fulham,Timothy Castagne,6989,Right Back,21
Fulham,Harry Wilson,9540,Right Wing,8
Fulham,Oluwatosin Adarabioyo,9650,Right Center Back,4
Fulham,Bobby Armani De Cordova-Reid,9923,Center Attacking Midfield,14
Fulham,Tom Cairney,10284,,10
Fulham,Adama Traoré Diarra,11333,Left Wing,11
Fulham,Harrison Reed,11936,Right Defensive Midfield,6
Fulham,João Maria Lobo Alves Palhinha Gonçalves,12169,Left Defensive Midfield,26
Fulham,Bernd Leno,15581,Goalkeeper,17
Fulham,Armando Broja,36885,Center Forward,9
Fulham,Calvin Bassey Ughelumba,43779,Left Center Back,3
Fulham,Rodrigo Muniz Carvalho,49049,Center Forward,19
West Ham United,Aaron Cresswell,3062,,3
West Ham United,Gnaly Maxwell Cornet,3162,Left Midfield,17
West Ham United,Łukasz Fabiański,3262,Goalkeeper,1
West Ham United,James Ward-Prowse,3328,Left Defensive Midfield,7
West Ham United,Michail Antonio,3349,Left Center Forward,9
West Ham United,Kurt Happy Zouma,3456,Right Center Back,4
West Ham United,Daniel William John Ings,3654,Right Center Forward,18
West Ham United,Angelo Obinze Ogbonna,3843,,21
West Ham United,Emerson Palmieri dos Santos,4355,Left Back,33
West Ham United,Konstantinos Mavropanos,4781,Right Center Back,15
West Ham United,Tomáš Souček,4870,Left Defensive Midfield,28
West Ham United,Edson Omar Álvarez Velázquez,5567,Right Defensive Midfield,19
West Ham United,Nayef Aguerd,12149,Left Center Back,27
West Ham United,Vladimír Coufal,16570,Right Back,5
West Ham United,Mohammed Kudus,17033,Right Midfield,14
West Ham United,Lucas Tolentino Coelho de Lima,22600,Left Midfield,10
West Ham United,Benjamin Johnson,23626,Right Back,2
West Ham United,Joseph Anang,44682,,49
West Ham United,Divin Mubama,141121,,45
West Ham United,George Earthy,141125,Left Midfield,40
Manchester United,Christian Dannemann Eriksen,3043,,14
Manchester United,Marcus Rashford,3318,Left Wing,10
Manchester United,Harry Maguire,3336,Left Center Back,5
Manchester United,Aaron Wan-Bissaka,3690,Left Back,29
Manchester United,Bruno Miguel Borges Fernandes,5204,Center Attacking Midfield,8
Manchester United,Sofyan Amrabat,5234,,4
Manchester United,Carlos Henrique Casimiro,5539,Right Defensive Midfield,18
Manchester United,Mason Mount,7843,Left Defensive Midfield,7
Manchester United,André Onana,8064,Goalkeeper,24
Manchester United,José Diogo Dalot Teixeira,16028,Right Back,20
Manchester United,Altay Bayındır,30442,,1
Manchester United,Amad Diallo Traoré,32784,Right Wing,16
Manchester United,Rasmus Winther Højlund,51672,Center Forward,11
Manchester United,Omari Forson,52120,,62
Manchester United,Alejandro Garnacho Ferreyra,52129,Right Wing,17
Manchester United,Kobbie Mainoo,99174,Left Defensive Midfield,37
Manchester United,Willy Kambwala Ndengushi,144086,Right Center Back,53
Manchester United,Habeeb Ogunneye,165918,,75
Manchester United,Ethan Wheatley,306934,,84
Manchester United,Harry Amass,354570,,70
AFC Bournemouth,Philip Billing,3331,,29
AFC Bournemouth,Dominic Solanke,3614,Center Forward,9
AFC Bournemouth,Lewis Cook,3615,Right Defensive Midfield,4
AFC Bournemouth,Adam Smith,6409,Right Back,15
AFC Bournemouth,Norberto Murara Neto,6590,Goalkeeper,1
AFC Bournemouth,Enes Ünal,6760,Center Attacking Midfield,26
AFC Bournemouth,Justin Kluivert,8063,Center Attacking Midfield,19
AFC Bournemouth,Lloyd Kelly,9938,Left Back,5
AFC Bournemouth,Ryan Christie,12510,Left Defensive Midfield,10
AFC Bournemouth,Luis Fernando Sinisterra Lucumí,16184,Left Wing,17
AFC Bournemouth,Maximillian James Aarons,16689,Right Back,37
AFC Bournemouth,Romain Faivre,22319,Right Wing,8
AFC Bournemouth,James Hill,24867,,23
AFC Bournemouth,Mark Travers,24937,,42
AFC Bournemouth,Marcos Senesi,27773,Left Center Back,25
AFC Bournemouth,Illia Zabarnyi,39136,Right Center Back,27
AFC Bournemouth,Milos Kerkez,89635,Left Back,3
AFC Bournemouth,Alex Scott,91951,,14
AFC Bournemouth,Dango Aboubacar Faissal Ouattara,95042,Right Wing,11
AFC Bournemouth,Michael Dacosta Gonzales,357874,,50
Aston Villa,Youri Tielemans,2954,Left Defensive Midfield,8
Aston Villa,Diego Carlos Santos Silva,3366,Right Center Back,3
Aston Villa,Calum Chambers,3713,,16
Aston Villa,Ezri Konsa Ngoyo,3822,Right Back,4
Aston Villa,Matty Cash,4734,,2
Aston Villa,Ollie Watkins,4760,Center Forward,11
Aston Villa,Robin Olsen,5622,,25
Aston Villa,Clément Lenglet,6826,,17
Aston Villa,Lucas Digne,6849,Left Back,12
Aston Villa,Pau Francisco Torres,6892,Left Center Back,14
Aston Villa,Damián Emiliano Martínez,6909,Goalkeeper,1
Aston Villa,Leon Bailey Butler,8214,Right Wing,31
Aston Villa,Moussa Diaby,8292,Right Wing,19
Aston Villa,John McGinn,9974,Right Defensive Midfield,7
Aston Villa,Alejandro Moreno Lopera,11538,Left Wing,15
Aston Villa,Nicolò Zaniolo,16062,Left Wing,22
Aston Villa,Jhon Jáder Durán Palacio,30976,,24
Aston Villa,Morgan Rogers,39354,Center Attacking Midfield,27
Aston Villa,Kaine Kesler-Hayden,93376,,29
Aston Villa,Tim Iroegbunam,113387,,47
Arsenal,Gabriel Fernando de Jesus,3202,Center Forward,9
Arsenal,Oleksandr Zinchenko,3575,Left Back,35
Arsenal,Edward Nketiah,3737,Left Back,14
Arsenal,Declan Rice,3943,Center Defensive Midfield,41
Arsenal,David Raya Martin,4127,Goalkeeper,22
Arsenal,Thomas Teye Partey,6383,,5
Arsenal,Gabriel dos Santos Magalhães,6406,Left Center Back,6
Arsenal,Jorge Luiz Frello Filho,7024,Center Forward,20
Arsenal,Martin Ødegaard,8252,Right Center Midfield,8
Arsenal,Kai Havertz,8966,Left Center Midfield,29
Arsenal,Leandro Trossard,16559,Left Wing,19
Arsenal,Emile Smith Rowe,16591,Right Center Midfield,10
Arsenal,William Saliba,17592,Right Center Back,2
Arsenal,Bukayo Saka,22084,Right Wing,7
Arsenal,Aaron Ramsdale,22783,,1
Arsenal,Ben White,22809,Right Back,4
Arsenal,Takehiro Tomiyasu,23730,Right Back,18
Arsenal,Gabriel Teodoro Martinelli Silva,29976,Left Wing,11
Arsenal,Fabio Daniel Ferreira Vieira,39162,,21
Arsenal,Jakub Piotr Kiwior,44166,,15
Sheffield United,Oliver McBurnie,3332,Left Center Forward,9
Sheffield United,Mason Holgate,3640,Right Center Back,30
Sheffield United,Ben Osborn,4732,Left Center Midfield,23
Sheffield United,Ben Brereton Díaz,4735,Right Center Forward,11
Sheffield United,Oliver James Norwood,11013,,16
Sheffield United,Jayden Bogle,11896,Right Wing Back,20
Sheffield United,Auston Trusty,12359,Left Center Back,5
Sheffield United,Gustavo Hamer,15304,Right Center Midfield,8
Sheffield United,Wesley Foderingham,21018,,18
Sheffield United,Anel Ahmedhodžić,27652,Center Back,15
Sheffield United,Ivo Grbić,29342,Goalkeeper,13
Sheffield United,Vinicius de Souza Costa,32587,,21
Sheffield United,Yasser Larouci,34793,Left Wing Back,27
Sheffield United,Anis Ben Slimane,35592,Right Back,25
Sheffield United,James McAtee,49667,Left Wing Back,28
Sheffield United,Cameron Archer,50563,Right Wing Back,10
Sheffield United,William Idamudia Daugaard Osula,121254,,32
Sheffield United,Sam Curtis,133908,,29
Sheffield United,Andre Brooks,153124,,35
Sheffield United,Oliver Luke Arblaster,214746,Center Defensive Midfield,24
Brentford,Mathias Jørgensen Jatta,3027,Right Center Back,13
Brentford,Ivan Toney,3834,,17
Brentford,Ethan Pinnock,4610,Center Forward,5
Brentford,Neal Maupay,4766,Center Forward,7
Brentford,Bryan Mbeumo,4935,Right Wing,19
Brentford,Saman Ghoddos,5240,,14
Brentford,Yoane Wissa,7294,Left Wing,11
Brentford,Thomas Strakosha,7789,,21
Brentford,Shandon Baptiste,11403,,26
Brentford,Vitaly Janelt,12074,Center Defensive Midfield,27
Brentford,Sergio Reguilón Rodríguez,18620,Left Back,12
Brentford,Mathias Jensen,18722,Left Center Midfield,8
Brentford,Mads Roerslev,24440,Right Back,30
Brentford,Mikkel Damsgaard,24443,Right Center Midfield,24
Brentford,Frank Onyeka,24467,Left Center Midfield,15
Brentford,Nathan Michael Collins,24824,Left Center Back,22
Brentford,Mark Flekken,25000,Goalkeeper,1
Brentford,Keane Lewis-Potter,32928,Center Forward,23
Brentford,Ehor Yarmolyuk,45803,Right Center Midfield,33
Brentford,Kevin Schade,58502,Right Wing,9
Brighton & Hove Albion,Lewis Dunk,3088,Left Center Back,5
Brighton & Hove Albion,Pascal Groß,3097,Left Defensive Midfield,13
Brighton & Hove Albion,Daniel Nii Tackie Mensah Welbeck,3569,Center Forward,18
Brighton & Hove Albion,Adam David Lallana,4090,Right Wing,14
Brighton & Hove Albion,Joël Veltman,8067,Right Back,34
Brighton & Hove Albion,Igor Julio dos Santos de Paulo,9741,Left Back,3
Brighton & Hove Albion,Pervis Josué Estupiñán Tenorio,24085,Left Back,30
Brighton & Hove Albion,João Pedro Junqueira de Jesus,25299,Left Wing,9
Brighton & Hove Albion,Jakub Moder,29480,Center Attacking Midfield,15
Brighton & Hove Albion,Jan Paul van Hecke,30691,Right Center Back,29
Brighton & Hove Albion,Anssumane Fati,30756,Center Attacking Midfield,31
Brighton & Hove Albion,Bart Verbruggen,37274,Goalkeeper,1
Brighton & Hove Albion,Jason Steele,47553,,23
Brighton & Hove Albion,Simon Adingra,105392,Right Wing,24
Brighton & Hove Albion,Valentín Barco,130655,,19
Brighton & Hove Albion,Odeluga Offiah,134392,,42
Brighton & Hove Albion,Cameron Peupion,134921,,44
Brighton & Hove Albion,Facundo Valentín Buonanotte,196954,Center Forward,40
Brighton & Hove Albion,Carlos Baleba,226169,Right Defensive Midfield,20
Brighton & Hove Albion,Mark O’Mahony,374448,Center Forward,55
Burnley,Charles James Taylor,3627,Left Back,3
Burnley,Jay Rodriguez,3685,Left Center Forward,9
Burnley,Johann Berg Guðmunds­son,3720,,7
Burnley,Josh Cullen,4837,Right Defensive Midfield,24
Burnley,Jacob Bruun Larsen,8961,Left Midfield,34
Burnley,Joshua Brownhill,9607,Left Defensive Midfield,8
Burnley,Arijanet Murić,16234,Goalkeeper,49
Burnley,Sander Berge,16553,Left Defensive Midfield,16
Burnley,Han-Noah Massengo,21199,,42
Burnley,Mike Trésor Ndayishimiye,21889,Left Midfield,31
Burnley,Manuel Benson Hedilazio,23897,,10
Burnley,Victor Alexander da Silva,24016,Left Back,22
Burnley,Lyle Foster,29840,Right Center Forward,17
Burnley,Lorenz Assignon,39245,Right Back,20
Burnley,Hjalmar Ekdal,41208,Right Center Back,18
Burnley,James Trafford,42298,,1
Burnley,Mohamed Zeki Amdouni,48335,,25
Burnley,David Datro Fofana,89326,Left Center Forward,23
Burnley,Maxime Esteve,112254,Left Center Back,33
Burnley,Wilson Odobert,151924,Right Midfield,47
Everton,Abdoulaye Doucouré,3292,Center Attacking Midfield,16
Everton,Michael Keane,3438,Right Center Back,5
Everton,Jordan Pickford,3468,Goalkeeper,1
Everton,Ashley Young,3612,Right Midfield,18
Everton,James Tarkowski,3628,Right Center Back,6
Everton,Ben Godfrey,4076,Right Back,22
Everton,Séamus Coleman,4589,Right Back,23
Everton,Dwight McNeil,5111,Left Midfield,7
Everton,Jack Harrison,9616,Center Attacking Midfield,11
Everton,André Filipe Tavares Gomes,10802,Left Defensive Midfield,21
Everton,Arnaut Danjuma Groeneveld,16284,,10
Everton,Vitalii Mykolenko,20827,Left Back,19
Everton,James Garner,23625,Left Defensive Midfield,37
Everton,João Manuel Neves Virginia,29378,,12
Everton,Norberto Bercique Gomes Betuncal,30006,Center Forward,14
Everton,Jarrad Branthwaite,32762,Left Center Back,32
Everton,Nathan Patterson,37338,Right Back,2
Everton,Lewis Warrington,47257,,51
Everton,Amadou Onana,48347,Right Defensive Midfield,8
Everton,Youssef Ramalho Chermiti,149581,,28
Chelsea,Thiago Emiliano da Silva,3295,Left Center Back,6
Chelsea,Ben Chilwell,3458,Left Wing,21
Chelsea,Trevoh Chalobah,9026,Right Center Back,14
Chelsea,Marcus Bettinelli,12258,,13
Chelsea,Marc Cucurella Saseta,17620,Left Back,3
Chelsea,Benoît Badiashile Mukinayi,21368,,5
Chelsea,Conor Gallagher,29399,Left Defensive Midfield,23
Chelsea,Chukwunonso Madueke,31506,Right Wing,11
Chelsea,Đorđe Petrović,32565,Goalkeeper,28
Chelsea,Moisés Isaac Caicedo Corozo,37726,Right Defensive Midfield,25
Chelsea,Malo Gusto,39260,Right Back,27
Chelsea,Cole Palmer,39461,Center Attacking Midfield,20
Chelsea,Mykhailo Mudryk,39483,Left Wing,10
Chelsea,Cesare Casadei,44736,Right Wing,31
Chelsea,Nicolas Jackson,50497,Center Forward,15
Chelsea,Carney Chukwuemeka,89986,Center Attacking Midfield,17
Chelsea,Alfie Gilchrist,109640,Right Back,42
Chelsea,Deivid Washington de Souza Eugênio,271873,Center Forward,36
Chelsea,Tyrique George,315975,,67
Chelsea,Kiano Dyer,315976,,78
Crystal Palace,James Tomkins,3316,,5
Crystal Palace,Joel Ward,3443,Right Center Back,2
Crystal Palace,Jordan Ayew,3450,Right Wing,9
Crystal Palace,Jeffrey Schlupp,3520,Left Wing,15
Crystal Palace,Jaïro Riedewald,3591,Left Defensive Midfield,44
Crystal Palace,Remi Matthews,4059,,31
Crystal Palace,Dean Henderson,4073,Goalkeeper,30
Crystal Palace,Will Hughes,4588,Left Defensive Midfield,19
Crystal Palace,Nathaniel Edwin Clyne,4590,Right Center Back,17
Crystal Palace,Jefferson Andrés Lerma Solís,5678,Left Center Back,8
Crystal Palace,Jean-Philippe Mateta,7403,Center Forward,14
Crystal Palace,Joachim Andersen,8247,Center Back,16
Crystal Palace,Eberechi Eze,9000,Left Wing,10
Crystal Palace,Odsonne Édouard,10544,Center Forward,22
Crystal Palace,Michael Olise,24215,Right Wing,7
Crystal Palace,Daniel Muñoz Mejía,27423,Right Wing Back,12
Crystal Palace,Naouirou Ahamada,39413,,29
Crystal Palace,Tyrick Mitchell,41437,Left Wing Back,3
Crystal Palace,Adam Wharton,77723,Right Defensive Midfield,20
Crystal Palace,David Ozoh,138813,,52
Liverpool,Joe Gomez,3495,,2
Liverpool,Mohamed Salah,3531,Right Wing,11
Liverpool,Andrew Robertson,3655,Left Back,26
Liverpool,Trent Alexander-Arnold,3664,Right Back,66
Liverpool,Virgil van Dijk,3669,Left Center Back,4
Liverpool,Alisson Ramsés Becker,5547,Goalkeeper,1
Liverpool,Diogo José Teixeira da Silva,9929,Left Wing,20
Liverpool,Ibrahima Konaté,11135,Right Center Back,5
Liverpool,Cody Mathès Gakpo,20750,Left Wing,18
Liverpool,Dominik Szoboszlai,21209,Right Center Midfield,8
Liverpool,Ryan Gravenberch,23230,,38
Liverpool,Wataru Endo,23721,Center Defensive Midfield,3
Liverpool,Harvey Elliott,24938,Right Center Midfield,19
Liverpool,Luis Fernando Díaz Marulanda,27158,Left Wing,7
Liverpool,Alexis Mac Allister,27886,Right Center Midfield,10
Liverpool,Darwin Gabriel Núñez Ribeiro,32478,Center Forward,9
Liverpool,Curtis Jones,33231,Left Center Midfield,17
Liverpool,Caoimhin Kelleher,34959,,62
Liverpool,Conor Bradley,40209,Right Back,84
Liverpool,Jarell Quansah,40908,,78
Luton Town,Andros Townsend,3297,Right Attacking Midfield,30
Luton Town,Carlton Morris,4220,Center Forward,9
Luton Town,Ross Barkley,4275,Left Defensive Midfield,6
Luton Town,Reece Burke,4605,Center Back,16
Luton Town,Jordan Clark,9442,Left Attacking Midfield,18
Luton Town,Timothy Michael Krul,9467,,23
Luton Town,Pelly Ruddock Mpanzu,9674,Right Defensive Midfield,17
Luton Town,James Shea,11720,,1
Luton Town,Fred Onyedinma,13249,Right Wing Back,32
Luton Town,Cauley Woodrow,21090,Right Attacking Midfield,10
Luton Town,Luke Berry,22175,Right Defensive Midfield,8
Luton Town,Tahith Chong,23636,Left Wing Back,14
Luton Town,Thomas Kaminski,23741,Goalkeeper,24
Luton Town,Alfie Doughty,33074,Left Center Back,45
Luton Town,Daiki Hashioka,37249,Right Center Back,27
Luton Town,Taylan Harris,227154,,41
Luton Town,Zack Nelson,332827,Right Wing Back,43
Luton Town,Joseph Nathan Johnson,393324,Left Attacking Midfield,38
Luton Town,Axel Piesold,426678,,44
Luton Town,Christian Chigozie,429906,,42
Manchester City,Ederson Santana de Moraes,3067,Goalkeeper,31
Manchester City,Kevin De Bruyne,3089,Center Attacking Midfield,17
Manchester City,Bernardo Mota Veiga de Carvalho e Silva,3193,,20
Manchester City,Kyle Walker,3205,,2
Manchester City,Nathan Aké,3306,,6
Manchester City,Phil Foden,4354,,47
Manchester City,Rúben Santos Gato Alves Dias,5206,Right Center Back,3
Manchester City,Mateo Kovačić,5456,Left Defensive Midfield,8
Manchester City,Manuel Obafemi Akanji,5549,Left Center Back,25
Manchester City,Rodrigo Hernández Cascante,6765,,16
Manchester City,Stefan Ortega Moreno,9194,,18
Manchester City,Jack Grealish,9638,,10
Manchester City,Sergio Gómez Martín,22199,Center Attacking Midfield,21
Manchester City,Erling Håland,23616,Center Forward,9
Manchester City,Jeremy Doku,23650,Left Wing,11
Manchester City,Julián Álvarez,29560,Right Wing,19
Manchester City,Joško Gvardiol,33018,Left Back,24
Manchester City,Matheus Luiz Nunes,40874,Right Defensive Midfield,27
Manchester City,Rico Lewis,48705,Right Back,82
Manchester City,Oscar Bobb,104825,Center Forward,52
Tottenham Hotspur,Heung-Min Son,3083,Center Forward,7
Tottenham Hotspur,Ben Davies,3086,,33
Tottenham Hotspur,Giovani Lo Celso,3313,Left Center Midfield,18
Tottenham Hotspur,Pierre-Emile Højbjerg,3570,Left Defensive Midfield,5
Tottenham Hotspur,Yves Bissouma,4385,Left Defensive Midfield,8
Tottenham Hotspur,Rodrigo Bentancur Colmán,5260,Right Defensive Midfield,30
Tottenham Hotspur,Timo Werner,5557,Left Wing,16
Tottenham Hotspur,James Maddison,9905,Center Attacking Midfield,10
Tottenham Hotspur,Pedro Antonio Porro Sauceda,11292,Right Back,23
Tottenham Hotspur,Cristian Gabriel Romero,20572,Right Center Back,17
Tottenham Hotspur,Bryan Gil Salvatierra,22418,,11
Tottenham Hotspur,Dejan Kulusevski,22818,Center Forward,21
Tottenham Hotspur,Emerson Aparecido Leite de Souza Junior,23522,Right Back,12
Tottenham Hotspur,Brennan Johnson,29377,Right Wing,22
Tottenham Hotspur,Guglielmo Vicario,31225,Goalkeeper,13
Tottenham Hotspur,Micky van de Ven,32547,Left Center Back,37
Tottenham Hotspur,Radu Drăgușin,39615,,6
Tottenham Hotspur,Brandon Austin,48123,,40
Tottenham Hotspur,Iyenoma Destiny Udogie,48461,Left Back,38
Tottenham Hotspur,Pape Matar Sarr,50498,Right Defensive Midfield,29
Newcastle United,Matt Ritchie,3049,Left Center Midfield,11
Newcastle United,Paul Dummett,3065,Center Back,3
Newcastle United,Mark Gillespie,3212,,29
Newcastle United,Jacob Murphy,3273,Right Back,23
Newcastle United,Loris Karius,3630,,18
Newcastle United,Martin Dúbravka,3711,Goalkeeper,1
Newcastle United,Dan Burn,3864,Left Back,33
Newcastle United,Sean Longstaff,4031,Right Center Midfield,36
Newcastle United,Harvey Lewis Barnes,4718,Left Wing,15
Newcastle United,Fabian Lukas Schär,5537,Left Center Back,5
Newcastle United,Emil Krafth,6358,Right Center Back,17
Newcastle United,Alexander Isak,8819,Center Forward,14
Newcastle United,Bruno Guimarães Rodriguez Moura,25142,Center Defensive Midfield,39
Newcastle United,Anthony Gordon,28104,Right Wing,10
Newcastle United,Joe White,29381,Left Defensive Midfield,40
Newcastle United,Valentino Livramento,39241,Right Back,21
Newcastle United,Elliot Anderson,49702,Left Center Midfield,32
Newcastle United,Ben Parkinson,134050,,63
Newcastle United,Lewis Hall,134092,Left Wing,20
Newcastle United,Alex Murphy,406072,,54
Wolverhampton Wanderers,Craig Dawson,3523,,15
Wolverhampton Wanderers,Mario Lemina,3951,Left Defensive Midfield,5
Wolverhampton Wanderers,Daniel Bentley,4773,,25
Wolverhampton Wanderers,Hee-Chan Hwang,5620,Left Wing Back,11
Wolverhampton Wanderers,Nélson Cabral Semedo,6374,Right Wing Back,22
Wolverhampton Wanderers,Pablo Sarabia García,6720,Right Attacking Midfield,21
Wolverhampton Wanderers,Matt Doherty,9925,Left Wing Back,2
Wolverhampton Wanderers,Thomas King,10020,,40
Wolverhampton Wanderers,Matheus Santos Carneiro da Cunha,12425,Center Forward,12
Wolverhampton Wanderers,José Pedro Malheiro de Sá,18866,Goalkeeper,1
Wolverhampton Wanderers,Maximilian William Kilman,24940,Center Back,23
Wolverhampton Wanderers,Thomas Doyle,34789,Right Defensive Midfield,20
Wolverhampton Wanderers,Santiago Ignacio Bueno Sciutto,41138,Right Center Back,4
Wolverhampton Wanderers,João Victor Gomes da Silva,48720,Left Attacking Midfield,8
Wolverhampton Wanderers,Tote António Gomes,48941,Left Center Back,24
Wolverhampton Wanderers,Boubacar Traore,58878,Left Attacking Midfield,6
Wolverhampton Wanderers,Hugo Bueno,82220,Left Attacking Midfield,17
Wolverhampton Wanderers,Ty Barnett,133451,,45
Wolverhampton Wanderers,Nathan Fraser,133454,Right Attacking Midfield,63
Wolverhampton Wanderers,Tawanda Chirewa,142702,Right Wing Back,62
Nottingham Forest,Ibrahim Sangaré,3017,,6
Nottingham Forest,Moussa Niakhate,3198,,19
Nottingham Forest,Chris Wood,3505,Center Forward,11
Nottingham Forest,Ryan Yates,4239,Right Defensive Midfield,22
Nottingham Forest,Callum Hudson-Odoi,4274,Left Wing,14
Nottingham Forest,Divock Okoth Origi,4747,Right Wing,27
Nottingham Forest,Harry Toffolo,6555,,15
Nottingham Forest,Morgan Gibbs-White,9934,Center Attacking Midfield,10
Nottingham Forest,Matz Sels,10479,Goalkeeper,26
Nottingham Forest,Temitayo Olufisayo Olaoluwa Aina,11492,Left Back,43
Nottingham Forest,Matthew Charles Turner,12352,,1
Nottingham Forest,Gonzalo Ariel Montiel,28263,,29
Nottingham Forest,Nicolás Martín Domínguez,28672,Right Defensive Midfield,16
Nottingham Forest,Nuno Albertino Varela Tavares,30040,Left Back,3
Nottingham Forest,Giovanni Reyna,34339,Right Wing,20
Nottingham Forest,Neco Williams,34794,Right Back,7
Nottingham Forest,Danilo dos Santos de Oliveira,46451,Left Defensive Midfield,28
Nottingham Forest,Andrew Omobamidele,58467,Right Center Back,32
Nottingham Forest,Rodrigo Duarte Ribeiro,149579,Left Defensive Midfield,37
Nottingham Forest,Murillo Santiago Costa dos Santos,271487,Left Center Back,40
Nottingham Forest,Ibrahim Sangaré,3017,,6
Nottingham Forest,Moussa Niakhate,3198,Right Center Back,19
Nottingham Forest,Chris Wood,3505,Center Forward,11
Nottingham Forest,Ryan Yates,4239,Right Defensive Midfield,22
Nottingham Forest,Callum Hudson-Odoi,4274,Left Wing,14
Nottingham Forest,Divock Okoth Origi,4747,Left Wing,27
Nottingham Forest,Harry Toffolo,6555,,15
Nottingham Forest,Morgan Gibbs-White,9934,Center Attacking Midfield,10
Nottingham Forest,Matz Sels,10479,Goalkeeper,26
Nottingham Forest,Temitayo Olufisayo Olaoluwa Aina,11492,Left Back,43
Nottingham Forest,Matthew Charles Turner,12352,,1
Nottingham Forest,Gonzalo Ariel Montiel,28263,,29
Nottingham Forest,Nicolás Martín Domínguez,28672,Right Defensive Midfield,16
Nottingham Forest,Giovanni Reyna,34339,Right Wing,20
Nottingham Forest,Neco Williams,34794,Right Back,7
Nottingham Forest,Danilo dos Santos de Oliveira,46451,Left Defensive Midfield,28
Nottingham Forest,Anthony Elanga,50991,Right Wing,21
Nottingham Forest,Andrew Omobamidele,58467,,32
Nottingham Forest,Rodrigo Duarte Ribeiro,149579,Left Defensive Midfield,37
Nottingham Forest,Murillo Santiago Costa dos Santos,271487,Left Center Back,40
Everton,Abdoulaye Doucouré,3292,Right Center Midfield,16
Everton,Idrissa Gana Gueye,3436,Center Defensive Midfield,27
Everton,Michael Keane,3438,,5
Everton,Jordan Pickford,3468,Goalkeeper,1
Everton,Dominic Calvert-Lewin,3470,Center Forward,9
Everton,Ashley Young,3612,Right Back,18
Everton,James Tarkowski,3628,Right Center Back,6
Everton,Ben Godfrey,4076,,22
Everton,Dwight McNeil,5111,Left Wing,7
Everton,Jack Harrison,9616,Right Wing,11
Everton,André Filipe Tavares Gomes,10802,Left Center Midfield,21
Everton,Arnaut Danjuma Groeneveld,16284,,10
Everton,Vitalii Mykolenko,20827,Left Back,19
Everton,James Garner,23625,Left Center Midfield,37
Everton,João Manuel Neves Virginia,29378,,12
Everton,Norberto Bercique Gomes Betuncal,30006,Center Forward,14
Everton,Jarrad Branthwaite,32762,Left Center Back,32
Everton,Lewis Warrington,47257,,51
Everton,Amadou Onana,48347,,8
Everton,Youssef Ramalho Chermiti,149581,Center Forward,28
Chelsea,Christopher Nkunku,3025,Left Wing,18
Chelsea,Raheem Sterling,3233,Right Wing,7
Chelsea,Thiago Emiliano da Silva,3295,Center Forward,6
Chelsea,Ben Chilwell,3458,,21
Chelsea,Trevoh Chalobah,9026,Right Center Back,14
Chelsea,Reece James,9550,Right Back,24
Chelsea,Marcus Bettinelli,12258,,13
Chelsea,Marc Cucurella Saseta,17620,Left Back,3
Chelsea,Benoît Badiashile Mukinayi,21368,Left Center Back,5
Chelsea,Conor Gallagher,29399,Left Defensive Midfield,23
Chelsea,Chukwunonso Madueke,31506,Right Wing,11
Chelsea,Đorđe Petrović,32565,Goalkeeper,28
Chelsea,Moisés Isaac Caicedo Corozo,37726,Right Defensive Midfield,25
Chelsea,Levi Colwill,38992,,26
Chelsea,Malo Gusto,39260,Right Back,27
Chelsea,Cole Palmer,39461,Center Attacking Midfield,20
Chelsea,Mykhailo Mudryk,39483,Left Wing,10
Chelsea,Cesare Casadei,44736,Right Wing,31
Chelsea,Lesley Chimuanya Ugochukwu,44738,Left Defensive Midfield,16
Chelsea,Nicolas Jackson,50497,Center Forward,15
Brighton & Hove Albion,Lewis Dunk,3088,Left Center Back,5
Brighton & Hove Albion,Pascal Groß,3097,Right Defensive Midfield,13
Brighton & Hove Albion,Daniel Nii Tackie Mensah Welbeck,3569,Right Wing,18
Brighton & Hove Albion,Adam David Lallana,4090,,14
Brighton & Hove Albion,Adam Webster,9601,Right Center Back,4
Brighton & Hove Albion,Igor Julio dos Santos de Paulo,9741,Left Back,3
Brighton & Hove Albion,João Pedro Junqueira de Jesus,25299,Center Forward,9
Brighton & Hove Albion,Jakub Moder,29480,,15
Brighton & Hove Albion,Anssumane Fati,30756,Center Attacking Midfield,31
Brighton & Hove Albion,Billy Gilmour,31067,Left Defensive Midfield,11
Brighton & Hove Albion,Tariq Lamptey,33602,Right Back,2
Brighton & Hove Albion,Bart Verbruggen,37274,Goalkeeper,1
Brighton & Hove Albion,Julio César Enciso Espínola,47112,Center Attacking Midfield,10
Brighton & Hove Albion,Jason Steele,47553,,23
Brighton & Hove Albion,Simon Adingra,105392,Left Wing,24
Brighton & Hove Albion,Valentín Barco,130655,Left Back,19
Brighton & Hove Albion,Odeluga Offiah,134392,Right Back,42
Brighton & Hove Albion,Noël Bigo Atom,144566,,65
Brighton & Hove Albion,Facundo Valentín Buonanotte,196954,Right Wing,40
Brighton & Hove Albion,Carlos Baleba,226169,Left Defensive Midfield,20
West Ham United,Aaron Cresswell,3062,Left Center Back,3
West Ham United,Gnaly Maxwell Cornet,3162,Right Wing,17
West Ham United,Łukasz Fabiański,3262,Goalkeeper,1
West Ham United,James Ward-Prowse,3328,Center Attacking Midfield,7
West Ham United,Michail Antonio,3349,Center Forward,9
West Ham United,Alphonse Areola,3379,,23
West Ham United,Kurt Happy Zouma,3456,Right Center Back,4
West Ham United,Daniel William John Ings,3654,Center Forward,18
West Ham United,Angelo Obinze Ogbonna,3843,Left Center Back,21
West Ham United,Emerson Palmieri dos Santos,4355,Left Back,33
West Ham United,Kalvin Phillips,4706,Left Defensive Midfield,11
West Ham United,Tomáš Souček,4870,Right Defensive Midfield,28
West Ham United,Edson Omar Álvarez Velázquez,5567,Left Defensive Midfield,19
West Ham United,Vladimír Coufal,16570,Right Back,5
West Ham United,Mohammed Kudus,17033,Right Wing,14
West Ham United,Lucas Tolentino Coelho de Lima,22600,Left Wing,10
West Ham United,Benjamin Johnson,23626,Right Defensive Midfield,2
West Ham United,Divin Mubama,141121,,45
West Ham United,Kaelan Casey,141126,,42
West Ham United,Lewis Orford,141127,,61
Crystal Palace,James Tomkins,3316,,5
Crystal Palace,Joel Ward,3443,,2
Crystal Palace,Jordan Ayew,3450,Right Attacking Midfield,9
Crystal Palace,Jeffrey Schlupp,3520,Left Attacking Midfield,15
Crystal Palace,Jaïro Riedewald,3591,Left Defensive Midfield,44
Crystal Palace,Remi Matthews,4059,,31
Crystal Palace,Dean Henderson,4073,Goalkeeper,30
Crystal Palace,Will Hughes,4588,Left Defensive Midfield,19
Crystal Palace,Nathaniel Edwin Clyne,4590,Right Center Back,17
Crystal Palace,Rob Holding,4591,,4
Crystal Palace,Jean-Philippe Mateta,7403,Center Forward,14
Crystal Palace,Joachim Andersen,8247,Center Back,16
Crystal Palace,Eberechi Eze,9000,Left Attacking Midfield,10
Crystal Palace,Odsonne Édouard,10544,Center Forward,22
Crystal Palace,Michael Olise,24215,Right Attacking Midfield,7
Crystal Palace,Daniel Muñoz Mejía,27423,Right Wing Back,12
Crystal Palace,Naouirou Ahamada,39413,Right Defensive Midfield,29
Crystal Palace,Chris Richards,41266,Left Center Back,26
Crystal Palace,Tyrick Mitchell,41437,Left Wing Back,3
Crystal Palace,Adam Wharton,77723,Right Defensive Midfield,20
Liverpool,Joe Gomez,3495,Right Back,2
Liverpool,Mohamed Salah,3531,Right Wing,11
Liverpool,Andrew Robertson,3655,Left Back,26
Liverpool,Trent Alexander-Arnold,3664,Right Back,66
Liverpool,Virgil van Dijk,3669,Left Center Back,4
Liverpool,Alisson Ramsés Becker,5547,Goalkeeper,1
Liverpool,Konstantinos Tsimikas,8489,,21
Liverpool,Diogo José Teixeira da Silva,9929,Center Forward,20
Liverpool,Ibrahima Konaté,11135,,5
Liverpool,Cody Mathès Gakpo,20750,Left Wing,18
Liverpool,Dominik Szoboszlai,21209,Left Wing,8
Liverpool,Ryan Gravenberch,23230,Left Center Midfield,38
Liverpool,Wataru Endo,23721,Center Defensive Midfield,3
Liverpool,Harvey Elliott,24938,Right Center Midfield,19
Liverpool,Luis Fernando Díaz Marulanda,27158,Right Wing,7
Liverpool,Alexis Mac Allister,27886,Left Center Midfield,10
Liverpool,Darwin Gabriel Núñez Ribeiro,32478,Center Forward,9
Liverpool,Curtis Jones,33231,,17
Liverpool,Caoimhin Kelleher,34959,,62
Liverpool,Jarell Quansah,40908,Right Center Back,78
Fulham,Alex Iwobi,3647,Right Wing,22
Fulham,Kenny Tete,3798,,2
Fulham,Antonee Robinson,4614,Left Back,33
Fulham,Raúl Alonso Jiménez Rodríguez,5568,,7
Fulham,Saša Lukić,6687,Right Defensive Midfield,28
Fulham,Andreas Hoelgebaum Pereira,6846,Center Attacking Midfield,18
Fulham,Timothy Castagne,6989,Right Back,21
Fulham,Harry Wilson,9540,Left Wing,8
Fulham,Oluwatosin Adarabioyo,9650,Right Center Back,4
Fulham,Bobby Armani De Cordova-Reid,9923,Left Wing,14
Fulham,Tom Cairney,10284,Left Defensive Midfield,10
Fulham,Adama Traoré Diarra,11333,Left Wing,11
Fulham,Harrison Reed,11936,,6
Fulham,João Maria Lobo Alves Palhinha Gonçalves,12169,Left Defensive Midfield,26
Fulham,Bernd Leno,15581,Goalkeeper,17
Fulham,Tim Ream,18242,,13
Fulham,Armando Broja,36885,,9
Fulham,Calvin Bassey Ughelumba,43779,Left Center Back,3
Fulham,Rodrigo Muniz Carvalho,49049,Center Forward,19
Burnley,Charles James Taylor,3627,Left Back,3
Burnley,Jay Rodriguez,3685,,9
Burnley,Johann Berg Guðmunds­son,3720,Right Wing,7
Burnley,Josh Cullen,4837,Right Defensive Midfield,24
Burnley,Jacob Bruun Larsen,8961,Left Midfield,34
Burnley,Joshua Brownhill,9607,Left Midfield,8
Burnley,Arijanet Murić,16234,Goalkeeper,49
Burnley,Sander Berge,16553,Left Defensive Midfield,16
Burnley,Dara Joseph O'Shea,18753,Right Center Back,2
Burnley,Mike Trésor Ndayishimiye,21889,,31
Burnley,Manuel Benson Hedilazio,23897,,10
Burnley,Victor Alexander da Silva,24016,Right Midfield,22
Burnley,Lyle Foster,29840,Right Center Forward,17
Burnley,Lorenz Assignon,39245,Right Back,20
Burnley,Hjalmar Ekdal,41208,,18
Burnley,James Trafford,42298,,1
Burnley,Mohamed Zeki Amdouni,48335,Left Wing,25
Burnley,David Datro Fofana,89326,Center Forward,23
Burnley,Maxime Esteve,112254,Left Center Back,33
Burnley,Wilson Odobert,151924,Left Center Forward,47
Sheffield United,Oliver McBurnie,3332,Center Forward,9
Sheffield United,Mason Holgate,3640,,30
Sheffield United,Ben Osborn,4732,Left Back,23
Sheffield United,Ben Brereton Díaz,4735,Left Wing,11
Sheffield United,Oliver James Norwood,11013,Left Defensive Midfield,16
Sheffield United,Jayden Bogle,11896,Right Back,20
Sheffield United,Auston Trusty,12359,Left Center Back,5
Sheffield United,Gustavo Hamer,15304,Center Attacking Midfield,8
Sheffield United,Wesley Foderingham,21018,,18
Sheffield United,Anel Ahmedhodžić,27652,Right Center Back,15
Sheffield United,Ivo Grbić,29342,Goalkeeper,13
Sheffield United,Vinicius de Souza Costa,32587,Right Defensive Midfield,21
Sheffield United,Yasser Larouci,34793,,27
Sheffield United,Anis Ben Slimane,35592,,25
Sheffield United,James McAtee,49667,Right Wing,28
Sheffield United,Cameron Archer,50563,Right Defensive Midfield,10
Sheffield United,William Idamudia Daugaard Osula,121254,,32
Sheffield United,Sam Curtis,133908,,29
Sheffield United,Andre Brooks,153124,Right Center Forward,35
Sheffield United,Oliver Luke Arblaster,214746,Left Defensive Midfield,24
Manchester City,Ederson Santana de Moraes,3067,Goalkeeper,31
Manchester City,Kevin De Bruyne,3089,Center Attacking Midfield,17
Manchester City,Bernardo Mota Veiga de Carvalho e Silva,3193,Right Wing,20
Manchester City,Kyle Walker,3205,Right Back,2
Manchester City,John Stones,3244,,5
Manchester City,Nathan Aké,3306,,6
Manchester City,Phil Foden,4354,Left Wing,47
Manchester City,Rúben Santos Gato Alves Dias,5206,Right Center Back,3
Manchester City,Mateo Kovačić,5456,Left Defensive Midfield,8
Manchester City,Manuel Obafemi Akanji,5549,Left Center Back,25
Manchester City,Rodrigo Hernández Cascante,6765,Right Defensive Midfield,16
Manchester City,Stefan Ortega Moreno,9194,Goalkeeper,18
Manchester City,Jack Grealish,9638,,10
Manchester City,Erling Håland,23616,Center Forward,9
Manchester City,Jeremy Doku,23650,Left Wing,11
Manchester City,Julián Álvarez,29560,Center Forward,19
Manchester City,Joško Gvardiol,33018,Left Back,24
Manchester City,Matheus Luiz Nunes,40874,,27
Manchester City,Rico Lewis,48705,,82
Manchester City,Oscar Bobb,104825,,52
Tottenham Hotspur,Heung-Min Son,3083,Left Wing,7
Tottenham Hotspur,Giovani Lo Celso,3313,Right Defensive Midfield,18
Tottenham Hotspur,Pierre-Emile Højbjerg,3570,Left Defensive Midfield,5
Tottenham Hotspur,Rodrigo Bentancur Colmán,5260,Right Defensive Midfield,30
Tottenham Hotspur,James Maddison,9905,Center Attacking Midfield,10
Tottenham Hotspur,Pedro Antonio Porro Sauceda,11292,Right Back,23
Tottenham Hotspur,Cristian Gabriel Romero,20572,Right Center Back,17
Tottenham Hotspur,Oliver Skipp,22145,Left Defensive Midfield,4
Tottenham Hotspur,Bryan Gil Salvatierra,22418,,11
Tottenham Hotspur,Dejan Kulusevski,22818,Center Forward,21
Tottenham Hotspur,Emerson Aparecido Leite de Souza Junior,23522,,12
Tottenham Hotspur,Brennan Johnson,29377,Right Wing,22
Tottenham Hotspur,Guglielmo Vicario,31225,Goalkeeper,13
Tottenham Hotspur,Micky van de Ven,32547,Left Back,37
Tottenham Hotspur,Radu Drăgușin,39615,Left Center Back,6
Tottenham Hotspur,Dane Scarlett,41599,,44
Tottenham Hotspur,Brandon Austin,48123,,40
Tottenham Hotspur,Pape Matar Sarr,50498,Center Forward,29
Tottenham Hotspur,Tyrese Hall,168899,,73
Tottenham Hotspur,Mikey Moore,298315,Center Attacking Midfield,59
Arsenal,Gabriel Fernando de Jesus,3202,Center Forward,9
Arsenal,Reiss Nelson,3571,,24
Arsenal,Oleksandr Zinchenko,3575,,35
Arsenal,Edward Nketiah,3737,,14
Arsenal,Declan Rice,3943,Center Defensive Midfield,41
Arsenal,David Raya Martin,4127,Goalkeeper,22
Arsenal,Thomas Teye Partey,6383,Center Defensive Midfield,5
Arsenal,Gabriel dos Santos Magalhães,6406,Left Center Back,6
Arsenal,Jorge Luiz Frello Filho,7024,,20
Arsenal,Martin Ødegaard,8252,Right Center Midfield,8
Arsenal,Kai Havertz,8966,Left Center Midfield,29
Arsenal,Leandro Trossard,16559,Left Wing,19
Arsenal,Emile Smith Rowe,16591,,10
Arsenal,William Saliba,17592,Right Center Back,2
Arsenal,Bukayo Saka,22084,Right Wing,7
Arsenal,Aaron Ramsdale,22783,,1
Arsenal,Ben White,22809,Right Back,4
Arsenal,Gabriel Teodoro Martinelli Silva,29976,Left Wing,11
Arsenal,Fabio Daniel Ferreira Vieira,39162,,21
Arsenal,Jakub Piotr Kiwior,44166,Left Back,15
Wolverhampton Wanderers,Mario Lemina,3951,Right Center Forward,5
Wolverhampton Wanderers,Daniel Bentley,4773,,25
Wolverhampton Wanderers,Hee-Chan Hwang,5620,Right Center Forward,11
Wolverhampton Wanderers,Pablo Sarabia García,6720,Left Center Forward,21
Wolverhampton Wanderers,Matt Doherty,9925,Right Back,2
Wolverhampton Wanderers,Rayan Aït Nouri,12111,Right Wing Back,3
Wolverhampton Wanderers,José Pedro Malheiro de Sá,18866,Goalkeeper,1
Wolverhampton Wanderers,Maximilian William Kilman,24940,Left Center Back,23
Wolverhampton Wanderers,Thomas Doyle,34789,Right Defensive Midfield,20
Wolverhampton Wanderers,Santiago Ignacio Bueno Sciutto,41138,Right Center Back,4
Wolverhampton Wanderers,João Victor Gomes da Silva,48720,Right Midfield,8
Wolverhampton Wanderers,Tote António Gomes,48941,Left Back,24
Wolverhampton Wanderers,Boubacar Traore,58878,Left Defensive Midfield,6
Wolverhampton Wanderers,Hugo Bueno,82220,Left Midfield,17
Wolverhampton Wanderers,Temple Ojinnaka,114415,,57
Wolverhampton Wanderers,Ty Barnett,133451,,45
Wolverhampton Wanderers,Nathan Fraser,133454,,63
Wolverhampton Wanderers,Tawanda Chirewa,142702,Left Center Forward,62
Wolverhampton Wanderers,Fletcher Holman,346675,,37
Wolverhampton Wanderers,Wesley Okoduwa,382459,,61
Newcastle United,Matt Ritchie,3049,,11
Newcastle United,Paul Dummett,3065,,3
Newcastle United,Jacob Murphy,3273,Right Wing,23
Newcastle United,Kieran Trippier,3308,Right Back,2
Newcastle United,Nick Pope,3474,,22
Newcastle United,Martin Dúbravka,3711,Goalkeeper,1
Newcastle United,Dan Burn,3864,Left Center Back,33
Newcastle United,Sean Longstaff,4031,Right Center Midfield,36
Newcastle United,Harvey Lewis Barnes,4718,Left Midfield,15
Newcastle United,Fabian Lukas Schär,5537,Right Back,5
Newcastle United,Emil Krafth,6358,Right Center Back,17
Newcastle United,Alexander Isak,8819,Center Forward,14
Newcastle United,Miguel Ángel Almirón Rejala,12603,Right Wing,24
Newcastle United,Joelinton Cassio Apolinário de Lira,13291,Left Center Midfield,7
Newcastle United,Bruno Guimarães Rodriguez Moura,25142,Center Defensive Midfield,39
Newcastle United,Anthony Gordon,28104,Left Wing,10
Newcastle United,Joe White,29381,,40
Newcastle United,Elliot Anderson,49702,Left Center Midfield,32
Newcastle United,Lewis Hall,134092,Left Back,20
Newcastle United,Alex Murphy,406072,,54
Manchester United,Christian Dannemann Eriksen,3043,Center Forward,14
Manchester United,Marcus Rashford,3318,Left Midfield,10
Manchester United,Scott McTominay,3620,Right Center Forward,39
Manchester United,Aaron Wan-Bissaka,3690,Right Back,29
Manchester United,Bruno Miguel Borges Fernandes,5204,Left Center Forward,8
Manchester United,Sofyan Amrabat,5234,Right Defensive Midfield,4
Manchester United,Carlos Henrique Casimiro,5539,Right Center Back,18
Manchester United,André Onana,8064,Goalkeeper,24
Manchester United,Jonathan Grant Evans,11012,Left Center Back,35
Manchester United,José Diogo Dalot Teixeira,16028,Left Back,20
Manchester United,Antony Matheus dos Santos,25363,,21
Manchester United,Lisandro Martínez,27768,Left Defensive Midfield,6
Manchester United,Altay Bayındır,30442,,1
Manchester United,Amad Diallo Traoré,32784,Right Midfield,16
Manchester United,Rasmus Winther Højlund,51672,Right Midfield,11
Manchester United,Omari Forson,52120,,62
Manchester United,Alejandro Garnacho Ferreyra,52129,Left Midfield,17
Manchester United,Kobbie Mainoo,99174,Left Defensive Midfield,37
Manchester United,Willy Kambwala Ndengushi,144086,,53
Manchester United,Tobias Christopher Collyer,241998,,65
Brentford,Mathias Jørgensen Jatta,3027,,13
Brentford,Ethan Pinnock,4610,Left Center Back,5
Brentford,Neal Maupay,4766,Center Forward,7
Brentford,Bryan Mbeumo,4935,Right Wing,19
Brentford,Saman Ghoddos,5240,,14
Brentford,Christian Nørgaard,7097,Right Center Midfield,6
Brentford,Yoane Wissa,7294,Center Forward,11
Brentford,Thomas Strakosha,7789,,21
Brentford,Kristoffer Vassbakk Ajer,10532,Right Back,20
Brentford,Vitaly Janelt,12074,Center Defensive Midfield,27
Brentford,Sergio Reguilón Rodríguez,18620,Left Back,12
Brentford,Mathias Jensen,18722,Left Center Midfield,8
Brentford,Mads Roerslev,24440,Right Back,30
Brentford,Mikkel Damsgaard,24443,Right Center Midfield,24
Brentford,Frank Onyeka,24467,,15
Brentford,Nathan Michael Collins,24824,Right Center Back,22
Brentford,Mark Flekken,25000,Goalkeeper,1
Brentford,Keane Lewis-Potter,32928,Left Wing,23
Brentford,Ehor Yarmolyuk,45803,Left Center Midfield,33
Brentford,Kevin Schade,58502,Left Wing,9
Luton Town,Andros Townsend,3297,Left Wing,30
Luton Town,Carlton Morris,4220,Center Forward,9
Luton Town,Ross Barkley,4275,Left Defensive Midfield,6
Luton Town,Reece Burke,4605,Right Center Back,16
Luton Town,Jordan Clark,9442,Right Attacking Midfield,18
Luton Town,Timothy Michael Krul,9467,,23
Luton Town,Pelly Ruddock Mpanzu,9674,Right Defensive Midfield,17
Luton Town,James Shea,11720,,1
Luton Town,Fred Onyedinma,13249,Right Wing Back,32
Luton Town,Cauley Woodrow,21090,,10
Luton Town,Albert-Mboyo Sambi Lokonga,21304,Right Defensive Midfield,28
Luton Town,Luke Berry,22175,Center Attacking Midfield,8
Luton Town,Gabriel Osho,22347,Left Center Back,2
Luton Town,Tahith Chong,23636,Left Attacking Midfield,14
Luton Town,Thomas Kaminski,23741,Goalkeeper,24
Luton Town,Alfie Doughty,33074,Left Wing Back,45
Luton Town,Issa Kabore,35471,Right Wing Back,12
Luton Town,Daiki Hashioka,37249,Right Defensive Midfield,27
Luton Town,Teden Mengi,43604,Center Back,15
Luton Town,Joseph Nathan Johnson,393324,,38
AFC Bournemouth,Philip Billing,3331,Center Attacking Midfield,29
AFC Bournemouth,Dominic Solanke,3614,Center Forward,9
AFC Bournemouth,Lewis Cook,3615,Left Defensive Midfield,4
AFC Bournemouth,Adam Smith,6409,Right Back,15
AFC Bournemouth,Norberto Murara Neto,6590,Goalkeeper,1
AFC Bournemouth,Enes Ünal,6760,Right Wing,26
AFC Bournemouth,Justin Kluivert,8063,Center Attacking Midfield,19
AFC Bournemouth,Antoine Semenyo,9286,Left Center Back,24
AFC Bournemouth,Lloyd Kelly,9938,Left Back,5
AFC Bournemouth,Ryan Christie,12510,Right Defensive Midfield,10
AFC Bournemouth,Maximillian James Aarons,16689,Right Back,37
AFC Bournemouth,James Hill,24867,,23
AFC Bournemouth,Mark Travers,24937,,42
AFC Bournemouth,Marcos Senesi,27773,Left Center Back,25
AFC Bournemouth,Illia Zabarnyi,39136,Right Center Back,27
AFC Bournemouth,Milos Kerkez,89635,Left Wing,3
AFC Bournemouth,Alex Scott,91951,Left Defensive Midfield,14
AFC Bournemouth,Dango Aboubacar Faissal Ouattara,95042,Right Wing,11
AFC Bournemouth,Callan McKenna,216523,,46
AFC Bournemouth,Michael Dacosta Gonzales,357874,,50
Aston Villa,Youri Tielemans,2954,Left Defensive Midfield,8
Aston Villa,Diego Carlos Santos Silva,3366,Right Wing,3
Aston Villa,Calum Chambers,3713,,16
Aston Villa,Ezri Konsa Ngoyo,3822,Right Center Back,4
Aston Villa,Matty Cash,4734,Right Back,2
Aston Villa,Ollie Watkins,4760,Center Forward,11
Aston Villa,Robin Olsen,5622,,25
Aston Villa,Clément Lenglet,6826,,17
Aston Villa,Lucas Digne,6849,Left Back,12
Aston Villa,Pau Francisco Torres,6892,Left Center Back,14
Aston Villa,Damián Emiliano Martínez,6909,Goalkeeper,1
Aston Villa,Leon Bailey Butler,8214,Right Wing,31
Aston Villa,Moussa Diaby,8292,Center Attacking Midfield,19
Aston Villa,John McGinn,9974,Right Defensive Midfield,7
Aston Villa,Jhon Jáder Durán Palacio,30976,Center Attacking Midfield,24
Aston Villa,Morgan Rogers,39354,Left Wing,27
Aston Villa,Kaine Kesler-Hayden,93376,Right Wing,29
Aston Villa,Tim Iroegbunam,113387,,47
Aston Villa,Finley Munroe,145001,,69
Aston Villa,Omari Kellyman,332163,,71
Chelsea,Thiago Emiliano da Silva,3295,Right Center Back,6
Chelsea,Axel Disasi,7439,Right Center Back,2
Chelsea,Trevoh Chalobah,9026,Right Back,14
Chelsea,Marcus Bettinelli,12258,,13
Chelsea,Marc Cucurella Saseta,17620,Left Back,3
Chelsea,Benoît Badiashile Mukinayi,21368,Left Center Back,5
Chelsea,Conor Gallagher,29399,Left Center Midfield,23
Chelsea,Chukwunonso Madueke,31506,Right Wing,11
Chelsea,Đorđe Petrović,32565,Goalkeeper,28
Chelsea,Moisés Isaac Caicedo Corozo,37726,Right Center Midfield,25
Chelsea,Cole Palmer,39461,Center Attacking Midfield,20
Chelsea,Mykhailo Mudryk,39483,Left Wing,10
Chelsea,Cesare Casadei,44736,Left Wing,31
Chelsea,Nicolas Jackson,50497,Center Forward,15
Chelsea,Alfie Gilchrist,109640,,42
Chelsea,Ted Curd,134094,,40
Chelsea,Deivid Washington de Souza Eugênio,271873,,36
Chelsea,Tyrique George,315975,,67
Chelsea,Kiano Dyer,315976,,78
Chelsea,Joshua Kofi Acheampong,333939,,63
Aston Villa,Youri Tielemans,2954,Right Defensive Midfield,8
Aston Villa,Diego Carlos Santos Silva,3366,Right Midfield,3
Aston Villa,Calum Chambers,3713,,16
Aston Villa,Ezri Konsa Ngoyo,3822,Right Center Back,4
Aston Villa,Matty Cash,4734,Right Back,2
Aston Villa,Ollie Watkins,4760,Center Forward,11
Aston Villa,Robin Olsen,5622,Goalkeeper,25
Aston Villa,Douglas Luiz Soares de Paulo,6574,Left Defensive Midfield,6
Aston Villa,Clément Lenglet,6826,,17
Aston Villa,Lucas Digne,6849,Left Back,12
Aston Villa,Pau Francisco Torres,6892,Left Center Back,14
Aston Villa,Damián Emiliano Martínez,6909,Goalkeeper,1
Aston Villa,Leon Bailey Butler,8214,Right Midfield,31
Aston Villa,Moussa Diaby,8292,Right Defensive Midfield,19
Aston Villa,John McGinn,9974,Center Attacking Midfield,7
Aston Villa,Jhon Jáder Durán Palacio,30976,Center Attacking Midfield,24
Aston Villa,Morgan Rogers,39354,Left Midfield,27
Aston Villa,Kaine Kesler-Hayden,93376,,29
Aston Villa,Tim Iroegbunam,113387,Left Defensive Midfield,47
Aston Villa,Omari Kellyman,332163,,71
Brentford,Mathias Jørgensen Jatta,3027,,13
Brentford,Ivan Toney,3834,Center Forward,17
Brentford,Ethan Pinnock,4610,Left Center Back,5
Brentford,Bryan Mbeumo,4935,Right Wing,19
Brentford,Saman Ghoddos,5240,,14
Brentford,Christian Nørgaard,7097,Center Defensive Midfield,6
Brentford,Yoane Wissa,7294,Left Wing,11
Brentford,Kristoffer Vassbakk Ajer,10532,Right Back,20
Brentford,Vitaly Janelt,12074,Left Center Midfield,27
Brentford,Sergio Reguilón Rodríguez,18620,Left Back,12
Brentford,Mathias Jensen,18722,Right Center Midfield,8
Brentford,Mads Roerslev,24440,Right Back,30
Brentford,Mikkel Damsgaard,24443,Left Center Midfield,24
Brentford,Frank Onyeka,24467,,15
Brentford,Nathan Michael Collins,24824,Right Center Back,22
Brentford,Mark Flekken,25000,Goalkeeper,1
Brentford,Keane Lewis-Potter,32928,Left Wing,23
Brentford,Ehor Yarmolyuk,45803,Center Defensive Midfield,33
Brentford,Kevin Schade,58502,Left Back,9
Brentford,Hákon Rafn Valdimarsson,102369,,31
Everton,Abdoulaye Doucouré,3292,Left Center Midfield,16
Everton,Idrissa Gana Gueye,3436,Center Defensive Midfield,27
Everton,Michael Keane,3438,Center Forward,5
Everton,Jordan Pickford,3468,Goalkeeper,1
Everton,Ashley Young,3612,Left Back,18
Everton,James Tarkowski,3628,Right Center Back,6
Everton,Ben Godfrey,4076,Right Back,22
Everton,Dwight McNeil,5111,Left Midfield,7
Everton,Jack Harrison,9616,Right Midfield,11
Everton,André Filipe Tavares Gomes,10802,,21
Everton,Arnaut Danjuma Groeneveld,16284,,10
Everton,Andrew Michael Lonergan,23512,,31
Everton,James Garner,23625,Right Center Midfield,37
Everton,João Manuel Neves Virginia,29378,,12
Everton,Jarrad Branthwaite,32762,Left Center Back,32
Everton,Lewis Warrington,47257,,51
Everton,Amadou Onana,48347,Left Defensive Midfield,8
Everton,Mackenzie Hunt,49671,,58
Everton,Jenson Metcalfe,77722,,86
Everton,Youssef Ramalho Chermiti,149581,Center Forward,28
Crystal Palace,James Tomkins,3316,,5
Crystal Palace,Joel Ward,3443,,2
Crystal Palace,Jordan Ayew,3450,Left Attacking Midfield,9
Crystal Palace,Jeffrey Schlupp,3520,Left Attacking Midfield,15
Crystal Palace,Jaïro Riedewald,3591,,44
Crystal Palace,Remi Matthews,4059,,31
Crystal Palace,Dean Henderson,4073,Goalkeeper,30
Crystal Palace,Will Hughes,4588,Left Defensive Midfield,19
Crystal Palace,Nathaniel Edwin Clyne,4590,Right Center Back,17
Crystal Palace,Jean-Philippe Mateta,7403,Center Forward,14
Crystal Palace,Joachim Andersen,8247,Center Back,16
Crystal Palace,Odsonne Édouard,10544,Center Forward,22
Crystal Palace,Michael Olise,24215,Right Attacking Midfield,7
Crystal Palace,Daniel Muñoz Mejía,27423,Right Wing Back,12
Crystal Palace,Naouirou Ahamada,39413,Left Wing Back,29
Crystal Palace,Chris Richards,41266,Left Center Back,26
Crystal Palace,Tyrick Mitchell,41437,Left Wing Back,3
Crystal Palace,Adam Wharton,77723,Right Defensive Midfield,20
Crystal Palace,Jesuran Rak-Sakyi,106904,,49
Crystal Palace,David Ozoh,138813,,52
Fulham,Willian Borges da Silva,3472,Right Wing,20
Fulham,Alex Iwobi,3647,Left Wing,22
Fulham,Kenny Tete,3798,,2
Fulham,Marek Rodák,4152,,1
Fulham,Issa Diop,4349,Right Center Back,31
Fulham,Antonee Robinson,4614,Left Back,33
Fulham,Saša Lukić,6687,Left Defensive Midfield,28
Fulham,Andreas Hoelgebaum Pereira,6846,Center Attacking Midfield,18
Fulham,Timothy Castagne,6989,Right Back,21
Fulham,Harry Wilson,9540,Center Attacking Midfield,8
Fulham,Bobby Armani De Cordova-Reid,9923,Right Wing,14
Fulham,Tom Cairney,10284,Right Defensive Midfield,10
Fulham,Adama Traoré Diarra,11333,,11
Fulham,Harrison Reed,11936,Right Defensive Midfield,6
Fulham,João Maria Lobo Alves Palhinha Gonçalves,12169,Left Defensive Midfield,26
Fulham,Bernd Leno,15581,Goalkeeper,17
Fulham,Tim Ream,18242,,13
Fulham,Armando Broja,36885,Center Forward,9
Fulham,Calvin Bassey Ughelumba,43779,Left Center Back,3
Fulham,Rodrigo Muniz Carvalho,49049,Center Forward,19
Burnley,Charles James Taylor,3627,,3
Burnley,Jay Rodriguez,3685,,9
Burnley,Johann Berg Guðmunds­son,3720,Left Midfield,7
Burnley,Josh Cullen,4837,Left Defensive Midfield,24
Burnley,Jacob Bruun Larsen,8961,Left Midfield,34
Burnley,Joshua Brownhill,9607,,8
Burnley,Arijanet Murić,16234,Goalkeeper,49
Burnley,Sander Berge,16553,Right Defensive Midfield,16
Burnley,Dara Joseph O'Shea,18753,Right Center Back,2
Burnley,Mike Trésor Ndayishimiye,21889,,31
Burnley,Manuel Benson Hedilazio,23897,,10
Burnley,Victor Alexander da Silva,24016,Left Back,22
Burnley,Lyle Foster,29840,Right Center Forward,17
Burnley,Lorenz Assignon,39245,Right Back,20
Burnley,Hjalmar Ekdal,41208,,18
Burnley,James Trafford,42298,,1
Burnley,Mohamed Zeki Amdouni,48335,Left Center Forward,25
Burnley,David Datro Fofana,89326,Left Center Forward,23
Burnley,Maxime Esteve,112254,Left Center Back,33
Burnley,Wilson Odobert,151924,Right Midfield,47
Manchester United,Christian Dannemann Eriksen,3043,Left Defensive Midfield,14
Manchester United,Harry Maguire,3336,Left Center Back,5
Manchester United,Scott McTominay,3620,Right Defensive Midfield,39
Manchester United,Aaron Wan-Bissaka,3690,Right Back,29
Manchester United,Bruno Miguel Borges Fernandes,5204,Center Attacking Midfield,8
Manchester United,Sofyan Amrabat,5234,Left Defensive Midfield,4
Manchester United,Carlos Henrique Casimiro,5539,Right Center Back,18
Manchester United,Mason Mount,7843,Right Defensive Midfield,7
Manchester United,André Onana,8064,Goalkeeper,24
Manchester United,José Diogo Dalot Teixeira,16028,Left Back,20
Manchester United,Antony Matheus dos Santos,25363,Right Wing,21
Manchester United,Altay Bayındır,30442,,1
Manchester United,Amad Diallo Traoré,32784,Center Forward,16
Manchester United,Rasmus Winther Højlund,51672,Center Forward,11
Manchester United,Omari Forson,52120,,62
Manchester United,Alejandro Garnacho Ferreyra,52129,Left Wing,17
Manchester United,Louis Jackson,57546,,78
Manchester United,Kobbie Mainoo,99174,Right Defensive Midfield,37
Manchester United,Ethan Wheatley,306934,,84
Manchester United,Harry Amass,354570,,70
Sheffield United,Mason Holgate,3640,Right Center Back,30
Sheffield United,Ben Osborn,4732,Left Wing Back,23
Sheffield United,Ben Brereton Díaz,4735,Left Center Forward,11
Sheffield United,Jack Robinson,10485,Right Center Back,19
Sheffield United,Oliver James Norwood,11013,,16
Sheffield United,Jayden Bogle,11896,Right Wing Back,20
Sheffield United,Auston Trusty,12359,Left Center Back,5
Sheffield United,Gustavo Hamer,15304,Right Center Midfield,8
Sheffield United,Wesley Foderingham,21018,Goalkeeper,18
Sheffield United,Anel Ahmedhodžić,27652,Center Back,15
Sheffield United,Ivo Grbić,29342,,13
Sheffield United,Vinicius de Souza Costa,32587,Left Center Midfield,21
Sheffield United,Yasser Larouci,34793,,27
Sheffield United,Anis Ben Slimane,35592,Right Wing,25
Sheffield United,Cameron Archer,50563,Right Center Forward,10
Sheffield United,William Idamudia Daugaard Osula,121254,Right Center Forward,32
Sheffield United,Sam Curtis,133908,,29
Sheffield United,Louie Marsh,140743,,34
Sheffield United,Andre Brooks,153124,Left Center Midfield,35
Sheffield United,Oliver Luke Arblaster,214746,Center Defensive Midfield,24
Newcastle United,Matt Ritchie,3049,Right Midfield,11
Newcastle United,Paul Dummett,3065,,3
Newcastle United,Jacob Murphy,3273,Right Wing,23
Newcastle United,Callum Wilson,3616,Left Center Midfield,9
Newcastle United,Loris Karius,3630,,18
Newcastle United,Martin Dúbravka,3711,Goalkeeper,1
Newcastle United,Dan Burn,3864,Left Center Back,33
Newcastle United,Sean Longstaff,4031,Right Center Midfield,36
Newcastle United,Harvey Lewis Barnes,4718,Right Wing,15
Newcastle United,Fabian Lukas Schär,5537,Right Center Back,5
Newcastle United,Emil Krafth,6358,Right Center Back,17
Newcastle United,Alexander Isak,8819,Center Forward,14
Newcastle United,Bruno Guimarães Rodriguez Moura,25142,Center Defensive Midfield,39
Newcastle United,Anthony Gordon,28104,Left Wing,10
Newcastle United,Joe White,29381,,40
Newcastle United,Valentino Livramento,39241,Right Back,21
Newcastle United,Elliot Anderson,49702,Left Center Midfield,32
Newcastle United,Ben Parkinson,134050,,63
Newcastle United,Lewis Hall,134092,Left Back,20
Newcastle United,Alex Murphy,406072,Left Back,54
Manchester City,Ederson Santana de Moraes,3067,Goalkeeper,31
Manchester City,Kevin De Bruyne,3089,Right Center Midfield,17
Manchester City,Bernardo Mota Veiga de Carvalho e Silva,3193,Left Center Midfield,20
Manchester City,Kyle Walker,3205,Right Back,2
Manchester City,John Stones,3244,,5
Manchester City,Nathan Aké,3306,Left Center Back,6
Manchester City,Scott Carson,4815,,33
Manchester City,Mateo Kovačić,5456,Left Defensive Midfield,8
Manchester City,Manuel Obafemi Akanji,5549,Right Center Back,25
Manchester City,Rodrigo Hernández Cascante,6765,Center Defensive Midfield,16
Manchester City,Stefan Ortega Moreno,9194,Goalkeeper,18
Manchester City,Jack Grealish,9638,Left Midfield,10
Manchester City,Sergio Gómez Martín,22199,,21
Manchester City,Erling Håland,23616,Left Wing,9
Manchester City,Jeremy Doku,23650,Right Midfield,11
Manchester City,Julián Álvarez,29560,Center Forward,19
Manchester City,Joško Gvardiol,33018,Left Back,24
Manchester City,Matheus Luiz Nunes,40874,Center Attacking Midfield,27
Manchester City,Rico Lewis,48705,,82
Manchester City,Oscar Bobb,104825,Left Wing,52
Nottingham Forest,Ibrahim Sangaré,3017,Center Back,6
Nottingham Forest,Moussa Niakhate,3198,Left Center Back,19
Nottingham Forest,Chris Wood,3505,Center Forward,11
Nottingham Forest,Ryan Yates,4239,Left Defensive Midfield,22
Nottingham Forest,Callum Hudson-Odoi,4274,Left Wing,14
Nottingham Forest,Divock Okoth Origi,4747,,27
Nottingham Forest,Harry Toffolo,6555,,15
Nottingham Forest,Willy Boly,9933,Right Center Back,30
Nottingham Forest,Morgan Gibbs-White,9934,Right Defensive Midfield,10
Nottingham Forest,Matz Sels,10479,Goalkeeper,26
Nottingham Forest,Temitayo Olufisayo Olaoluwa Aina,11492,Left Wing Back,43
Nottingham Forest,Matthew Charles Turner,12352,,1
Nottingham Forest,Gonzalo Ariel Montiel,28263,Right Wing Back,29
Nottingham Forest,Giovanni Reyna,34339,Right Wing,20
Nottingham Forest,Neco Williams,34794,Right Wing Back,7
Nottingham Forest,Danilo dos Santos de Oliveira,46451,Left Defensive Midfield,28
Nottingham Forest,Anthony Elanga,50991,Right Wing,21
Nottingham Forest,Andrew Omobamidele,58467,Center Back,32
Nottingham Forest,Rodrigo Duarte Ribeiro,149579,,37
Nottingham Forest,Murillo Santiago Costa dos Santos,271487,Center Back,40
Arsenal,Gabriel Fernando de Jesus,3202,,9
Arsenal,Oleksandr Zinchenko,3575,,35
Arsenal,Edward Nketiah,3737,,14
Arsenal,Declan Rice,3943,Left Center Midfield,41
Arsenal,David Raya Martin,4127,Goalkeeper,22
Arsenal,Thomas Teye Partey,6383,Center Defensive Midfield,5
Arsenal,Gabriel dos Santos Magalhães,6406,Left Center Back,6
Arsenal,Jorge Luiz Frello Filho,7024,,20
Arsenal,Martin Ødegaard,8252,Right Center Midfield,8
Arsenal,Kai Havertz,8966,Center Forward,29
Arsenal,Leandro Trossard,16559,Left Wing,19
Arsenal,Emile Smith Rowe,16591,,10
Arsenal,William Saliba,17592,Right Center Back,2
Arsenal,Bukayo Saka,22084,Right Wing,7
Arsenal,Aaron Ramsdale,22783,,1
Arsenal,Ben White,22809,Right Back,4
Arsenal,Takehiro Tomiyasu,23730,Left Back,18
Arsenal,Gabriel Teodoro Martinelli Silva,29976,Left Wing,11
Arsenal,Fabio Daniel Ferreira Vieira,39162,,21
Arsenal,Jakub Piotr Kiwior,44166,Left Center Back,15
Tottenham Hotspur,Heung-Min Son,3083,Center Forward,7
Tottenham Hotspur,Ben Davies,3086,Left Back,33
Tottenham Hotspur,Richarlison de Andrade,3280,Center Attacking Midfield,9
Tottenham Hotspur,Giovani Lo Celso,3313,Left Back,18
Tottenham Hotspur,Pierre-Emile Højbjerg,3570,Left Defensive Midfield,5
Tottenham Hotspur,Yves Bissouma,4385,Left Defensive Midfield,8
Tottenham Hotspur,Rodrigo Bentancur Colmán,5260,Right Defensive Midfield,30
Tottenham Hotspur,Timo Werner,5557,Left Wing,16
Tottenham Hotspur,James Maddison,9905,Center Attacking Midfield,10
Tottenham Hotspur,Pedro Antonio Porro Sauceda,11292,Right Back,23
Tottenham Hotspur,Cristian Gabriel Romero,20572,Right Center Back,17
Tottenham Hotspur,Bryan Gil Salvatierra,22418,,11
Tottenham Hotspur,Dejan Kulusevski,22818,Right Wing,21
Tottenham Hotspur,Emerson Aparecido Leite de Souza Junior,23522,,12
Tottenham Hotspur,Brennan Johnson,29377,Left Wing,22
Tottenham Hotspur,Guglielmo Vicario,31225,Goalkeeper,13
Tottenham Hotspur,Micky van de Ven,32547,Left Center Back,37
Tottenham Hotspur,Radu Drăgușin,39615,,6
Tottenham Hotspur,Brandon Austin,48123,,40
Tottenham Hotspur,Pape Matar Sarr,50498,Right Defensive Midfield,29
Liverpool,Joe Gomez,3495,Right Back,2
Liverpool,Mohamed Salah,3531,Left Wing,11
Liverpool,Andrew Robertson,3655,Left Back,26
Liverpool,Trent Alexander-Arnold,3664,Right Back,66
Liverpool,Virgil van Dijk,3669,Left Center Back,4
Liverpool,Alisson Ramsés Becker,5547,Goalkeeper,1
Liverpool,Konstantinos Tsimikas,8489,,21
Liverpool,Ibrahima Konaté,11135,,5
Liverpool,Cody Mathès Gakpo,20750,Center Forward,18
Liverpool,Dominik Szoboszlai,21209,Right Center Back,8
Liverpool,Ryan Gravenberch,23230,Left Center Midfield,38
Liverpool,Wataru Endo,23721,Center Defensive Midfield,3
Liverpool,Harvey Elliott,24938,Right Wing,19
Liverpool,Luis Fernando Díaz Marulanda,27158,Left Wing,7
Liverpool,Alexis Mac Allister,27886,Right Center Midfield,10
Liverpool,Darwin Gabriel Núñez Ribeiro,32478,Center Defensive Midfield,9
Liverpool,Curtis Jones,33231,,17
Liverpool,Caoimhin Kelleher,34959,,62
Liverpool,Jarell Quansah,40908,Right Center Back,78
Liverpool,Stefan Bajcetic Maquieira,122573,,43
West Ham United,Aaron Cresswell,3062,,3
West Ham United,Gnaly Maxwell Cornet,3162,,17
West Ham United,Łukasz Fabiański,3262,,1
West Ham United,James Ward-Prowse,3328,Right Defensive Midfield,7
West Ham United,Michail Antonio,3349,Center Forward,9
West Ham United,Alphonse Areola,3379,Goalkeeper,23
West Ham United,Kurt Happy Zouma,3456,Right Center Back,4
West Ham United,Daniel William John Ings,3654,,18
West Ham United,Angelo Obinze Ogbonna,3843,Left Center Back,21
West Ham United,Emerson Palmieri dos Santos,4355,Left Back,33
West Ham United,Kalvin Phillips,4706,,11
West Ham United,Tomáš Souček,4870,Right Defensive Midfield,28
West Ham United,Edson Omar Álvarez Velázquez,5567,Left Defensive Midfield,19
West Ham United,Jarrod Bowen,9640,Right Wing,20
West Ham United,Vladimír Coufal,16570,Right Back,5
West Ham United,Mohammed Kudus,17033,Left Wing,14
West Ham United,Lucas Tolentino Coelho de Lima,22600,Center Attacking Midfield,10
West Ham United,Benjamin Johnson,23626,,2
West Ham United,Divin Mubama,141121,,45
West Ham United,Kaelan Casey,141126,,42
Luton Town,Andros Townsend,3297,,30
Luton Town,Carlton Morris,4220,Center Forward,9
Luton Town,Ross Barkley,4275,Left Defensive Midfield,6
Luton Town,Reece Burke,4605,Right Center Back,16
Luton Town,Jordan Clark,9442,Right Attacking Midfield,18
Luton Town,Timothy Michael Krul,9467,,23
Luton Town,Pelly Ruddock Mpanzu,9674,,17
Luton Town,Elijah Adebayo,9827,Left Defensive Midfield,11
Luton Town,James Shea,11720,,1
Luton Town,Fred Onyedinma,13249,Right Wing Back,32
Luton Town,Cauley Woodrow,21090,Right Wing Back,10
Luton Town,Albert-Mboyo Sambi Lokonga,21304,Right Defensive Midfield,28
Luton Town,Luke Berry,22175,Right Attacking Midfield,8
Luton Town,Gabriel Osho,22347,Left Center Back,2
Luton Town,Tahith Chong,23636,Left Attacking Midfield,14
Luton Town,Thomas Kaminski,23741,Goalkeeper,24
Luton Town,Alfie Doughty,33074,Left Wing Back,45
Luton Town,Daiki Hashioka,37249,Right Wing Back,27
Luton Town,Teden Mengi,43604,Center Back,15
Luton Town,Joseph Nathan Johnson,393324,,38
Wolverhampton Wanderers,Mario Lemina,3951,Right Defensive Midfield,5
Wolverhampton Wanderers,Daniel Bentley,4773,,25
Wolverhampton Wanderers,Hee-Chan Hwang,5620,Center Forward,11
Wolverhampton Wanderers,Nélson Cabral Semedo,6374,Right Center Back,22
Wolverhampton Wanderers,Pablo Sarabia García,6720,Left Attacking Midfield,21
Wolverhampton Wanderers,Matt Doherty,9925,Right Wing Back,2
Wolverhampton Wanderers,Rayan Aït Nouri,12111,Left Wing Back,3
Wolverhampton Wanderers,Matheus Santos Carneiro da Cunha,12425,Left Attacking Midfield,12
Wolverhampton Wanderers,José Pedro Malheiro de Sá,18866,Goalkeeper,1
Wolverhampton Wanderers,Maximilian William Kilman,24940,Center Back,23
Wolverhampton Wanderers,Thomas Doyle,34789,,20
Wolverhampton Wanderers,João Victor Gomes da Silva,48720,Right Attacking Midfield,8
Wolverhampton Wanderers,Tote António Gomes,48941,Left Center Back,24
Wolverhampton Wanderers,Boubacar Traore,58878,Left Defensive Midfield,6
Wolverhampton Wanderers,Hugo Bueno,82220,Left Wing Back,17
Wolverhampton Wanderers,Ty Barnett,133451,,45
Wolverhampton Wanderers,Nathan Fraser,133454,,63
Wolverhampton Wanderers,Tawanda Chirewa,142702,,62
Wolverhampton Wanderers,Enso David Gonzalez Medina,312556,,30
Wolverhampton Wanderers,Wesley Okoduwa,382459,,61
Brighton & Hove Albion,Lewis Dunk,3088,Right Center Back,5
Brighton & Hove Albion,Pascal Groß,3097,Right Defensive Midfield,13
Brighton & Hove Albion,Daniel Nii Tackie Mensah Welbeck,3569,Center Forward,18
Brighton & Hove Albion,Adam David Lallana,4090,,14
Brighton & Hove Albion,Joël Veltman,8067,Right Back,34
Brighton & Hove Albion,Adam Webster,9601,Right Center Back,4
Brighton & Hove Albion,Igor Julio dos Santos de Paulo,9741,Left Center Back,3
Brighton & Hove Albion,João Pedro Junqueira de Jesus,25299,Center Attacking Midfield,9
Brighton & Hove Albion,Jakub Moder,29480,,15
Brighton & Hove Albion,Anssumane Fati,30756,,31
Brighton & Hove Albion,Billy Gilmour,31067,Left Defensive Midfield,11
Brighton & Hove Albion,Bart Verbruggen,37274,Goalkeeper,1
Brighton & Hove Albion,Julio César Enciso Espínola,47112,Left Wing,10
Brighton & Hove Albion,Jason Steele,47553,,23
Brighton & Hove Albion,Simon Adingra,105392,Left Wing,24
Brighton & Hove Albion,Valentín Barco,130655,Left Back,19
Brighton & Hove Albion,Odeluga Offiah,134392,Right Back,42
Brighton & Hove Albion,Facundo Valentín Buonanotte,196954,Right Wing,40
Brighton & Hove Albion,Carlos Baleba,226169,Left Back,20
Brighton & Hove Albion,Mark O’Mahony,374448,Center Forward,55
AFC Bournemouth,Dominic Solanke,3614,Left Center Forward,9
AFC Bournemouth,Lewis Cook,3615,Left Defensive Midfield,4
AFC Bournemouth,Adam Smith,6409,Right Back,15
AFC Bournemouth,Norberto Murara Neto,6590,,1
AFC Bournemouth,Enes Ünal,6760,Right Center Forward,26
AFC Bournemouth,Justin Kluivert,8063,Left Midfield,19
AFC Bournemouth,Antoine Semenyo,9286,Right Midfield,24
AFC Bournemouth,Lloyd Kelly,9938,Left Center Back,5
AFC Bournemouth,Ryan Christie,12510,Left Defensive Midfield,10
AFC Bournemouth,Maximillian James Aarons,16689,Right Wing,37
AFC Bournemouth,James Hill,24867,Left Center Back,23
AFC Bournemouth,Mark Travers,24937,Goalkeeper,42
AFC Bournemouth,Marcos Senesi,27773,Right Center Back,25
AFC Bournemouth,Alex Scott,91951,Right Defensive Midfield,14
AFC Bournemouth,Dango Aboubacar Faissal Ouattara,95042,Left Back,11
AFC Bournemouth,Callan McKenna,216523,,46
AFC Bournemouth,Dominic Sadi,304175,Center Attacking Midfield,49
AFC Bournemouth,Maxwell Kinsey-Wellings,357872,,48
AFC Bournemouth,Michael Dacosta Gonzales,357874,,50
Tottenham Hotspur,Heung-Min Son,3083,Center Forward,7
Tottenham Hotspur,Richarlison de Andrade,3280,Left Center Midfield,9
Tottenham Hotspur,Giovani Lo Celso,3313,Right Center Midfield,18
Tottenham Hotspur,Pierre-Emile Højbjerg,3570,,5
Tottenham Hotspur,Yves Bissouma,4385,Center Defensive Midfield,8
Tottenham Hotspur,Rodrigo Bentancur Colmán,5260,Left Center Midfield,30
Tottenham Hotspur,James Maddison,9905,Right Wing,10
Tottenham Hotspur,Pedro Antonio Porro Sauceda,11292,Right Back,23
Tottenham Hotspur,Cristian Gabriel Romero,20572,Right Center Back,17
Tottenham Hotspur,Oliver Skipp,22145,Left Back,4
Tottenham Hotspur,Bryan Gil Salvatierra,22418,,11
Tottenham Hotspur,Dejan Kulusevski,22818,Right Wing,21
Tottenham Hotspur,Emerson Aparecido Leite de Souza Junior,23522,Left Back,12
Tottenham Hotspur,Brennan Johnson,29377,Left Wing,22
Tottenham Hotspur,Guglielmo Vicario,31225,Goalkeeper,13
Tottenham Hotspur,Micky van de Ven,32547,Left Center Back,37
Tottenham Hotspur,Radu Drăgușin,39615,,6
Tottenham Hotspur,Brandon Austin,48123,,40
Tottenham Hotspur,Pape Matar Sarr,50498,Right Center Midfield,29
Tottenham Hotspur,Mikey Moore,298315,,59
Liverpool,Joe Gomez,3495,Left Back,2
Liverpool,Mohamed Salah,3531,Right Wing,11
Liverpool,Andrew Robertson,3655,Left Back,26
Liverpool,Trent Alexander-Arnold,3664,Right Back,66
Liverpool,Virgil van Dijk,3669,Left Center Back,4
Liverpool,Alisson Ramsés Becker,5547,Goalkeeper,1
Liverpool,Ibrahima Konaté,11135,,5
Liverpool,Cody Mathès Gakpo,20750,Center Forward,18
Liverpool,Dominik Szoboszlai,21209,Right Center Midfield,8
Liverpool,Ryan Gravenberch,23230,Left Center Midfield,38
Liverpool,Wataru Endo,23721,Center Defensive Midfield,3
Liverpool,Harvey Elliott,24938,Right Center Midfield,19
Liverpool,Luis Fernando Díaz Marulanda,27158,Left Wing,7
Liverpool,Alexis Mac Allister,27886,Left Center Midfield,10
Liverpool,Darwin Gabriel Núñez Ribeiro,32478,Left Wing,9
Liverpool,Curtis Jones,33231,,17
Liverpool,Caoimhin Kelleher,34959,,62
Liverpool,Conor Bradley,40209,,84
Liverpool,Jarell Quansah,40908,Right Center Back,78
Liverpool,Stefan Bajcetic Maquieira,122573,Center Defensive Midfield,43
Everton,Abdoulaye Doucouré,3292,Left Center Midfield,16
Everton,Idrissa Gana Gueye,3436,Center Defensive Midfield,27
Everton,Michael Keane,3438,,5
Everton,Jordan Pickford,3468,Goalkeeper,1
Everton,Dominic Calvert-Lewin,3470,Center Forward,9
Everton,Ashley Young,3612,Left Back,18
Everton,James Tarkowski,3628,Right Center Back,6
Everton,Ben Godfrey,4076,Right Back,22
Everton,Séamus Coleman,4589,Left Back,23
Everton,Dwight McNeil,5111,Left Midfield,7
Everton,Jack Harrison,9616,Right Midfield,11
Everton,André Filipe Tavares Gomes,10802,Left Center Midfield,21
Everton,Arnaut Danjuma Groeneveld,16284,,10
Everton,James Garner,23625,Right Center Midfield,37
Everton,João Manuel Neves Virginia,29378,,12
Everton,Norberto Bercique Gomes Betuncal,30006,Center Forward,14
Everton,Jarrad Branthwaite,32762,Left Center Back,32
Everton,Amadou Onana,48347,Right Center Midfield,8
Everton,Lewis Norman Dobbin,50505,,61
Everton,Youssef Ramalho Chermiti,149581,Center Defensive Midfield,28
Luton Town,Andros Townsend,3297,Right Attacking Midfield,30
Luton Town,Carlton Morris,4220,Right Attacking Midfield,9
Luton Town,Ross Barkley,4275,Left Defensive Midfield,6
Luton Town,Reece Burke,4605,Right Center Back,16
Luton Town,Jordan Clark,9442,,18
Luton Town,Timothy Michael Krul,9467,,23
Luton Town,Pelly Ruddock Mpanzu,9674,,17
Luton Town,Elijah Adebayo,9827,Center Forward,11
Luton Town,James Shea,11720,,1
Luton Town,Fred Onyedinma,13249,Right Wing Back,32
Luton Town,Cauley Woodrow,21090,Right Wing Back,10
Luton Town,Albert-Mboyo Sambi Lokonga,21304,Right Defensive Midfield,28
Luton Town,Luke Berry,22175,Right Wing Back,8
Luton Town,Gabriel Osho,22347,Left Center Back,2
Luton Town,Tahith Chong,23636,Left Attacking Midfield,14
Luton Town,Thomas Kaminski,23741,Goalkeeper,24
Luton Town,Alfie Doughty,33074,Left Wing Back,45
Luton Town,Daiki Hashioka,37249,,27
Luton Town,Teden Mengi,43604,Center Back,15
Luton Town,Joseph Nathan Johnson,393324,,38
Wolverhampton Wanderers,Mario Lemina,3951,Right Defensive Midfield,5
Wolverhampton Wanderers,Daniel Bentley,4773,,25
Wolverhampton Wanderers,Hee-Chan Hwang,5620,Center Forward,11
Wolverhampton Wanderers,Nélson Cabral Semedo,6374,Right Center Back,22
Wolverhampton Wanderers,Pablo Sarabia García,6720,Right Attacking Midfield,21
Wolverhampton Wanderers,Matt Doherty,9925,,2
Wolverhampton Wanderers,Rayan Aït Nouri,12111,Right Wing Back,3
Wolverhampton Wanderers,Matheus Santos Carneiro da Cunha,12425,Left Attacking Midfield,12
Wolverhampton Wanderers,José Pedro Malheiro de Sá,18866,Goalkeeper,1
Wolverhampton Wanderers,Jean-Ricner Bellegarde,19718,Right Attacking Midfield,27
Wolverhampton Wanderers,Maximilian William Kilman,24940,Center Back,23
Wolverhampton Wanderers,Santiago Ignacio Bueno Sciutto,41138,Left Wing Back,4
Wolverhampton Wanderers,João Victor Gomes da Silva,48720,Right Attacking Midfield,8
Wolverhampton Wanderers,Tote António Gomes,48941,Left Center Back,24
Wolverhampton Wanderers,Boubacar Traore,58878,Left Defensive Midfield,6
Wolverhampton Wanderers,Hugo Bueno,82220,Left Wing Back,17
Wolverhampton Wanderers,Nathan Fraser,133454,,63
Wolverhampton Wanderers,Tawanda Chirewa,142702,Center Forward,62
Wolverhampton Wanderers,Enso David Gonzalez Medina,312556,,30
Wolverhampton Wanderers,Wesley Okoduwa,382459,,61
Manchester City,Ederson Santana de Moraes,3067,Goalkeeper,31
Manchester City,Kevin De Bruyne,3089,Center Attacking Midfield,17
Manchester City,Bernardo Mota Veiga de Carvalho e Silva,3193,Right Wing,20
Manchester City,Kyle Walker,3205,Right Back,2
Manchester City,John Stones,3244,Left Center Back,5
Manchester City,Nathan Aké,3306,Left Center Back,6
Manchester City,Phil Foden,4354,Left Wing,47
Manchester City,Rúben Santos Gato Alves Dias,5206,,3
Manchester City,Mateo Kovačić,5456,Left Defensive Midfield,8
Manchester City,Manuel Obafemi Akanji,5549,Right Center Back,25
Manchester City,Rodrigo Hernández Cascante,6765,Right Defensive Midfield,16
Manchester City,Stefan Ortega Moreno,9194,,18
Manchester City,Jack Grealish,9638,Left Wing,10
Manchester City,Sergio Gómez Martín,22199,,21
Manchester City,Erling Håland,23616,Center Forward,9
Manchester City,Jeremy Doku,23650,Right Wing,11
Manchester City,Julián Álvarez,29560,Center Forward,19
Manchester City,Joško Gvardiol,33018,Left Back,24
Manchester City,Matheus Luiz Nunes,40874,Center Attacking Midfield,27
Manchester City,Rico Lewis,48705,,82
Nottingham Forest,Ibrahim Sangaré,3017,,6
Nottingham Forest,Moussa Niakhate,3198,Left Center Back,19
Nottingham Forest,Chris Wood,3505,Center Forward,11
Nottingham Forest,Cheikhou Kouyaté,3684,,8
Nottingham Forest,Ryan Yates,4239,Right Defensive Midfield,22
Nottingham Forest,Callum Hudson-Odoi,4274,Left Wing,14
Nottingham Forest,Divock Okoth Origi,4747,,27
Nottingham Forest,Harry Toffolo,6555,Left Wing Back,15
Nottingham Forest,Willy Boly,9933,Right Center Back,30
Nottingham Forest,Morgan Gibbs-White,9934,Center Attacking Midfield,10
Nottingham Forest,Matz Sels,10479,Goalkeeper,26
Nottingham Forest,Temitayo Olufisayo Olaoluwa Aina,11492,Left Back,43
Nottingham Forest,Matthew Charles Turner,12352,,1
Nottingham Forest,Taiwo Michael Awoniyi,23898,Center Forward,9
Nottingham Forest,Gonzalo Ariel Montiel,28263,Right Back,29
Nottingham Forest,Nicolás Martín Domínguez,28672,Left Attacking Midfield,16
Nottingham Forest,Giovanni Reyna,34339,,20
Nottingham Forest,Danilo dos Santos de Oliveira,46451,Left Defensive Midfield,28
Nottingham Forest,Anthony Elanga,50991,Right Wing,21
Nottingham Forest,Murillo Santiago Costa dos Santos,271487,Left Center Back,40
Sheffield United,Mason Holgate,3640,,30
Sheffield United,Ben Osborn,4732,Left Wing Back,23
Sheffield United,Ben Brereton Díaz,4735,Left Center Forward,11
Sheffield United,Jack Robinson,10485,Left Center Back,19
Sheffield United,Oliver James Norwood,11013,,16
Sheffield United,Jayden Bogle,11896,Right Wing Back,20
Sheffield United,Auston Trusty,12359,Center Back,5
Sheffield United,Gustavo Hamer,15304,Right Center Midfield,8
Sheffield United,Wesley Foderingham,21018,Goalkeeper,18
Sheffield United,Anel Ahmedhodžić,27652,Right Center Back,15
Sheffield United,Ivo Grbić,29342,,13
Sheffield United,Vinicius de Souza Costa,32587,Right Center Forward,21
Sheffield United,Rhian Brewster,34206,,7
Sheffield United,Yasser Larouci,34793,,27
Sheffield United,Anis Ben Slimane,35592,,25
Sheffield United,James McAtee,49667,Left Center Midfield,28
Sheffield United,Cameron Archer,50563,Right Center Forward,10
Sheffield United,William Idamudia Daugaard Osula,121254,,32
Sheffield United,Andre Brooks,153124,Left Center Midfield,35
Sheffield United,Oliver Luke Arblaster,214746,Center Defensive Midfield,24
AFC Bournemouth,Philip Billing,3331,Left Center Midfield,29
AFC Bournemouth,Dominic Solanke,3614,Center Forward,9
AFC Bournemouth,Lewis Cook,3615,Left Defensive Midfield,4
AFC Bournemouth,Adam Smith,6409,Right Back,15
AFC Bournemouth,Norberto Murara Neto,6590,,1
AFC Bournemouth,Enes Ünal,6760,Left Center Back,26
AFC Bournemouth,Justin Kluivert,8063,Left Wing,19
AFC Bournemouth,Antoine Semenyo,9286,Right Wing,24
AFC Bournemouth,Ryan Christie,12510,Right Defensive Midfield,10
AFC Bournemouth,Maximillian James Aarons,16689,Right Back,37
AFC Bournemouth,Romain Faivre,22319,Left Midfield,8
AFC Bournemouth,James Hill,24867,,23
AFC Bournemouth,Mark Travers,24937,Goalkeeper,42
AFC Bournemouth,Marcos Senesi,27773,Left Center Back,25
AFC Bournemouth,Illia Zabarnyi,39136,Right Center Back,27
AFC Bournemouth,Alex Scott,91951,Center Attacking Midfield,14
AFC Bournemouth,Dango Aboubacar Faissal Ouattara,95042,Left Back,11
AFC Bournemouth,Callan McKenna,216523,,46
AFC Bournemouth,Dominic Sadi,304175,,49
AFC Bournemouth,Maxwell Kinsey-Wellings,357872,,48
Arsenal,Gabriel Fernando de Jesus,3202,Right Wing,9
Arsenal,Oleksandr Zinchenko,3575,,35
Arsenal,Edward Nketiah,3737,,14
Arsenal,Declan Rice,3943,Left Center Midfield,41
Arsenal,David Raya Martin,4127,Goalkeeper,22
Arsenal,Thomas Teye Partey,6383,Center Defensive Midfield,5
Arsenal,Gabriel dos Santos Magalhães,6406,Left Center Back,6
Arsenal,Jorge Luiz Frello Filho,7024,,20
Arsenal,Martin Ødegaard,8252,Right Center Midfield,8
Arsenal,Kai Havertz,8966,Center Forward,29
Arsenal,Leandro Trossard,16559,Left Wing,19
Arsenal,Emile Smith Rowe,16591,,10
Arsenal,William Saliba,17592,Right Center Back,2
Arsenal,Bukayo Saka,22084,Right Wing,7
Arsenal,Aaron Ramsdale,22783,,1
Arsenal,Ben White,22809,Right Back,4
Arsenal,Takehiro Tomiyasu,23730,Left Back,18
Arsenal,Gabriel Teodoro Martinelli Silva,29976,Left Wing,11
Arsenal,Fabio Daniel Ferreira Vieira,39162,,21
Arsenal,Jakub Piotr Kiwior,44166,,15
Fulham,Willian Borges da Silva,3472,Left Wing,20
Fulham,Alex Iwobi,3647,Right Wing,22
Fulham,Kenny Tete,3798,,2
Fulham,Marek Rodák,4152,,1
Fulham,Issa Diop,4349,Right Center Back,31
Fulham,Antonee Robinson,4614,Left Back,33
Fulham,Raúl Alonso Jiménez Rodríguez,5568,Center Forward,7
Fulham,Saša Lukić,6687,Right Defensive Midfield,28
Fulham,Andreas Hoelgebaum Pereira,6846,Center Attacking Midfield,18
Fulham,Timothy Castagne,6989,Right Back,21
Fulham,Harry Wilson,9540,Left Wing,8
Fulham,Bobby Armani De Cordova-Reid,9923,Center Attacking Midfield,14
Fulham,Tom Cairney,10284,Right Defensive Midfield,10
Fulham,Adama Traoré Diarra,11333,Left Wing,11
Fulham,João Maria Lobo Alves Palhinha Gonçalves,12169,Left Defensive Midfield,26
Fulham,Bernd Leno,15581,Goalkeeper,17
Fulham,Tim Ream,18242,,13
Fulham,Armando Broja,36885,,9
Fulham,Calvin Bassey Ughelumba,43779,Left Center Back,3
Fulham,Rodrigo Muniz Carvalho,49049,Center Forward,19
Brentford,Mathias Jørgensen Jatta,3027,,13
Brentford,Ivan Toney,3834,Center Forward,17
Brentford,Ethan Pinnock,4610,Left Center Back,5
Brentford,Neal Maupay,4766,,7
Brentford,Bryan Mbeumo,4935,Right Wing,19
Brentford,Saman Ghoddos,5240,,14
Brentford,Christian Nørgaard,7097,Center Defensive Midfield,6
Brentford,Yoane Wissa,7294,Left Wing,11
Brentford,Kristoffer Vassbakk Ajer,10532,Right Back,20
Brentford,Vitaly Janelt,12074,Left Center Midfield,27
Brentford,Sergio Reguilón Rodríguez,18620,Left Back,12
Brentford,Mads Roerslev,24440,Right Back,30
Brentford,Mikkel Damsgaard,24443,Right Center Midfield,24
Brentford,Frank Onyeka,24467,Center Defensive Midfield,15
Brentford,Nathan Michael Collins,24824,Right Center Back,22
Brentford,Mark Flekken,25000,Goalkeeper,1
Brentford,Keane Lewis-Potter,32928,Left Wing,23
Brentford,Ehor Yarmolyuk,45803,Left Center Midfield,33
Brentford,Kevin Schade,58502,Right Center Midfield,9
Brentford,Hákon Rafn Valdimarsson,102369,,31
Aston Villa,Diego Carlos Santos Silva,3366,Right Center Back,3
Aston Villa,Calum Chambers,3713,Right Back,16
Aston Villa,Ezri Konsa Ngoyo,3822,Right Back,4
Aston Villa,Matty Cash,4734,Right Wing,2
Aston Villa,Ollie Watkins,4760,Center Forward,11
Aston Villa,Robin Olsen,5622,Goalkeeper,25
Aston Villa,Douglas Luiz Soares de Paulo,6574,Left Defensive Midfield,6
Aston Villa,Clément Lenglet,6826,,17
Aston Villa,Lucas Digne,6849,Left Back,12
Aston Villa,Pau Francisco Torres,6892,Left Center Back,14
Aston Villa,Leon Bailey Butler,8214,Right Wing,31
Aston Villa,Moussa Diaby,8292,Left Wing,19
Aston Villa,John McGinn,9974,Right Defensive Midfield,7
Aston Villa,Alejandro Moreno Lopera,11538,Left Back,15
Aston Villa,Jhon Jáder Durán Palacio,30976,Center Attacking Midfield,24
Aston Villa,Morgan Rogers,39354,Center Attacking Midfield,27
Aston Villa,Joe Gauci,44158,,18
Aston Villa,Kaine Kesler-Hayden,93376,,29
Aston Villa,Tim Iroegbunam,113387,,47
Aston Villa,Omari Kellyman,332163,,71
Brighton & Hove Albion,Lewis Dunk,3088,Left Center Back,5
Brighton & Hove Albion,Pascal Groß,3097,Right Defensive Midfield,13
Brighton & Hove Albion,Daniel Nii Tackie Mensah Welbeck,3569,Center Forward,18
Brighton & Hove Albion,Joël Veltman,8067,Right Back,34
Brighton & Hove Albion,Adam Webster,9601,Right Center Back,4
Brighton & Hove Albion,Igor Julio dos Santos de Paulo,9741,Left Back,3
Brighton & Hove Albion,João Pedro Junqueira de Jesus,25299,Center Attacking Midfield,9
Brighton & Hove Albion,Jakub Moder,29480,Right Wing,15
Brighton & Hove Albion,Anssumane Fati,30756,,31
Brighton & Hove Albion,Billy Gilmour,31067,Left Defensive Midfield,11
Brighton & Hove Albion,Bart Verbruggen,37274,Goalkeeper,1
Brighton & Hove Albion,Julio César Enciso Espínola,47112,Center Attacking Midfield,10
Brighton & Hove Albion,Jason Steele,47553,,23
Brighton & Hove Albion,Simon Adingra,105392,Left Wing,24
Brighton & Hove Albion,Valentín Barco,130655,Left Wing,19
Brighton & Hove Albion,Odeluga Offiah,134392,,42
Brighton & Hove Albion,Cameron Peupion,134921,,44
Brighton & Hove Albion,Facundo Valentín Buonanotte,196954,Right Wing,40
Brighton & Hove Albion,Carlos Baleba,226169,Left Defensive Midfield,20
Brighton & Hove Albion,Mark O’Mahony,374448,,55
Newcastle United,Matt Ritchie,3049,Right Center Forward,11
Newcastle United,Paul Dummett,3065,,3
Newcastle United,Jacob Murphy,3273,Right Midfield,23
Newcastle United,Nick Pope,3474,,22
Newcastle United,Callum Wilson,3616,Right Center Forward,9
Newcastle United,Martin Dúbravka,3711,Goalkeeper,1
Newcastle United,Dan Burn,3864,Left Center Back,33
Newcastle United,Sean Longstaff,4031,Right Defensive Midfield,36
Newcastle United,Harvey Lewis Barnes,4718,Right Center Forward,15
Newcastle United,Emil Krafth,6358,Right Center Back,17
Newcastle United,Alexander Isak,8819,Left Center Forward,14
Newcastle United,Miguel Ángel Almirón Rejala,12603,Right Center Forward,24
Newcastle United,Joelinton Cassio Apolinário de Lira,13291,Right Defensive Midfield,7
Newcastle United,Bruno Guimarães Rodriguez Moura,25142,Left Defensive Midfield,39
Newcastle United,Anthony Gordon,28104,Left Midfield,10
Newcastle United,Joe White,29381,,40
Newcastle United,Valentino Livramento,39241,Right Back,21
Newcastle United,Elliot Anderson,49702,Right Midfield,32
Newcastle United,Lewis Hall,134092,Left Back,20
Newcastle United,Alex Murphy,406072,,54
Burnley,Charles James Taylor,3627,,3
Burnley,Jay Rodriguez,3685,,9
Burnley,Johann Berg Guðmunds­son,3720,Right Wing,7
Burnley,Josh Cullen,4837,Right Defensive Midfield,24
Burnley,Jacob Bruun Larsen,8961,Left Wing,34
Burnley,Joshua Brownhill,9607,Center Attacking Midfield,8
Burnley,Arijanet Murić,16234,Goalkeeper,49
Burnley,Sander Berge,16553,Left Defensive Midfield,16
Burnley,Dara Joseph O'Shea,18753,Right Center Back,2
Burnley,Mike Trésor Ndayishimiye,21889,,31
Burnley,Manuel Benson Hedilazio,23897,,10
Burnley,Victor Alexander da Silva,24016,Left Back,22
Burnley,Lyle Foster,29840,Center Forward,17
Burnley,Lorenz Assignon,39245,Right Back,20
Burnley,Hjalmar Ekdal,41208,Left Center Back,18
Burnley,James Trafford,42298,,1
Burnley,Mohamed Zeki Amdouni,48335,Center Attacking Midfield,25
Burnley,David Datro Fofana,89326,Center Forward,23
Burnley,Maxime Esteve,112254,Left Center Back,33
Burnley,Wilson Odobert,151924,Right Wing,47
West Ham United,Aaron Cresswell,3062,Left Back,3
West Ham United,Gnaly Maxwell Cornet,3162,,17
West Ham United,Łukasz Fabiański,3262,,1
West Ham United,James Ward-Prowse,3328,Left Defensive Midfield,7
West Ham United,Michail Antonio,3349,Center Forward,9
West Ham United,Alphonse Areola,3379,Goalkeeper,23
West Ham United,Kurt Happy Zouma,3456,Right Center Back,4
West Ham United,Daniel William John Ings,3654,Center Attacking Midfield,18
West Ham United,Angelo Obinze Ogbonna,3843,Left Center Back,21
West Ham United,Emerson Palmieri dos Santos,4355,Left Back,33
West Ham United,Tomáš Souček,4870,Left Defensive Midfield,28
West Ham United,Edson Omar Álvarez Velázquez,5567,Right Defensive Midfield,19
West Ham United,Jarrod Bowen,9640,Right Wing,20
West Ham United,Vladimír Coufal,16570,Right Back,5
West Ham United,Mohammed Kudus,17033,Left Wing,14
West Ham United,Lucas Tolentino Coelho de Lima,22600,Center Attacking Midfield,10
West Ham United,Benjamin Johnson,23626,,2
West Ham United,Divin Mubama,141121,,45
West Ham United,George Earthy,141125,,40
West Ham United,Kaelan Casey,141126,,42
Chelsea,Christopher Nkunku,3025,Left Wing,18
Chelsea,Raheem Sterling,3233,,7
Chelsea,Thiago Emiliano da Silva,3295,Right Center Back,6
Chelsea,Axel Disasi,7439,Right Center Back,2
Chelsea,Trevoh Chalobah,9026,Right Back,14
Chelsea,Marcus Bettinelli,12258,,13
Chelsea,Marc Cucurella Saseta,17620,Left Back,3
Chelsea,Benoît Badiashile Mukinayi,21368,Left Center Back,5
Chelsea,Conor Gallagher,29399,Left Defensive Midfield,23
Chelsea,Chukwunonso Madueke,31506,Right Wing,11
Chelsea,Đorđe Petrović,32565,Goalkeeper,28
Chelsea,Moisés Isaac Caicedo Corozo,37726,Right Defensive Midfield,25
Chelsea,Levi Colwill,38992,,26
Chelsea,Malo Gusto,39260,Right Back,27
Chelsea,Cole Palmer,39461,Center Attacking Midfield,20
Chelsea,Mykhailo Mudryk,39483,Left Wing,10
Chelsea,Cesare Casadei,44736,Right Wing,31
Chelsea,Nicolas Jackson,50497,Center Forward,15
Chelsea,Alfie Gilchrist,109640,Right Back,42
Chelsea,Deivid Washington de Souza Eugênio,271873,,36
Manchester United,Christian Dannemann Eriksen,3043,Right Center Midfield,14
Manchester United,Aaron Wan-Bissaka,3690,Left Back,29
Manchester United,Tom Heaton,4693,,22
Manchester United,Sofyan Amrabat,5234,Right Wing,4
Manchester United,Carlos Henrique Casimiro,5539,Right Center Back,18
Manchester United,Mason Mount,7843,Left Center Midfield,7
Manchester United,André Onana,8064,Goalkeeper,24
Manchester United,Jonathan Grant Evans,11012,Left Center Back,35
Manchester United,José Diogo Dalot Teixeira,16028,Right Back,20
Manchester United,Antony Matheus dos Santos,25363,Right Wing,21
Manchester United,Altay Bayındır,30442,,1
Manchester United,Amad Diallo Traoré,32784,Left Wing,16
Manchester United,Rasmus Winther Højlund,51672,Center Forward,11
Manchester United,Alejandro Garnacho Ferreyra,52129,Left Wing,17
Manchester United,Louis Jackson,57546,,78
Manchester United,Kobbie Mainoo,99174,Center Defensive Midfield,37
Manchester United,Habeeb Ogunneye,165918,,75
Manchester United,Tobias Christopher Collyer,241998,,65
Manchester United,Ethan Wheatley,306934,Center Forward,84
Manchester United,Harry Amass,354570,,70
Crystal Palace,Joel Ward,3443,,2
Crystal Palace,Jordan Ayew,3450,Left Attacking Midfield,9
Crystal Palace,Jeffrey Schlupp,3520,Right Attacking Midfield,15
Crystal Palace,Jaïro Riedewald,3591,Left Defensive Midfield,44
Crystal Palace,Remi Matthews,4059,,31
Crystal Palace,Dean Henderson,4073,Goalkeeper,30
Crystal Palace,Will Hughes,4588,Left Defensive Midfield,19
Crystal Palace,Nathaniel Edwin Clyne,4590,Right Center Back,17
Crystal Palace,Jean-Philippe Mateta,7403,Center Forward,14
Crystal Palace,Joachim Andersen,8247,Center Back,16
Crystal Palace,Eberechi Eze,9000,Left Attacking Midfield,10
Crystal Palace,Odsonne Édouard,10544,Center Forward,22
Crystal Palace,Michael Olise,24215,Right Attacking Midfield,7
Crystal Palace,Daniel Muñoz Mejía,27423,Right Wing Back,12
Crystal Palace,Marc Guehi,34526,Left Center Back,6
Crystal Palace,Naouirou Ahamada,39413,,29
Crystal Palace,Chris Richards,41266,Left Center Back,26
Crystal Palace,Tyrick Mitchell,41437,Left Wing Back,3
Crystal Palace,Adam Wharton,77723,Right Defensive Midfield,20
Crystal Palace,Jesuran Rak-Sakyi,106904,,49
Brighton & Hove Albion,Lewis Dunk,3088,Left Center Back,5
Brighton & Hove Albion,Pascal Groß,3097,Right Defensive Midfield,13
Brighton & Hove Albion,Daniel Nii Tackie Mensah Welbeck,3569,Center Forward,18
Brighton & Hove Albion,Adam David Lallana,4090,,14
Brighton & Hove Albion,Joël Veltman,8067,Right Back,34
Brighton & Hove Albion,Adam Webster,9601,Right Center Back,4
Brighton & Hove Albion,Igor Julio dos Santos de Paulo,9741,Left Back,3
Brighton & Hove Albion,Jakub Moder,29480,Center Attacking Midfield,15
Brighton & Hove Albion,Anssumane Fati,30756,,31
Brighton & Hove Albion,Billy Gilmour,31067,Left Defensive Midfield,11
Brighton & Hove Albion,Tariq Lamptey,33602,Right Back,2
Brighton & Hove Albion,Bart Verbruggen,37274,Goalkeeper,1
Brighton & Hove Albion,Julio César Enciso Espínola,47112,Center Attacking Midfield,10
Brighton & Hove Albion,Jason Steele,47553,,23
Brighton & Hove Albion,Simon Adingra,105392,Left Wing,24
Brighton & Hove Albion,Odeluga Offiah,134392,Left Wing Back,42
Brighton & Hove Albion,Benicio Baker-Boaitey,137622,Right Wing,47
Brighton & Hove Albion,Facundo Valentín Buonanotte,196954,Right Wing,40
Brighton & Hove Albion,Carlos Baleba,226169,Left Defensive Midfield,20
Brighton & Hove Albion,Mark O’Mahony,374448,,55
Newcastle United,Matt Ritchie,3049,,11
Newcastle United,Paul Dummett,3065,,3
Newcastle United,Jacob Murphy,3273,Right Wing,23
Newcastle United,Kieran Trippier,3308,Left Back,2
Newcastle United,Nick Pope,3474,,22
Newcastle United,Martin Dúbravka,3711,Goalkeeper,1
Newcastle United,Dan Burn,3864,Left Center Back,33
Newcastle United,Sean Longstaff,4031,Right Center Midfield,36
Newcastle United,Harvey Lewis Barnes,4718,Left Wing,15
Newcastle United,Emil Krafth,6358,Right Center Back,17
Newcastle United,Alexander Isak,8819,Center Forward,14
Newcastle United,Miguel Ángel Almirón Rejala,12603,Right Wing,24
Newcastle United,Joelinton Cassio Apolinário de Lira,13291,Right Center Midfield,7
Newcastle United,Bruno Guimarães Rodriguez Moura,25142,Center Defensive Midfield,39
Newcastle United,Anthony Gordon,28104,Left Wing,10
Newcastle United,Joe White,29381,,40
Newcastle United,Valentino Livramento,39241,Right Back,21
Newcastle United,Elliot Anderson,49702,Left Center Midfield,32
Newcastle United,Lewis Hall,134092,Left Back,20
Newcastle United,Alex Murphy,406072,,54
Burnley,Charles James Taylor,3627,Left Back,3
Burnley,Jay Rodriguez,3685,,9
Burnley,Johann Berg Guðmunds­son,3720,,7
Burnley,Josh Cullen,4837,Right Defensive Midfield,24
Burnley,Jacob Bruun Larsen,8961,Right Midfield,34
Burnley,Joshua Brownhill,9607,,8
Burnley,Arijanet Murić,16234,Goalkeeper,49
Burnley,Sander Berge,16553,Left Defensive Midfield,16
Burnley,Dara Joseph O'Shea,18753,Right Center Back,2
Burnley,Mike Trésor Ndayishimiye,21889,Left Midfield,31
Burnley,Manuel Benson Hedilazio,23897,Left Midfield,10
Burnley,Victor Alexander da Silva,24016,Left Midfield,22
Burnley,Lyle Foster,29840,Left Center Forward,17
Burnley,Lorenz Assignon,39245,Right Back,20
Burnley,Hjalmar Ekdal,41208,,18
Burnley,James Trafford,42298,,1
Burnley,Mohamed Zeki Amdouni,48335,Right Defensive Midfield,25
Burnley,David Datro Fofana,89326,Right Center Forward,23
Burnley,Maxime Esteve,112254,Left Center Back,33
Burnley,Wilson Odobert,151924,Right Center Forward,47
Tottenham Hotspur,Heung-Min Son,3083,Center Forward,7
Tottenham Hotspur,Giovani Lo Celso,3313,Left Center Midfield,18
Tottenham Hotspur,Pierre-Emile Højbjerg,3570,Right Center Midfield,5
Tottenham Hotspur,Yves Bissouma,4385,Center Defensive Midfield,8
Tottenham Hotspur,Rodrigo Bentancur Colmán,5260,Center Defensive Midfield,30
Tottenham Hotspur,James Maddison,9905,Left Center Midfield,10
Tottenham Hotspur,Pedro Antonio Porro Sauceda,11292,Right Back,23
Tottenham Hotspur,Cristian Gabriel Romero,20572,Right Center Back,17
Tottenham Hotspur,Oliver Skipp,22145,Left Back,4
Tottenham Hotspur,Bryan Gil Salvatierra,22418,,11
Tottenham Hotspur,Dejan Kulusevski,22818,Left Wing,21
Tottenham Hotspur,Emerson Aparecido Leite de Souza Junior,23522,,12
Tottenham Hotspur,Brennan Johnson,29377,Right Wing,22
Tottenham Hotspur,Guglielmo Vicario,31225,Goalkeeper,13
Tottenham Hotspur,Micky van de Ven,32547,Left Center Back,37
Tottenham Hotspur,Radu Drăgușin,39615,Left Back,6
Tottenham Hotspur,Dane Scarlett,41599,Right Wing,44
Tottenham Hotspur,Brandon Austin,48123,,40
Tottenham Hotspur,Pape Matar Sarr,50498,Right Center Midfield,29
Tottenham Hotspur,Mikey Moore,298315,,59
Luton Town,Andros Townsend,3297,,30
Luton Town,Carlton Morris,4220,Right Attacking Midfield,9
Luton Town,Ross Barkley,4275,Left Defensive Midfield,6
Luton Town,Reece Burke,4605,Right Center Back,16
Luton Town,Jordan Clark,9442,Left Defensive Midfield,18
Luton Town,Timothy Michael Krul,9467,,23
Luton Town,Pelly Ruddock Mpanzu,9674,,17
Luton Town,Elijah Adebayo,9827,Center Forward,11
Luton Town,Fred Onyedinma,13249,Right Wing Back,32
Luton Town,Chiedozie Ogbene,13306,Right Wing Back,7
Luton Town,Cauley Woodrow,21090,Right Back,10
Luton Town,Albert-Mboyo Sambi Lokonga,21304,Right Defensive Midfield,28
Luton Town,Luke Berry,22175,Left Center Midfield,8
Luton Town,Gabriel Osho,22347,Left Center Back,2
Luton Town,Tahith Chong,23636,Left Attacking Midfield,14
Luton Town,Thomas Kaminski,23741,Goalkeeper,24
Luton Town,Alfie Doughty,33074,Left Wing Back,45
Luton Town,Daiki Hashioka,37249,,27
Luton Town,Teden Mengi,43604,Center Back,15
Luton Town,Joseph Nathan Johnson,393324,,38
West Ham United,Aaron Cresswell,3062,Left Back,3
West Ham United,Gnaly Maxwell Cornet,3162,,17
West Ham United,Łukasz Fabiański,3262,,1
West Ham United,James Ward-Prowse,3328,Left Defensive Midfield,7
West Ham United,Michail Antonio,3349,Center Forward,9
West Ham United,Alphonse Areola,3379,Goalkeeper,23
West Ham United,Kurt Happy Zouma,3456,Right Center Back,4
West Ham United,Daniel William John Ings,3654,Center Attacking Midfield,18
West Ham United,Angelo Obinze Ogbonna,3843,Left Center Back,21
West Ham United,Emerson Palmieri dos Santos,4355,Left Back,33
West Ham United,Tomáš Souček,4870,Right Defensive Midfield,28
West Ham United,Edson Omar Álvarez Velázquez,5567,,19
West Ham United,Jarrod Bowen,9640,Right Wing,20
West Ham United,Vladimír Coufal,16570,Right Back,5
West Ham United,Mohammed Kudus,17033,Center Attacking Midfield,14
West Ham United,Lucas Tolentino Coelho de Lima,22600,Left Wing,10
West Ham United,Benjamin Johnson,23626,,2
West Ham United,Divin Mubama,141121,,45
West Ham United,George Earthy,141125,Center Forward,40
West Ham United,Kaelan Casey,141126,Left Center Back,42
Crystal Palace,Joel Ward,3443,Left Attacking Midfield,2
Crystal Palace,Jordan Ayew,3450,,9
Crystal Palace,Jeffrey Schlupp,3520,Right Attacking Midfield,15
Crystal Palace,Remi Matthews,4059,,31
Crystal Palace,Dean Henderson,4073,Goalkeeper,30
Crystal Palace,Will Hughes,4588,Left Defensive Midfield,19
Crystal Palace,Nathaniel Edwin Clyne,4590,Right Center Back,17
Crystal Palace,Jean-Philippe Mateta,7403,Center Forward,14
Crystal Palace,Joachim Andersen,8247,Center Back,16
Crystal Palace,Eberechi Eze,9000,Left Attacking Midfield,10
Crystal Palace,Odsonne Édouard,10544,Center Forward,22
Crystal Palace,Michael Olise,24215,Right Attacking Midfield,7
Crystal Palace,Daniel Muñoz Mejía,27423,Right Wing Back,12
Crystal Palace,Marc Guehi,34526,Left Wing Back,6
Crystal Palace,Naouirou Ahamada,39413,Left Defensive Midfield,29
Crystal Palace,Chris Richards,41266,Left Center Back,26
Crystal Palace,Tyrick Mitchell,41437,Left Wing Back,3
Crystal Palace,Adam Wharton,77723,Right Defensive Midfield,20
Crystal Palace,Jesuran Rak-Sakyi,106904,,49
Crystal Palace,David Ozoh,138813,,52
Wolverhampton Wanderers,Mario Lemina,3951,Right Defensive Midfield,5
Wolverhampton Wanderers,Daniel Bentley,4773,Goalkeeper,25
Wolverhampton Wanderers,Hee-Chan Hwang,5620,Center Forward,11
Wolverhampton Wanderers,Nélson Cabral Semedo,6374,Right Center Back,22
Wolverhampton Wanderers,Pablo Sarabia García,6720,Left Wing Back,21
Wolverhampton Wanderers,Matt Doherty,9925,Right Wing Back,2
Wolverhampton Wanderers,Thomas King,10020,,40
Wolverhampton Wanderers,Rayan Aït Nouri,12111,Left Wing Back,3
Wolverhampton Wanderers,Matheus Santos Carneiro da Cunha,12425,Left Attacking Midfield,12
Wolverhampton Wanderers,Jean-Ricner Bellegarde,19718,Right Attacking Midfield,27
Wolverhampton Wanderers,Maximilian William Kilman,24940,Center Back,23
Wolverhampton Wanderers,Thomas Doyle,34789,Right Wing Back,20
Wolverhampton Wanderers,Santiago Ignacio Bueno Sciutto,41138,,4
Wolverhampton Wanderers,João Victor Gomes da Silva,48720,Right Attacking Midfield,8
Wolverhampton Wanderers,Tote António Gomes,48941,Left Center Back,24
Wolverhampton Wanderers,Boubacar Traore,58878,Left Defensive Midfield,6
Wolverhampton Wanderers,Hugo Bueno,82220,,17
Wolverhampton Wanderers,Nathan Fraser,133454,,63
Wolverhampton Wanderers,Tawanda Chirewa,142702,,62
Wolverhampton Wanderers,Enso David Gonzalez Medina,312556,Left Center Back,30
Arsenal,Gabriel Fernando de Jesus,3202,Right Wing,9
Arsenal,Oleksandr Zinchenko,3575,,35
Arsenal,Edward Nketiah,3737,,14
Arsenal,Declan Rice,3943,Left Center Midfield,41
Arsenal,David Raya Martin,4127,Goalkeeper,22
Arsenal,Thomas Teye Partey,6383,Center Defensive Midfield,5
Arsenal,Gabriel dos Santos Magalhães,6406,Left Center Back,6
Arsenal,Jorge Luiz Frello Filho,7024,Right Center Midfield,20
Arsenal,Martin Ødegaard,8252,Right Center Midfield,8
Arsenal,Kai Havertz,8966,Center Forward,29
Arsenal,Leandro Trossard,16559,Left Wing,19
Arsenal,Emile Smith Rowe,16591,,10
Arsenal,William Saliba,17592,Right Center Back,2
Arsenal,Bukayo Saka,22084,Right Wing,7
Arsenal,Aaron Ramsdale,22783,,1
Arsenal,Ben White,22809,Right Back,4
Arsenal,Takehiro Tomiyasu,23730,Left Back,18
Arsenal,Gabriel Teodoro Martinelli Silva,29976,Left Wing,11
Arsenal,Fabio Daniel Ferreira Vieira,39162,,21
Arsenal,Jakub Piotr Kiwior,44166,Center Defensive Midfield,15
Manchester United,Christian Dannemann Eriksen,3043,Left Defensive Midfield,14
Manchester United,Scott McTominay,3620,Center Attacking Midfield,39
Manchester United,Aaron Wan-Bissaka,3690,Right Back,29
Manchester United,Sofyan Amrabat,5234,Left Defensive Midfield,4
Manchester United,Carlos Henrique Casimiro,5539,Right Center Back,18
Manchester United,André Onana,8064,Goalkeeper,24
Manchester United,Jonathan Grant Evans,11012,Left Center Back,35
Manchester United,José Diogo Dalot Teixeira,16028,Left Back,20
Manchester United,Antony Matheus dos Santos,25363,Right Wing,21
Manchester United,Altay Bayındır,30442,,1
Manchester United,Amad Diallo Traoré,32784,Right Wing,16
Manchester United,Rasmus Winther Højlund,51672,Center Forward,11
Manchester United,Omari Forson,52120,Right Back,62
Manchester United,Alejandro Garnacho Ferreyra,52129,Left Wing,17
Manchester United,Kobbie Mainoo,99174,Right Defensive Midfield,37
Manchester United,Willy Kambwala Ndengushi,144086,Left Center Back,53
Manchester United,Habeeb Ogunneye,165918,,75
Manchester United,Tobias Christopher Collyer,241998,,65
Manchester United,Ethan Wheatley,306934,Center Forward,84
Manchester United,Harry Amass,354570,,70
Manchester City,Ederson Santana de Moraes,3067,Goalkeeper,31
Manchester City,Kevin De Bruyne,3089,Center Attacking Midfield,17
Manchester City,Bernardo Mota Veiga de Carvalho e Silva,3193,Right Wing,20
Manchester City,Kyle Walker,3205,Right Back,2
Manchester City,John Stones,3244,,5
Manchester City,Nathan Aké,3306,Left Center Back,6
Manchester City,Phil Foden,4354,Left Wing,47
Manchester City,Rúben Santos Gato Alves Dias,5206,Right Center Back,3
Manchester City,Mateo Kovačić,5456,Left Defensive Midfield,8
Manchester City,Manuel Obafemi Akanji,5549,Right Back,25
Manchester City,Rodrigo Hernández Cascante,6765,Right Defensive Midfield,16
Manchester City,Stefan Ortega Moreno,9194,,18
Manchester City,Sergio Gómez Martín,22199,,21
Manchester City,Erling Håland,23616,Center Forward,9
Manchester City,Jeremy Doku,23650,Left Wing,11
Manchester City,Julián Álvarez,29560,Center Forward,19
Manchester City,Joško Gvardiol,33018,Left Back,24
Manchester City,Matheus Luiz Nunes,40874,,27
Manchester City,Rico Lewis,48705,Left Defensive Midfield,82
Manchester City,Oscar Bobb,104825,Center Attacking Midfield,52
Fulham,Willian Borges da Silva,3472,Left Midfield,20
Fulham,Alex Iwobi,3647,Right Center Midfield,22
Fulham,Kenny Tete,3798,,2
Fulham,Marek Rodák,4152,,1
Fulham,Issa Diop,4349,Right Center Back,31
Fulham,Antonee Robinson,4614,Left Back,33
Fulham,Raúl Alonso Jiménez Rodríguez,5568,,7
Fulham,Andreas Hoelgebaum Pereira,6846,Left Center Midfield,18
Fulham,Timothy Castagne,6989,Right Back,21
Fulham,Harry Wilson,9540,Right Midfield,8
Fulham,Bobby Armani De Cordova-Reid,9923,Right Midfield,14
Fulham,Tom Cairney,10284,Left Center Midfield,10
Fulham,Adama Traoré Diarra,11333,Right Midfield,11
Fulham,Harrison Reed,11936,,6
Fulham,João Maria Lobo Alves Palhinha Gonçalves,12169,Center Defensive Midfield,26
Fulham,Bernd Leno,15581,Goalkeeper,17
Fulham,Tim Ream,18242,,13
Fulham,Armando Broja,36885,Center Forward,9
Fulham,Calvin Bassey Ughelumba,43779,Left Center Back,3
Fulham,Rodrigo Muniz Carvalho,49049,Center Forward,19
Sheffield United,Max Lowe,4226,Left Wing Back,3
Sheffield United,Ben Brereton Díaz,4735,Left Center Forward,11
Sheffield United,Jack Robinson,10485,Left Center Back,19
Sheffield United,Oliver James Norwood,11013,,16
Sheffield United,Jayden Bogle,11896,Right Wing Back,20
Sheffield United,Auston Trusty,12359,Center Back,5
Sheffield United,Gustavo Hamer,15304,Right Center Midfield,8
Sheffield United,Wesley Foderingham,21018,Goalkeeper,18
Sheffield United,Ivo Grbić,29342,,13
Sheffield United,Vinicius de Souza Costa,32587,Right Center Back,21
Sheffield United,Rhian Brewster,34206,Right Center Forward,7
Sheffield United,Yasser Larouci,34793,Left Wing Back,27
Sheffield United,Anis Ben Slimane,35592,Left Center Midfield,25
Sheffield United,James McAtee,49667,,28
Sheffield United,Cameron Archer,50563,Right Center Forward,10
Sheffield United,William Idamudia Daugaard Osula,121254,,32
Sheffield United,Sam Curtis,133908,Center Defensive Midfield,29
Sheffield United,Andre Brooks,153124,Left Center Midfield,35
Sheffield United,Oliver Luke Arblaster,214746,Center Defensive Midfield,24
Sheffield United,Dovydas Sasnauskas,406078,,46
Everton,Abdoulaye Doucouré,3292,Center Attacking Midfield,16
Everton,Idrissa Gana Gueye,3436,Left Defensive Midfield,27
Everton,Michael Keane,3438,,5
Everton,Jordan Pickford,3468,Goalkeeper,1
Everton,Dominic Calvert-Lewin,3470,Center Forward,9
Everton,Ashley Young,3612,Left Back,18
Everton,James Tarkowski,3628,Right Center Back,6
Everton,Ben Godfrey,4076,,22
Everton,Séamus Coleman,4589,Right Back,23
Everton,Dwight McNeil,5111,Left Midfield,7
Everton,André Filipe Tavares Gomes,10802,Left Midfield,21
Everton,Arnaut Danjuma Groeneveld,16284,,10
Everton,James Garner,23625,Right Midfield,37
Everton,João Manuel Neves Virginia,29378,,12
Everton,Norberto Bercique Gomes Betuncal,30006,,14
Everton,Jarrad Branthwaite,32762,Left Center Back,32
Everton,Lewis Warrington,47257,Center Attacking Midfield,51
Everton,Amadou Onana,48347,Right Defensive Midfield,8
Everton,Lewis Norman Dobbin,50505,Center Attacking Midfield,61
Everton,Youssef Ramalho Chermiti,149581,Center Forward,28
Liverpool,Joe Gomez,3495,Left Back,2
Liverpool,Mohamed Salah,3531,Right Wing,11
Liverpool,Trent Alexander-Arnold,3664,Right Back,66
Liverpool,Virgil van Dijk,3669,Left Center Back,4
Liverpool,Alisson Ramsés Becker,5547,Goalkeeper,1
Liverpool,Konstantinos Tsimikas,8489,,21
Liverpool,Ibrahima Konaté,11135,,5
Liverpool,Cody Mathès Gakpo,20750,Center Forward,18
Liverpool,Dominik Szoboszlai,21209,Center Defensive Midfield,8
Liverpool,Ryan Gravenberch,23230,Right Center Midfield,38
Liverpool,Wataru Endo,23721,Center Defensive Midfield,3
Liverpool,Harvey Elliott,24938,Right Center Midfield,19
Liverpool,Luis Fernando Díaz Marulanda,27158,Left Wing,7
Liverpool,Alexis Mac Allister,27886,Left Center Midfield,10
Liverpool,Darwin Gabriel Núñez Ribeiro,32478,Center Forward,9
Liverpool,Curtis Jones,33231,Left Wing,17
Liverpool,Caoimhin Kelleher,34959,,62
Liverpool,Conor Bradley,40209,,84
Liverpool,Jarell Quansah,40908,Right Center Back,78
Liverpool,Stefan Bajcetic Maquieira,122573,,43
Aston Villa,Youri Tielemans,2954,Right Defensive Midfield,8
Aston Villa,Diego Carlos Santos Silva,3366,Right Center Back,3
Aston Villa,Calum Chambers,3713,Left Defensive Midfield,16
Aston Villa,Ezri Konsa Ngoyo,3822,Right Back,4
Aston Villa,Ollie Watkins,4760,Center Forward,11
Aston Villa,Robin Olsen,5622,,25
Aston Villa,Douglas Luiz Soares de Paulo,6574,Left Defensive Midfield,6
Aston Villa,Clément Lenglet,6826,,17
Aston Villa,Lucas Digne,6849,Left Back,12
Aston Villa,Pau Francisco Torres,6892,Left Center Back,14
Aston Villa,Damián Emiliano Martínez,6909,Goalkeeper,1
Aston Villa,Leon Bailey Butler,8214,Right Wing,31
Aston Villa,Moussa Diaby,8292,Center Attacking Midfield,19
Aston Villa,John McGinn,9974,Left Wing,7
Aston Villa,Nicolò Zaniolo,16062,Left Wing,22
Aston Villa,Jhon Jáder Durán Palacio,30976,Left Wing,24
Aston Villa,Kaine Kesler-Hayden,93376,,29
Aston Villa,Tim Iroegbunam,113387,,47
Aston Villa,Finley Munroe,145001,,69
Aston Villa,Omari Kellyman,332163,,71
Brentford,Mathias Jørgensen Jatta,3027,,13
Brentford,Ivan Toney,3834,Center Forward,17
Brentford,Ethan Pinnock,4610,Left Center Back,5
Brentford,Bryan Mbeumo,4935,Right Wing,19
Brentford,Saman Ghoddos,5240,,14
Brentford,Christian Nørgaard,7097,Center Defensive Midfield,6
Brentford,Yoane Wissa,7294,Left Wing,11
Brentford,Thomas Strakosha,7789,,21
Brentford,Kristoffer Vassbakk Ajer,10532,Right Back,20
Brentford,Vitaly Janelt,12074,Left Center Midfield,27
Brentford,Sergio Reguilón Rodríguez,18620,Left Back,12
Brentford,Mathias Jensen,18722,Center Defensive Midfield,8
Brentford,Mads Roerslev,24440,Right Back,30
Brentford,Mikkel Damsgaard,24443,Right Center Midfield,24
Brentford,Nathan Michael Collins,24824,Right Center Back,22
Brentford,Mark Flekken,25000,Goalkeeper,1
Brentford,Keane Lewis-Potter,32928,Left Wing,23
Brentford,Ehor Yarmolyuk,45803,Left Defensive Midfield,33
Brentford,Kevin Schade,58502,Right Center Midfield,9
Brentford,Hákon Rafn Valdimarsson,102369,,31
AFC Bournemouth,Philip Billing,3331,,29
AFC Bournemouth,Dominic Solanke,3614,Center Forward,9
AFC Bournemouth,Lewis Cook,3615,Left Defensive Midfield,4
AFC Bournemouth,Marcus Tavernier,4111,Right Wing,16
AFC Bournemouth,Adam Smith,6409,Right Back,15
AFC Bournemouth,Norberto Murara Neto,6590,,1
AFC Bournemouth,Enes Ünal,6760,Center Attacking Midfield,26
AFC Bournemouth,Justin Kluivert,8063,Center Attacking Midfield,19
AFC Bournemouth,Antoine Semenyo,9286,Right Wing,24
AFC Bournemouth,Lloyd Kelly,9938,Left Back,5
AFC Bournemouth,Ryan Christie,12510,Right Defensive Midfield,10
AFC Bournemouth,Tyler Adams,12751,Right Back,18
AFC Bournemouth,Maximillian James Aarons,16689,,37
AFC Bournemouth,James Hill,24867,,23
AFC Bournemouth,Mark Travers,24937,Goalkeeper,42
AFC Bournemouth,Marcos Senesi,27773,Left Center Back,25
AFC Bournemouth,Illia Zabarnyi,39136,Right Center Back,27
AFC Bournemouth,Alex Scott,91951,Right Defensive Midfield,14
AFC Bournemouth,Dango Aboubacar Faissal Ouattara,95042,Left Wing,11
AFC Bournemouth,Dominic Sadi,304175,,49
Chelsea,Christopher Nkunku,3025,Right Wing,18
Chelsea,Raheem Sterling,3233,Left Wing,7
Chelsea,Thiago Emiliano da Silva,3295,Right Center Back,6
Chelsea,Axel Disasi,7439,,2
Chelsea,Trevoh Chalobah,9026,Right Back,14
Chelsea,Reece James,9550,Left Defensive Midfield,24
Chelsea,Marcus Bettinelli,12258,,13
Chelsea,Marc Cucurella Saseta,17620,Left Back,3
Chelsea,Benoît Badiashile Mukinayi,21368,Left Center Back,5
Chelsea,Conor Gallagher,29399,Left Defensive Midfield,23
Chelsea,Chukwunonso Madueke,31506,Right Wing,11
Chelsea,Đorđe Petrović,32565,Goalkeeper,28
Chelsea,Moisés Isaac Caicedo Corozo,37726,Right Defensive Midfield,25
Chelsea,Levi Colwill,38992,,26
Chelsea,Malo Gusto,39260,Left Center Back,27
Chelsea,Cole Palmer,39461,Center Attacking Midfield,20
Chelsea,Mykhailo Mudryk,39483,Left Wing,10
Chelsea,Cesare Casadei,44736,,31
Chelsea,Lesley Chimuanya Ugochukwu,44738,,16
Chelsea,Nicolas Jackson,50497,Center Forward,15
Nottingham Forest,Ibrahim Sangaré,3017,,6
Nottingham Forest,Moussa Niakhate,3198,Left Center Back,19
Nottingham Forest,Chris Wood,3505,Right Center Forward,11
Nottingham Forest,Cheikhou Kouyaté,3684,,8
Nottingham Forest,Ryan Yates,4239,Right Defensive Midfield,22
Nottingham Forest,Callum Hudson-Odoi,4274,Left Center Forward,14
Nottingham Forest,Divock Okoth Origi,4747,,27
Nottingham Forest,Harry Toffolo,6555,Right Defensive Midfield,15
Nottingham Forest,Willy Boly,9933,Right Center Back,30
Nottingham Forest,Morgan Gibbs-White,9934,Center Attacking Midfield,10
Nottingham Forest,Matz Sels,10479,Goalkeeper,26
Nottingham Forest,Temitayo Olufisayo Olaoluwa Aina,11492,Left Wing Back,43
Nottingham Forest,Matthew Charles Turner,12352,,1
Nottingham Forest,Taiwo Michael Awoniyi,23898,Left Center Back,9
Nottingham Forest,Gonzalo Ariel Montiel,28263,Right Wing Back,29
Nottingham Forest,Nicolás Martín Domínguez,28672,Left Wing,16
Nottingham Forest,Danilo dos Santos de Oliveira,46451,Left Defensive Midfield,28
Nottingham Forest,Anthony Elanga,50991,Right Wing Back,21
Nottingham Forest,Andrew Omobamidele,58467,,32
Nottingham Forest,Murillo Santiago Costa dos Santos,271487,Center Back,40
West Ham United,Aaron Cresswell,3062,Left Center Back,3
West Ham United,Gnaly Maxwell Cornet,3162,,17
West Ham United,Łukasz Fabiański,3262,,1
West Ham United,James Ward-Prowse,3328,Left Defensive Midfield,7
West Ham United,Michail Antonio,3349,Center Forward,9
West Ham United,Alphonse Areola,3379,Goalkeeper,23
West Ham United,Kurt Happy Zouma,3456,Center Back,4
West Ham United,Daniel William John Ings,3654,Left Wing,18
West Ham United,Angelo Obinze Ogbonna,3843,,21
West Ham United,Emerson Palmieri dos Santos,4355,Left Wing Back,33
West Ham United,Konstantinos Mavropanos,4781,Right Center Back,15
West Ham United,Tomáš Souček,4870,Right Defensive Midfield,28
West Ham United,Edson Omar Álvarez Velázquez,5567,Left Wing,19
West Ham United,Vladimír Coufal,16570,Right Wing Back,5
West Ham United,Mohammed Kudus,17033,Right Wing,14
West Ham United,Lucas Tolentino Coelho de Lima,22600,Left Wing,10
West Ham United,Benjamin Johnson,23626,,2
West Ham United,Divin Mubama,141121,,45
West Ham United,George Earthy,141125,Center Forward,40
West Ham United,Kaelan Casey,141126,,42
Manchester City,Kevin De Bruyne,3089,Right Center Midfield,17
Manchester City,Bernardo Mota Veiga de Carvalho e Silva,3193,Right Midfield,20
Manchester City,Kyle Walker,3205,Right Back,2
Manchester City,John Stones,3244,,5
Manchester City,Nathan Aké,3306,Left Center Back,6
Manchester City,Phil Foden,4354,Left Center Midfield,47
Manchester City,Scott Carson,4815,,33
Manchester City,Rúben Santos Gato Alves Dias,5206,Right Center Back,3
Manchester City,Mateo Kovačić,5456,Left Center Midfield,8
Manchester City,Manuel Obafemi Akanji,5549,Left Center Back,25
Manchester City,Rodrigo Hernández Cascante,6765,Center Defensive Midfield,16
Manchester City,Stefan Ortega Moreno,9194,Goalkeeper,18
Manchester City,Jack Grealish,9638,,10
Manchester City,Erling Håland,23616,Center Forward,9
Manchester City,Jeremy Doku,23650,Left Midfield,11
Manchester City,Julián Álvarez,29560,,19
Manchester City,Joško Gvardiol,33018,Left Back,24
Manchester City,Matheus Luiz Nunes,40874,,27
Manchester City,Rico Lewis,48705,,82
Manchester City,Oscar Bobb,104825,,52
Fulham,Willian Borges da Silva,3472,,20
Fulham,Alex Iwobi,3647,Center Attacking Midfield,22
Fulham,Fodé Ballo Touré,3675,Left Back,12
Fulham,Kenny Tete,3798,Right Back,2
Fulham,Marek Rodák,4152,,1
Fulham,Antonee Robinson,4614,Left Back,33
Fulham,Raúl Alonso Jiménez Rodríguez,5568,Center Forward,7
Fulham,Andreas Hoelgebaum Pereira,6846,,18
Fulham,Timothy Castagne,6989,Left Defensive Midfield,21
Fulham,Harry Wilson,9540,Right Wing,8
Fulham,Bobby Armani De Cordova-Reid,9923,Left Wing,14
Fulham,Tom Cairney,10284,Right Defensive Midfield,10
Fulham,Adama Traoré Diarra,11333,Left Wing,11
Fulham,Harrison Reed,11936,Right Defensive Midfield,6
Fulham,João Maria Lobo Alves Palhinha Gonçalves,12169,Left Defensive Midfield,26
Fulham,Bernd Leno,15581,Goalkeeper,17
Fulham,Tim Ream,18242,Right Center Back,13
Fulham,Armando Broja,36885,,9
Fulham,Calvin Bassey Ughelumba,43779,Left Center Back,3
Fulham,Rodrigo Muniz Carvalho,49049,Center Forward,19
Luton Town,Andros Townsend,3297,Right Wing Back,30
Luton Town,Carlton Morris,4220,Right Center Forward,9
Luton Town,Jordan Clark,9442,Right Center Midfield,18
Luton Town,Timothy Michael Krul,9467,,23
Luton Town,Pelly Ruddock Mpanzu,9674,Right Center Midfield,17
Luton Town,Elijah Adebayo,9827,Left Center Forward,11
Luton Town,James Shea,11720,Goalkeeper,1
Luton Town,Fred Onyedinma,13249,,32
Luton Town,Chiedozie Ogbene,13306,Right Wing Back,7
Luton Town,Cauley Woodrow,21090,Left Center Forward,10
Luton Town,Albert-Mboyo Sambi Lokonga,21304,Center Defensive Midfield,28
Luton Town,Luke Berry,22175,,8
Luton Town,Gabriel Osho,22347,Left Center Back,2
Luton Town,Tahith Chong,23636,Left Center Midfield,14
Luton Town,Thomas Kaminski,23741,Goalkeeper,24
Luton Town,Alfie Doughty,33074,Left Wing Back,45
Luton Town,Daiki Hashioka,37249,Right Center Back,27
Luton Town,Teden Mengi,43604,Center Back,15
Luton Town,Joseph Nathan Johnson,393324,Center Back,38
Luton Town,Axel Piesold,426678,,44
Wolverhampton Wanderers,Mario Lemina,3951,Right Defensive Midfield,5
Wolverhampton Wanderers,Daniel Bentley,4773,,25
Wolverhampton Wanderers,Hee-Chan Hwang,5620,Center Forward,11
Wolverhampton Wanderers,Nélson Cabral Semedo,6374,Right Wing Back,22
Wolverhampton Wanderers,Matt Doherty,9925,Center Forward,2
Wolverhampton Wanderers,Rayan Aït Nouri,12111,Left Wing Back,3
Wolverhampton Wanderers,Matheus Santos Carneiro da Cunha,12425,Left Wing,12
Wolverhampton Wanderers,José Pedro Malheiro de Sá,18866,Goalkeeper,1
Wolverhampton Wanderers,Jean-Ricner Bellegarde,19718,Right Wing,27
Wolverhampton Wanderers,Pedro Lomba Neto,23256,Center Forward,7
Wolverhampton Wanderers,Maximilian William Kilman,24940,Center Back,23
Wolverhampton Wanderers,Thomas Doyle,34789,Right Center Back,20
Wolverhampton Wanderers,Santiago Ignacio Bueno Sciutto,41138,Right Center Back,4
Wolverhampton Wanderers,João Victor Gomes da Silva,48720,Left Defensive Midfield,8
Wolverhampton Wanderers,Tote António Gomes,48941,Left Center Back,24
Wolverhampton Wanderers,Boubacar Traore,58878,Right Wing Back,6
Wolverhampton Wanderers,Hugo Bueno,82220,Left Wing Back,17
Wolverhampton Wanderers,Nathan Fraser,133454,,63
Wolverhampton Wanderers,Tawanda Chirewa,142702,,62
Wolverhampton Wanderers,Enso David Gonzalez Medina,312556,,30
Liverpool,Joe Gomez,3495,,2
Liverpool,Mohamed Salah,3531,Right Wing,11
Liverpool,Andrew Robertson,3655,Left Back,26
Liverpool,Trent Alexander-Arnold,3664,Right Back,66
Liverpool,Virgil van Dijk,3669,Left Center Back,4
Liverpool,Alisson Ramsés Becker,5547,Goalkeeper,1
Liverpool,Diogo José Teixeira da Silva,9929,,20
Liverpool,Ibrahima Konaté,11135,,5
Liverpool,Cody Mathès Gakpo,20750,Center Forward,18
Liverpool,Dominik Szoboszlai,21209,Left Wing,8
Liverpool,Ryan Gravenberch,23230,Left Center Midfield,38
Liverpool,Wataru Endo,23721,Center Defensive Midfield,3
Liverpool,Harvey Elliott,24938,Right Center Midfield,19
Liverpool,Luis Fernando Díaz Marulanda,27158,Left Wing,7
Liverpool,Alexis Mac Allister,27886,Left Center Midfield,10
Liverpool,Darwin Gabriel Núñez Ribeiro,32478,Left Wing,9
Liverpool,Curtis Jones,33231,Right Center Midfield,17
Liverpool,Caoimhin Kelleher,34959,,62
Liverpool,Conor Bradley,40209,Right Back,84
Liverpool,Jarell Quansah,40908,Right Center Back,78
Aston Villa,Diego Carlos Santos Silva,3366,Right Center Back,3
Aston Villa,Calum Chambers,3713,Right Defensive Midfield,16
Aston Villa,Ezri Konsa Ngoyo,3822,Right Back,4
Aston Villa,Ollie Watkins,4760,Left Center Forward,11
Aston Villa,Robin Olsen,5622,Goalkeeper,25
Aston Villa,Douglas Luiz Soares de Paulo,6574,Left Defensive Midfield,6
Aston Villa,Clément Lenglet,6826,Left Center Back,17
Aston Villa,Lucas Digne,6849,Left Back,12
Aston Villa,Pau Francisco Torres,6892,,14
Aston Villa,Moussa Diaby,8292,Right Midfield,19
Aston Villa,John McGinn,9974,Left Midfield,7
Aston Villa,Jhon Jáder Durán Palacio,30976,Right Center Forward,24
Aston Villa,Joe Gauci,44158,,18
Aston Villa,Kaine Kesler-Hayden,93376,Right Midfield,29
Aston Villa,Tim Iroegbunam,113387,Right Defensive Midfield,47
Aston Villa,Finley Munroe,145001,Left Midfield,69
Aston Villa,Kadan Young,145004,,72
Aston Villa,Omari Kellyman,332163,Left Center Forward,71
Aston Villa,Lander Emery,425039,,55
Crystal Palace,James Tomkins,3316,Center Back,5
Crystal Palace,Joel Ward,3443,,2
Crystal Palace,Jordan Ayew,3450,Left Attacking Midfield,9
Crystal Palace,Jeffrey Schlupp,3520,,15
Crystal Palace,Jaïro Riedewald,3591,Right Defensive Midfield,44
Crystal Palace,Remi Matthews,4059,,31
Crystal Palace,Dean Henderson,4073,Goalkeeper,30
Crystal Palace,Nathaniel Edwin Clyne,4590,Right Center Back,17
Crystal Palace,Jefferson Andrés Lerma Solís,5678,Left Defensive Midfield,8
Crystal Palace,Jean-Philippe Mateta,7403,Center Forward,14
Crystal Palace,Joachim Andersen,8247,Center Back,16
Crystal Palace,Eberechi Eze,9000,Left Attacking Midfield,10
Crystal Palace,Odsonne Édouard,10544,Center Forward,22
Crystal Palace,Michael Olise,24215,Right Attacking Midfield,7
Crystal Palace,Daniel Muñoz Mejía,27423,Right Wing Back,12
Crystal Palace,Marc Guehi,34526,Left Defensive Midfield,6
Crystal Palace,Chris Richards,41266,Left Center Back,26
Crystal Palace,Tyrick Mitchell,41437,Left Wing Back,3
Crystal Palace,Adam Wharton,77723,Right Defensive Midfield,20
Crystal Palace,David Ozoh,138813,,52
AFC Bournemouth,Philip Billing,3331,Center Attacking Midfield,29
AFC Bournemouth,Dominic Solanke,3614,Center Attacking Midfield,9
AFC Bournemouth,Lewis Cook,3615,Right Defensive Midfield,4
AFC Bournemouth,Marcus Tavernier,4111,Left Wing,16
AFC Bournemouth,Adam Smith,6409,,15
AFC Bournemouth,Norberto Murara Neto,6590,Goalkeeper,1
AFC Bournemouth,Enes Ünal,6760,Center Forward,26
AFC Bournemouth,Justin Kluivert,8063,Center Attacking Midfield,19
AFC Bournemouth,Antoine Semenyo,9286,Right Wing,24
AFC Bournemouth,Lloyd Kelly,9938,Left Center Back,5
AFC Bournemouth,Ryan Christie,12510,Left Defensive Midfield,10
AFC Bournemouth,Maximillian James Aarons,16689,Right Back,37
AFC Bournemouth,Romain Faivre,22319,,8
AFC Bournemouth,James Hill,24867,,23
AFC Bournemouth,Mark Travers,24937,,42
AFC Bournemouth,Marcos Senesi,27773,Left Center Back,25
AFC Bournemouth,Illia Zabarnyi,39136,Right Center Back,27
AFC Bournemouth,Milos Kerkez,89635,Left Back,3
AFC Bournemouth,Alex Scott,91951,Right Back,14
AFC Bournemouth,Dango Aboubacar Faissal Ouattara,95042,Right Wing,11
Chelsea,Christopher Nkunku,3025,Left Wing,18
Chelsea,Raheem Sterling,3233,Left Wing,7
Chelsea,Thiago Emiliano da Silva,3295,Right Center Back,6
Chelsea,Axel Disasi,7439,,2
Chelsea,Trevoh Chalobah,9026,Right Back,14
Chelsea,Marcus Bettinelli,12258,,13
Chelsea,Marc Cucurella Saseta,17620,Left Back,3
Chelsea,Benoît Badiashile Mukinayi,21368,Left Center Back,5
Chelsea,Conor Gallagher,29399,Left Defensive Midfield,23
Chelsea,Chukwunonso Madueke,31506,Right Wing,11
Chelsea,Đorđe Petrović,32565,Goalkeeper,28
Chelsea,Moisés Isaac Caicedo Corozo,37726,Right Defensive Midfield,25
Chelsea,Levi Colwill,38992,,26
Chelsea,Malo Gusto,39260,Right Wing,27
Chelsea,Cole Palmer,39461,Center Attacking Midfield,20
Chelsea,Cesare Casadei,44736,Center Attacking Midfield,31
Chelsea,Lesley Chimuanya Ugochukwu,44738,Right Defensive Midfield,16
Chelsea,Nicolas Jackson,50497,Center Forward,15
Chelsea,Carney Chukwuemeka,89986,,17
Chelsea,Alfie Gilchrist,109640,,42
Nottingham Forest,Ibrahim Sangaré,3017,Right Defensive Midfield,6
Nottingham Forest,Moussa Niakhate,3198,Left Defensive Midfield,19
Nottingham Forest,Chris Wood,3505,Center Forward,11
Nottingham Forest,Cheikhou Kouyaté,3684,Right Wing,8
Nottingham Forest,Ryan Yates,4239,Right Defensive Midfield,22
Nottingham Forest,Callum Hudson-Odoi,4274,Left Wing,14
Nottingham Forest,Divock Okoth Origi,4747,,27
Nottingham Forest,Harry Toffolo,6555,Left Back,15
Nottingham Forest,Willy Boly,9933,Right Center Back,30
Nottingham Forest,Morgan Gibbs-White,9934,Center Attacking Midfield,10
Nottingham Forest,Matz Sels,10479,Goalkeeper,26
Nottingham Forest,Matthew Charles Turner,12352,,1
Nottingham Forest,Taiwo Michael Awoniyi,23898,Center Forward,9
Nottingham Forest,Gonzalo Ariel Montiel,28263,Right Back,29
Nottingham Forest,Giovanni Reyna,34339,,20
Nottingham Forest,Danilo dos Santos de Oliveira,46451,Left Defensive Midfield,28
Nottingham Forest,Anthony Elanga,50991,Right Wing,21
Nottingham Forest,Andrew Omobamidele,58467,,32
Nottingham Forest,Rodrigo Duarte Ribeiro,149579,Left Wing,37
Nottingham Forest,Murillo Santiago Costa dos Santos,271487,Left Center Back,40
Burnley,Jack Frank Porteous Cork,3462,Right Defensive Midfield,4
Burnley,Charles James Taylor,3627,Left Back,3
Burnley,Jay Rodriguez,3685,Right Center Forward,9
Burnley,Johann Berg Guðmunds­son,3720,Left Midfield,7
Burnley,Josh Cullen,4837,Right Defensive Midfield,24
Burnley,Jacob Bruun Larsen,8961,Left Midfield,34
Burnley,Joshua Brownhill,9607,Left Back,8
Burnley,Arijanet Murić,16234,Goalkeeper,49
Burnley,Sander Berge,16553,Left Defensive Midfield,16
Burnley,Dara Joseph O'Shea,18753,Right Center Back,2
Burnley,Han-Noah Massengo,21199,,42
Burnley,Victor Alexander da Silva,24016,Right Back,22
Burnley,Lyle Foster,29840,Right Center Forward,17
Burnley,Lorenz Assignon,39245,Right Back,20
Burnley,Hjalmar Ekdal,41208,,18
Burnley,James Trafford,42298,,1
Burnley,Mohamed Zeki Amdouni,48335,Left Center Forward,25
Burnley,David Datro Fofana,89326,,23
Burnley,Maxime Esteve,112254,Left Center Back,33
Burnley,Wilson Odobert,151924,Right Midfield,47
Manchester United,Christian Dannemann Eriksen,3043,Right Defensive Midfield,14
Manchester United,Marcus Rashford,3318,Right Midfield,10
Manchester United,Scott McTominay,3620,Right Center Forward,39
Manchester United,Aaron Wan-Bissaka,3690,Right Back,29
Manchester United,Bruno Miguel Borges Fernandes,5204,Left Center Forward,8
Manchester United,Sofyan Amrabat,5234,Right Defensive Midfield,4
Manchester United,Raphaël Varane,5485,Right Defensive Midfield,19
Manchester United,Carlos Henrique Casimiro,5539,Right Center Back,18
Manchester United,André Onana,8064,Goalkeeper,24
Manchester United,Jonathan Grant Evans,11012,Left Center Back,35
Manchester United,José Diogo Dalot Teixeira,16028,Left Back,20
Manchester United,Antony Matheus dos Santos,25363,,21
Manchester United,Lisandro Martínez,27768,Left Center Back,6
Manchester United,Altay Bayındır,30442,,1
Manchester United,Amad Diallo Traoré,32784,Right Midfield,16
Manchester United,Rasmus Winther Højlund,51672,Left Center Forward,11
Manchester United,Alejandro Garnacho Ferreyra,52129,Left Midfield,17
Manchester United,Kobbie Mainoo,99174,Left Defensive Midfield,37
Manchester United,Willy Kambwala Ndengushi,144086,,53
Manchester United,Tobias Christopher Collyer,241998,,65
Brighton & Hove Albion,Pascal Groß,3097,Left Defensive Midfield,13
Brighton & Hove Albion,Daniel Nii Tackie Mensah Welbeck,3569,Center Forward,18
Brighton & Hove Albion,Adam David Lallana,4090,Center Attacking Midfield,14
Brighton & Hove Albion,Adam Webster,9601,Right Center Back,4
Brighton & Hove Albion,Igor Julio dos Santos de Paulo,9741,Left Center Back,3
Brighton & Hove Albion,João Pedro Junqueira de Jesus,25299,Left Wing,9
Brighton & Hove Albion,Jakub Moder,29480,Right Back,15
Brighton & Hove Albion,Anssumane Fati,30756,Right Wing,31
Brighton & Hove Albion,Billy Gilmour,31067,Right Defensive Midfield,11
Brighton & Hove Albion,Tariq Lamptey,33602,Left Back,2
Brighton & Hove Albion,Bart Verbruggen,37274,,1
Brighton & Hove Albion,Julio César Enciso Espínola,47112,Center Attacking Midfield,10
Brighton & Hove Albion,Jason Steele,47553,Goalkeeper,23
Brighton & Hove Albion,Simon Adingra,105392,Right Wing,24
Brighton & Hove Albion,Valentín Barco,130655,Left Back,19
Brighton & Hove Albion,Odeluga Offiah,134392,,42
Brighton & Hove Albion,Cameron Peupion,134921,,44
Brighton & Hove Albion,Benicio Baker-Boaitey,137622,,47
Brighton & Hove Albion,Facundo Valentín Buonanotte,196954,,40
Brighton & Hove Albion,Carlos Baleba,226169,Right Defensive Midfield,20
Newcastle United,Matt Ritchie,3049,,11
Newcastle United,Paul Dummett,3065,Center Back,3
Newcastle United,Jacob Murphy,3273,Right Wing,23
Newcastle United,Kieran Trippier,3308,Left Center Midfield,2
Newcastle United,Nick Pope,3474,Goalkeeper,22
Newcastle United,Callum Wilson,3616,Center Forward,9
Newcastle United,Martin Dúbravka,3711,,1
Newcastle United,Dan Burn,3864,Left Center Back,33
Newcastle United,Sean Longstaff,4031,Right Center Midfield,36
Newcastle United,Harvey Lewis Barnes,4718,Left Wing,15
Newcastle United,Fabian Lukas Schär,5537,Right Center Back,5
Newcastle United,Emil Krafth,6358,Right Back,17
Newcastle United,Alexander Isak,8819,Center Forward,14
Newcastle United,Miguel Ángel Almirón Rejala,12603,Right Wing,24
Newcastle United,Joelinton Cassio Apolinário de Lira,13291,Left Center Midfield,7
Newcastle United,Bruno Guimarães Rodriguez Moura,25142,Center Defensive Midfield,39
Newcastle United,Joe White,29381,,40
Newcastle United,Elliot Anderson,49702,Left Wing,32
Newcastle United,Lewis Hall,134092,Left Back,20
Newcastle United,Alex Murphy,406072,,54
Brentford,Mathias Jørgensen Jatta,3027,Right Center Back,13
Brentford,Ivan Toney,3834,Center Forward,17
Brentford,Ethan Pinnock,4610,Left Center Back,5
Brentford,Neal Maupay,4766,Left Back,7
Brentford,Bryan Mbeumo,4935,Right Wing,19
Brentford,Saman Ghoddos,5240,Right Back,14
Brentford,Christian Nørgaard,7097,Center Defensive Midfield,6
Brentford,Yoane Wissa,7294,Left Wing,11
Brentford,Vitaly Janelt,12074,Left Center Midfield,27
Brentford,Sergio Reguilón Rodríguez,18620,Left Back,12
Brentford,Mathias Jensen,18722,Right Center Midfield,8
Brentford,Mads Roerslev,24440,Right Back,30
Brentford,Mikkel Damsgaard,24443,Right Center Midfield,24
Brentford,Mark Flekken,25000,Goalkeeper,1
Brentford,Keane Lewis-Potter,32928,,23
Brentford,Ehor Yarmolyuk,45803,Left Attacking Midfield,33
Brentford,Kevin Schade,58502,Right Center Midfield,9
Brentford,Hákon Rafn Valdimarsson,102369,,31
Brentford,Ryan Trevitt,304184,,32
Brentford,Yunus Emre Konak,405335,,52
Everton,Abdoulaye Doucouré,3292,Right Center Midfield,16
Everton,Idrissa Gana Gueye,3436,Center Defensive Midfield,27
Everton,Michael Keane,3438,,5
Everton,Jordan Pickford,3468,Goalkeeper,1
Everton,Dominic Calvert-Lewin,3470,Center Forward,9
Everton,Ashley Young,3612,Left Back,18
Everton,James Tarkowski,3628,Right Center Back,6
Everton,Ben Godfrey,4076,,22
Everton,Séamus Coleman,4589,Right Back,23
Everton,Dwight McNeil,5111,Left Midfield,7
Everton,James Garner,23625,Right Midfield,37
Everton,João Manuel Neves Virginia,29378,,12
Everton,Norberto Bercique Gomes Betuncal,30006,Right Center Midfield,14
Everton,Jarrad Branthwaite,32762,Left Center Back,32
Everton,Billy Crellin,32936,,43
Everton,Lewis Warrington,47257,,51
Everton,Amadou Onana,48347,Left Center Midfield,8
Everton,Mackenzie Hunt,49671,,58
Everton,Lewis Norman Dobbin,50505,,61
Everton,Youssef Ramalho Chermiti,149581,Center Forward,28
Arsenal,Gabriel Fernando de Jesus,3202,Left Wing,9
Arsenal,Oleksandr Zinchenko,3575,Left Back,35
Arsenal,Edward Nketiah,3737,,14
Arsenal,Declan Rice,3943,Left Defensive Midfield,41
Arsenal,David Raya Martin,4127,Goalkeeper,22
Arsenal,Thomas Teye Partey,6383,Right Defensive Midfield,5
Arsenal,Gabriel dos Santos Magalhães,6406,Left Center Back,6
Arsenal,Jorge Luiz Frello Filho,7024,,20
Arsenal,Martin Ødegaard,8252,Center Attacking Midfield,8
Arsenal,Kai Havertz,8966,Center Forward,29
Arsenal,Leandro Trossard,16559,Left Wing,19
Arsenal,Emile Smith Rowe,16591,Left Center Midfield,10
Arsenal,William Saliba,17592,Right Center Back,2
Arsenal,Jurriën David Norman Timber,21809,Right Back,12
Arsenal,Aaron Ramsdale,22783,,1
Arsenal,Ben White,22809,Right Back,4
Arsenal,Takehiro Tomiyasu,23730,Left Back,18
Arsenal,Gabriel Teodoro Martinelli Silva,29976,Right Wing,11
Arsenal,Fabio Daniel Ferreira Vieira,39162,,21
Arsenal,Jakub Piotr Kiwior,44166,,15
Tottenham Hotspur,Heung-Min Son,3083,Left Wing,7
Tottenham Hotspur,Pierre-Emile Højbjerg,3570,Left Defensive Midfield,5
Tottenham Hotspur,Rodrigo Bentancur Colmán,5260,Left Defensive Midfield,30
Tottenham Hotspur,James Maddison,9905,Center Attacking Midfield,10
Tottenham Hotspur,Pedro Antonio Porro Sauceda,11292,Right Back,23
Tottenham Hotspur,Cristian Gabriel Romero,20572,Right Center Back,17
Tottenham Hotspur,Oliver Skipp,22145,Right Defensive Midfield,4
Tottenham Hotspur,Bryan Gil Salvatierra,22418,,11
Tottenham Hotspur,Dejan Kulusevski,22818,Center Forward,21
Tottenham Hotspur,Emerson Aparecido Leite de Souza Junior,23522,Right Back,12
Tottenham Hotspur,Brennan Johnson,29377,Right Wing,22
Tottenham Hotspur,Guglielmo Vicario,31225,Goalkeeper,13
Tottenham Hotspur,Micky van de Ven,32547,Left Back,37
Tottenham Hotspur,Radu Drăgușin,39615,Left Center Back,6
Tottenham Hotspur,Dane Scarlett,41599,Left Wing,44
Tottenham Hotspur,Alfie Whiteman,48122,,41
Tottenham Hotspur,Brandon Austin,48123,,40
Tottenham Hotspur,Pape Matar Sarr,50498,Right Defensive Midfield,29
Tottenham Hotspur,Jamie Donley,133202,,63
Tottenham Hotspur,Mikey Moore,298315,Center Attacking Midfield,59
Sheffield United,Oliver McBurnie,3332,,9
Sheffield United,Mason Holgate,3640,Left Wing Back,30
Sheffield United,Max Lowe,4226,Left Wing Back,3
Sheffield United,Adam Davies,4584,,1
Sheffield United,Ben Osborn,4732,Left Center Midfield,23
Sheffield United,Ben Brereton Díaz,4735,Left Center Forward,11
Sheffield United,Jack Robinson,10485,Left Center Back,19
Sheffield United,Jayden Bogle,11896,Right Wing Back,20
Sheffield United,Auston Trusty,12359,Center Back,5
Sheffield United,Gustavo Hamer,15304,Right Center Midfield,8
Sheffield United,Wesley Foderingham,21018,Goalkeeper,18
Sheffield United,Anel Ahmedhodžić,27652,Right Center Back,15
Sheffield United,Vinicius de Souza Costa,32587,Left Center Midfield,21
Sheffield United,Rhian Brewster,34206,Right Center Forward,7
Sheffield United,Yasser Larouci,34793,,27
Sheffield United,James McAtee,49667,,28
Sheffield United,Cameron Archer,50563,Right Center Forward,10
Sheffield United,Daniel Jebbison,116586,Left Center Forward,36
Sheffield United,Andre Brooks,153124,Center Defensive Midfield,35
Sheffield United,Oliver Luke Arblaster,214746,Center Defensive Midfield,24
Luton Town,Andros Townsend,3297,Right Attacking Midfield,30
Luton Town,Carlton Morris,4220,Center Forward,9
Luton Town,Ross Barkley,4275,Left Defensive Midfield,6
Luton Town,Reece Burke,4605,Right Center Back,16
Luton Town,Jordan Clark,9442,Right Defensive Midfield,18
Luton Town,Timothy Michael Krul,9467,,23
Luton Town,Pelly Ruddock Mpanzu,9674,Left Center Back,17
Luton Town,James Shea,11720,,1
Luton Town,Chiedozie Ogbene,13306,Right Attacking Midfield,7
Luton Town,Cauley Woodrow,21090,Left Attacking Midfield,10
Luton Town,Luke Berry,22175,Left Defensive Midfield,8
Luton Town,Tahith Chong,23636,Left Attacking Midfield,14
Luton Town,Thomas Kaminski,23741,Goalkeeper,24
Luton Town,Alfie Doughty,33074,Left Wing Back,45
Luton Town,Issa Kabore,35471,Right Wing Back,12
Luton Town,Daiki Hashioka,37249,Left Center Back,27
Luton Town,Teden Mengi,43604,Center Back,15
Luton Town,Zack Nelson,332827,,43
Luton Town,Axel Piesold,426678,,44
Luton Town,Dominic dos Santos Martins,428276,,48
AFC Bournemouth,Philip Billing,3331,Left Center Forward,29
AFC Bournemouth,Dominic Solanke,3614,Center Forward,9
AFC Bournemouth,Lewis Cook,3615,Right Defensive Midfield,4
AFC Bournemouth,Marcus Tavernier,4111,Left Midfield,16
AFC Bournemouth,Chris Mepham,4767,Right Center Back,6
AFC Bournemouth,Adam Smith,6409,Right Back,15
AFC Bournemouth,Norberto Murara Neto,6590,Goalkeeper,1
AFC Bournemouth,Enes Ünal,6760,Right Center Forward,26
AFC Bournemouth,Justin Kluivert,8063,,19
AFC Bournemouth,Antoine Semenyo,9286,Right Wing,24
AFC Bournemouth,Ryan Christie,12510,Left Defensive Midfield,10
AFC Bournemouth,Tyler Adams,12751,Right Defensive Midfield,18
AFC Bournemouth,Luis Fernando Sinisterra Lucumí,16184,Left Wing,17
AFC Bournemouth,Romain Faivre,22319,,8
AFC Bournemouth,James Hill,24867,Right Back,23
AFC Bournemouth,Mark Travers,24937,,42
AFC Bournemouth,Illia Zabarnyi,39136,Left Center Back,27
AFC Bournemouth,Milos Kerkez,89635,,3
AFC Bournemouth,Alex Scott,91951,Center Attacking Midfield,14
AFC Bournemouth,Dango Aboubacar Faissal Ouattara,95042,Left Back,11
